State_UT,Boundary_STATE,Year,Month,Monthly_Rainfall_mm,Mean_Tmax_C,Mean_Tmin_C,Valid_Days,Rain_Days_OK,Coverage_Status,Aggregation_Method,Source
Dadra & Nagar Haveli and Daman & Diu,DADRA & NAGAR HAVELI & DAMAN & DIU,2018,1,0.0,30.32,15.4,31,1,VERIFIED,area-weighted state mean (LCC m2 weights),IMD RF25/TMAX1/TMIN1
Dadra & Nagar Haveli and Daman & Diu,DADRA & NAGAR HAVELI & DAMAN & DIU,2018,2,0.0,32.42,17.48,28,1,VERIFIED,area-weighted state mean (LCC m2 weights),IMD RF25/TMAX1/TMIN1
Dadra & Nagar Haveli and Daman & Diu,DADRA & NAGAR HAVELI & DAMAN & DIU,2018,3,0.0,35.24,20.85,31,1,VERIFIED,area-weighted state mean (LCC m2 weights),IMD RF25/TMAX1/TMIN1
Dadra & Nagar Haveli and Daman & Diu,DADRA & NAGAR HAVELI & DAMAN & DIU,2018,4,0.0,37.09,23.73,30,1,VERIFIED,area-weighted state mean (LCC m2 weights),IMD RF25/TMAX1/TMIN1
Dadra & Nagar Haveli and Daman & Diu,DADRA & NAGAR HAVELI & DAMAN & DIU,2018,5,0.0,37.95,26.29,31,1,VERIFIED,area-weighted state mean (LCC m2 weights),IMD RF25/TMAX1/TMIN1
Dadra & Nagar Haveli and Daman & Diu,DADRA & NAGAR HAVELI & DAMAN & DIU,2018,6,393.3,34.49,26.33,30,1,VERIFIED,area-weighted state mean (LCC m2 weights),IMD RF25/TMAX1/TMIN1
Dadra & Nagar Haveli and Daman & Diu,DADRA & NAGAR HAVELI & DAMAN & DIU,2018,7,1335.3,29.6,24.62,31,1,VERIFIED,area-weighted state mean (LCC m2 weights),IMD RF25/TMAX1/TMIN1
Dadra & Nagar Haveli and Daman & Diu,DADRA & NAGAR HAVELI & DAMAN & DIU,2018,8,405.3,29.81,24.25,31,1,VERIFIED,area-weighted state mean (LCC m2 weights),IMD RF25/TMAX1/TMIN1
Dadra & Nagar Haveli and Daman & Diu,DADRA & NAGAR HAVELI & DAMAN & DIU,2018,9,63.1,31.94,23.2,30,1,VERIFIED,area-weighted state mean (LCC m2 weights),IMD RF25/TMAX1/TMIN1
Dadra & Nagar Haveli and Daman & Diu,DADRA & NAGAR HAVELI & DAMAN & DIU,2018,10,5.6,35.86,22.59,31,1,VERIFIED,area-weighted state mean (LCC m2 weights),IMD RF25/TMAX1/TMIN1
Dadra & Nagar Haveli and Daman & Diu,DADRA & NAGAR HAVELI & DAMAN & DIU,2018,11,0.0,34.17,19.67,30,1,VERIFIED,area-weighted state mean (LCC m2 weights),IMD RF25/TMAX1/TMIN1
Dadra & Nagar Haveli and Daman & Diu,DADRA & NAGAR HAVELI & DAMAN & DIU,2018,12,0.0,30.09,15.35,31,1,VERIFIED,area-weighted state mean (LCC m2 weights),IMD RF25/TMAX1/TMIN1
Jammu & Kashmir,JAMMU AND KASHMIR,2018,1,5.0,14.0,0.69,31,1,VERIFIED,area-weighted state mean (LCC m2 weights),IMD RF25/TMAX1/TMIN1
Jammu & Kashmir,JAMMU AND KASHMIR,2018,2,76.2,16.29,3.55,28,1,VERIFIED,area-weighted state mean (LCC m2 weights),IMD RF25/TMAX1/TMIN1
Jammu & Kashmir,JAMMU AND KASHMIR,2018,3,66.1,21.75,8.11,31,1,VERIFIED,area-weighted state mean (LCC m2 weights),IMD RF25/TMAX1/TMIN1
Jammu & Kashmir,JAMMU AND KASHMIR,2018,4,128.6,25.94,11.84,30,1,VERIFIED,area-weighted state mean (LCC m2 weights),IMD RF25/TMAX1/TMIN1
Jammu & Kashmir,JAMMU AND KASHMIR,2018,5,65.4,29.54,15.29,31,1,VERIFIED,area-weighted state mean (LCC m2 weights),IMD RF25/TMAX1/TMIN1
Jammu & Kashmir,JAMMU AND KASHMIR,2018,6,119.9,30.98,18.68,30,1,VERIFIED,area-weighted state mean (LCC m2 weights),IMD RF25/TMAX1/TMIN1
Jammu & Kashmir,JAMMU AND KASHMIR,2018,7,175.6,29.8,20.25,31,1,VERIFIED,area-weighted state mean (LCC m2 weights),IMD RF25/TMAX1/TMIN1
Jammu & Kashmir,JAMMU AND KASHMIR,2018,8,179.0,30.04,19.96,31,1,VERIFIED,area-weighted state mean (LCC m2 weights),IMD RF25/TMAX1/TMIN1
Jammu & Kashmir,JAMMU AND KASHMIR,2018,9,110.1,28.28,16.18,30,1,VERIFIED,area-weighted state mean (LCC m2 weights),IMD RF25/TMAX1/TMIN1
Jammu & Kashmir,JAMMU AND KASHMIR,2018,10,26.3,24.61,9.39,31,1,VERIFIED,area-weighted state mean (LCC m2 weights),IMD RF25/TMAX1/TMIN1
Jammu & Kashmir,JAMMU AND KASHMIR,2018,11,90.9,18.93,5.62,30,1,VERIFIED,area-weighted state mean (LCC m2 weights),IMD RF25/TMAX1/TMIN1
Jammu & Kashmir,JAMMU AND KASHMIR,2018,12,27.0,13.76,0.95,31,1,VERIFIED,area-weighted state mean (LCC m2 weights),IMD RF25/TMAX1/TMIN1
Ladakh,LADAKH,2018,1,1.8,12.6,-1.13,31,1,VERIFIED,area-weighted state mean (LCC m2 weights),IMD RF25/TMAX1/TMIN1
Ladakh,LADAKH,2018,2,16.6,14.42,1.68,28,1,VERIFIED,area-weighted state mean (LCC m2 weights),IMD RF25/TMAX1/TMIN1
Ladakh,LADAKH,2018,3,29.6,19.85,6.19,31,1,VERIFIED,area-weighted state mean (LCC m2 weights),IMD RF25/TMAX1/TMIN1
Ladakh,LADAKH,2018,4,49.0,23.67,9.63,30,1,VERIFIED,area-weighted state mean (LCC m2 weights),IMD RF25/TMAX1/TMIN1
Ladakh,LADAKH,2018,5,27.4,27.01,12.8,31,1,VERIFIED,area-weighted state mean (LCC m2 weights),IMD RF25/TMAX1/TMIN1
Ladakh,LADAKH,2018,6,25.9,28.82,16.59,30,1,VERIFIED,area-weighted state mean (LCC m2 weights),IMD RF25/TMAX1/TMIN1
Ladakh,LADAKH,2018,7,70.2,28.3,18.51,31,1,VERIFIED,area-weighted state mean (LCC m2 weights),IMD RF25/TMAX1/TMIN1
Ladakh,LADAKH,2018,8,37.1,28.74,18.31,31,1,VERIFIED,area-weighted state mean (LCC m2 weights),IMD RF25/TMAX1/TMIN1
Ladakh,LADAKH,2018,9,35.2,26.73,14.15,30,1,VERIFIED,area-weighted state mean (LCC m2 weights),IMD RF25/TMAX1/TMIN1
Ladakh,LADAKH,2018,10,13.2,22.6,7.09,31,1,VERIFIED,area-weighted state mean (LCC m2 weights),IMD RF25/TMAX1/TMIN1
Ladakh,LADAKH,2018,11,29.9,16.96,3.68,30,1,VERIFIED,area-weighted state mean (LCC m2 weights),IMD RF25/TMAX1/TMIN1
Ladakh,LADAKH,2018,12,4.4,12.09,-0.86,31,1,VERIFIED,area-weighted state mean (LCC m2 weights),IMD RF25/TMAX1/TMIN1
Himachal Pradesh,HIMACHAL PRADESH,2018,1,9.3,16.83,3.46,31,1,VERIFIED,area-weighted state mean (LCC m2 weights),IMD RF25/TMAX1/TMIN1
Himachal Pradesh,HIMACHAL PRADESH,2018,2,45.7,19.59,6.17,28,1,VERIFIED,area-weighted state mean (LCC m2 weights),IMD RF25/TMAX1/TMIN1
Himachal Pradesh,HIMACHAL PRADESH,2018,3,47.3,25.0,10.33,31,1,VERIFIED,area-weighted state mean (LCC m2 weights),IMD RF25/TMAX1/TMIN1
Himachal Pradesh,HIMACHAL PRADESH,2018,4,60.6,29.17,14.15,30,1,VERIFIED,area-weighted state mean (LCC m2 weights),IMD RF25/TMAX1/TMIN1
Himachal Pradesh,HIMACHAL PRADESH,2018,5,47.0,32.41,17.59,31,1,VERIFIED,area-weighted state mean (LCC m2 weights),IMD RF25/TMAX1/TMIN1
Himachal Pradesh,HIMACHAL PRADESH,2018,6,110.0,32.09,20.63,30,1,VERIFIED,area-weighted state mean (LCC m2 weights),IMD RF25/TMAX1/TMIN1
Himachal Pradesh,HIMACHAL PRADESH,2018,7,249.7,29.83,21.29,31,1,VERIFIED,area-weighted state mean (LCC m2 weights),IMD RF25/TMAX1/TMIN1
Himachal Pradesh,HIMACHAL PRADESH,2018,8,266.0,29.45,21.09,31,1,VERIFIED,area-weighted state mean (LCC m2 weights),IMD RF25/TMAX1/TMIN1
Himachal Pradesh,HIMACHAL PRADESH,2018,9,242.8,28.37,18.24,30,1,VERIFIED,area-weighted state mean (LCC m2 weights),IMD RF25/TMAX1/TMIN1
Himachal Pradesh,HIMACHAL PRADESH,2018,10,7.5,26.62,12.0,31,1,VERIFIED,area-weighted state mean (LCC m2 weights),IMD RF25/TMAX1/TMIN1
Himachal Pradesh,HIMACHAL PRADESH,2018,11,47.0,21.84,8.21,30,1,VERIFIED,area-weighted state mean (LCC m2 weights),IMD RF25/TMAX1/TMIN1
Himachal Pradesh,HIMACHAL PRADESH,2018,12,9.7,17.12,3.48,31,1,VERIFIED,area-weighted state mean (LCC m2 weights),IMD RF25/TMAX1/TMIN1
Arunachal Pradesh,ARUNACHAL PRADESH,2018,1,31.5,24.09,10.45,31,1,VERIFIED,area-weighted state mean (LCC m2 weights),IMD RF25/TMAX1/TMIN1
Arunachal Pradesh,ARUNACHAL PRADESH,2018,2,62.5,25.63,13.1,28,1,VERIFIED,area-weighted state mean (LCC m2 weights),IMD RF25/TMAX1/TMIN1
Arunachal Pradesh,ARUNACHAL PRADESH,2018,3,170.1,28.58,16.32,31,1,VERIFIED,area-weighted state mean (LCC m2 weights),IMD RF25/TMAX1/TMIN1
Arunachal Pradesh,ARUNACHAL PRADESH,2018,4,193.3,29.85,19.47,30,1,VERIFIED,area-weighted state mean (LCC m2 weights),IMD RF25/TMAX1/TMIN1
Arunachal Pradesh,ARUNACHAL PRADESH,2018,5,280.2,30.72,21.71,31,1,VERIFIED,area-weighted state mean (LCC m2 weights),IMD RF25/TMAX1/TMIN1
Arunachal Pradesh,ARUNACHAL PRADESH,2018,6,426.1,32.55,24.66,30,1,VERIFIED,area-weighted state mean (LCC m2 weights),IMD RF25/TMAX1/TMIN1
Arunachal Pradesh,ARUNACHAL PRADESH,2018,7,395.6,32.77,25.25,31,1,VERIFIED,area-weighted state mean (LCC m2 weights),IMD RF25/TMAX1/TMIN1
Arunachal Pradesh,ARUNACHAL PRADESH,2018,8,243.9,33.5,25.28,31,1,VERIFIED,area-weighted state mean (LCC m2 weights),IMD RF25/TMAX1/TMIN1
Arunachal Pradesh,ARUNACHAL PRADESH,2018,9,316.5,32.37,24.36,30,1,VERIFIED,area-weighted state mean (LCC m2 weights),IMD RF25/TMAX1/TMIN1
Arunachal Pradesh,ARUNACHAL PRADESH,2018,10,68.4,30.44,20.04,31,1,VERIFIED,area-weighted state mean (LCC m2 weights),IMD RF25/TMAX1/TMIN1
Arunachal Pradesh,ARUNACHAL PRADESH,2018,11,73.1,27.51,14.76,30,1,VERIFIED,area-weighted state mean (LCC m2 weights),IMD RF25/TMAX1/TMIN1
Arunachal Pradesh,ARUNACHAL PRADESH,2018,12,25.7,25.37,11.16,31,1,VERIFIED,area-weighted state mean (LCC m2 weights),IMD RF25/TMAX1/TMIN1
Assam,ASSAM,2018,1,8.1,22.78,9.43,31,1,VERIFIED,area-weighted state mean (LCC m2 weights),IMD RF25/TMAX1/TMIN1
Assam,ASSAM,2018,2,18.5,25.27,12.31,28,1,VERIFIED,area-weighted state mean (LCC m2 weights),IMD RF25/TMAX1/TMIN1
Assam,ASSAM,2018,3,87.6,28.51,15.96,31,1,VERIFIED,area-weighted state mean (LCC m2 weights),IMD RF25/TMAX1/TMIN1
Assam,ASSAM,2018,4,130.9,29.28,18.93,30,1,VERIFIED,area-weighted state mean (LCC m2 weights),IMD RF25/TMAX1/TMIN1
Assam,ASSAM,2018,5,241.7,29.83,21.02,31,1,VERIFIED,area-weighted state mean (LCC m2 weights),IMD RF25/TMAX1/TMIN1
Assam,ASSAM,2018,6,360.3,31.76,23.99,30,1,VERIFIED,area-weighted state mean (LCC m2 weights),IMD RF25/TMAX1/TMIN1
Assam,ASSAM,2018,7,325.1,32.06,24.65,31,1,VERIFIED,area-weighted state mean (LCC m2 weights),IMD RF25/TMAX1/TMIN1
Assam,ASSAM,2018,8,270.1,32.59,24.6,31,1,VERIFIED,area-weighted state mean (LCC m2 weights),IMD RF25/TMAX1/TMIN1
Assam,ASSAM,2018,9,279.3,31.76,23.73,30,1,VERIFIED,area-weighted state mean (LCC m2 weights),IMD RF25/TMAX1/TMIN1
Assam,ASSAM,2018,10,49.5,29.68,19.45,31,1,VERIFIED,area-weighted state mean (LCC m2 weights),IMD RF25/TMAX1/TMIN1
Assam,ASSAM,2018,11,20.1,27.01,14.4,30,1,VERIFIED,area-weighted state mean (LCC m2 weights),IMD RF25/TMAX1/TMIN1
Assam,ASSAM,2018,12,28.8,24.48,10.71,31,1,VERIFIED,area-weighted state mean (LCC m2 weights),IMD RF25/TMAX1/TMIN1
Manipur,MANIPUR,2018,1,3.7,23.09,9.42,31,1,VERIFIED,area-weighted state mean (LCC m2 weights),IMD RF25/TMAX1/TMIN1
Manipur,MANIPUR,2018,2,6.5,25.59,12.31,28,1,VERIFIED,area-weighted state mean (LCC m2 weights),IMD RF25/TMAX1/TMIN1
Manipur,MANIPUR,2018,3,52.7,28.71,15.95,31,1,VERIFIED,area-weighted state mean (LCC m2 weights),IMD RF25/TMAX1/TMIN1
Manipur,MANIPUR,2018,4,116.4,29.69,18.81,30,1,VERIFIED,area-weighted state mean (LCC m2 weights),IMD RF25/TMAX1/TMIN1
Manipur,MANIPUR,2018,5,224.7,29.75,20.72,31,1,VERIFIED,area-weighted state mean (LCC m2 weights),IMD RF25/TMAX1/TMIN1
Manipur,MANIPUR,2018,6,342.5,31.33,23.49,30,1,VERIFIED,area-weighted state mean (LCC m2 weights),IMD RF25/TMAX1/TMIN1
Manipur,MANIPUR,2018,7,285.3,31.73,24.09,31,1,VERIFIED,area-weighted state mean (LCC m2 weights),IMD RF25/TMAX1/TMIN1
Manipur,MANIPUR,2018,8,237.5,32.09,23.98,31,1,VERIFIED,area-weighted state mean (LCC m2 weights),IMD RF25/TMAX1/TMIN1
Manipur,MANIPUR,2018,9,64.5,31.58,23.19,30,1,VERIFIED,area-weighted state mean (LCC m2 weights),IMD RF25/TMAX1/TMIN1
Manipur,MANIPUR,2018,10,60.0,29.63,19.23,31,1,VERIFIED,area-weighted state mean (LCC m2 weights),IMD RF25/TMAX1/TMIN1
Manipur,MANIPUR,2018,11,1.2,27.02,14.38,30,1,VERIFIED,area-weighted state mean (LCC m2 weights),IMD RF25/TMAX1/TMIN1
Manipur,MANIPUR,2018,12,20.4,24.63,10.74,31,1,VERIFIED,area-weighted state mean (LCC m2 weights),IMD RF25/TMAX1/TMIN1
Meghalaya,MEGHALAYA,2018,1,3.8,22.16,9.08,31,1,VERIFIED,area-weighted state mean (LCC m2 weights),IMD RF25/TMAX1/TMIN1
Meghalaya,MEGHALAYA,2018,2,18.9,25.38,12.21,28,1,VERIFIED,area-weighted state mean (LCC m2 weights),IMD RF25/TMAX1/TMIN1
Meghalaya,MEGHALAYA,2018,3,56.6,28.83,16.34,31,1,VERIFIED,area-weighted state mean (LCC m2 weights),IMD RF25/TMAX1/TMIN1
Meghalaya,MEGHALAYA,2018,4,183.5,29.21,19.1,30,1,VERIFIED,area-weighted state mean (LCC m2 weights),IMD RF25/TMAX1/TMIN1
Meghalaya,MEGHALAYA,2018,5,411.9,29.56,20.93,31,1,VERIFIED,area-weighted state mean (LCC m2 weights),IMD RF25/TMAX1/TMIN1
Meghalaya,MEGHALAYA,2018,6,612.1,31.32,23.76,30,1,VERIFIED,area-weighted state mean (LCC m2 weights),IMD RF25/TMAX1/TMIN1
Meghalaya,MEGHALAYA,2018,7,584.2,31.59,24.5,31,1,VERIFIED,area-weighted state mean (LCC m2 weights),IMD RF25/TMAX1/TMIN1
Meghalaya,MEGHALAYA,2018,8,455.4,32.04,24.38,31,1,VERIFIED,area-weighted state mean (LCC m2 weights),IMD RF25/TMAX1/TMIN1
Meghalaya,MEGHALAYA,2018,9,365.7,31.48,23.61,30,1,VERIFIED,area-weighted state mean (LCC m2 weights),IMD RF25/TMAX1/TMIN1
Meghalaya,MEGHALAYA,2018,10,74.1,29.39,19.43,31,1,VERIFIED,area-weighted state mean (LCC m2 weights),IMD RF25/TMAX1/TMIN1
Meghalaya,MEGHALAYA,2018,11,9.4,26.97,14.62,30,1,VERIFIED,area-weighted state mean (LCC m2 weights),IMD RF25/TMAX1/TMIN1
Meghalaya,MEGHALAYA,2018,12,23.1,24.23,10.8,31,1,VERIFIED,area-weighted state mean (LCC m2 weights),IMD RF25/TMAX1/TMIN1
Mizoram,MIZORAM,2018,1,5.0,22.24,8.79,31,1,VERIFIED,area-weighted state mean (LCC m2 weights),IMD RF25/TMAX1/TMIN1
Mizoram,MIZORAM,2018,2,4.6,25.72,12.2,28,1,VERIFIED,area-weighted state mean (LCC m2 weights),IMD RF25/TMAX1/TMIN1
Mizoram,MIZORAM,2018,3,30.1,28.96,16.26,31,1,VERIFIED,area-weighted state mean (LCC m2 weights),IMD RF25/TMAX1/TMIN1
Mizoram,MIZORAM,2018,4,87.1,29.25,18.67,30,1,VERIFIED,area-weighted state mean (LCC m2 weights),IMD RF25/TMAX1/TMIN1
Mizoram,MIZORAM,2018,5,314.3,29.5,20.79,31,1,VERIFIED,area-weighted state mean (LCC m2 weights),IMD RF25/TMAX1/TMIN1
Mizoram,MIZORAM,2018,6,636.8,30.99,23.5,30,1,VERIFIED,area-weighted state mean (LCC m2 weights),IMD RF25/TMAX1/TMIN1
Mizoram,MIZORAM,2018,7,486.5,31.25,23.9,31,1,VERIFIED,area-weighted state mean (LCC m2 weights),IMD RF25/TMAX1/TMIN1
Mizoram,MIZORAM,2018,8,569.1,31.57,23.83,31,1,VERIFIED,area-weighted state mean (LCC m2 weights),IMD RF25/TMAX1/TMIN1
Mizoram,MIZORAM,2018,9,248.2,31.4,23.16,30,1,VERIFIED,area-weighted state mean (LCC m2 weights),IMD RF25/TMAX1/TMIN1
Mizoram,MIZORAM,2018,10,190.6,29.36,19.34,31,1,VERIFIED,area-weighted state mean (LCC m2 weights),IMD RF25/TMAX1/TMIN1
Mizoram,MIZORAM,2018,11,3.7,27.05,14.46,30,1,VERIFIED,area-weighted state mean (LCC m2 weights),IMD RF25/TMAX1/TMIN1
Mizoram,MIZORAM,2018,12,6.9,23.96,10.58,31,1,VERIFIED,area-weighted state mean (LCC m2 weights),IMD RF25/TMAX1/TMIN1
Nagaland,NAGALAND,2018,1,11.0,23.75,9.74,31,1,VERIFIED,area-weighted state mean (LCC m2 weights),IMD RF25/TMAX1/TMIN1
Nagaland,NAGALAND,2018,2,21.9,25.79,12.71,28,1,VERIFIED,area-weighted state mean (LCC m2 weights),IMD RF25/TMAX1/TMIN1
Nagaland,NAGALAND,2018,3,87.3,28.78,16.1,31,1,VERIFIED,area-weighted state mean (LCC m2 weights),IMD RF25/TMAX1/TMIN1
Nagaland,NAGALAND,2018,4,125.6,29.81,19.06,30,1,VERIFIED,area-weighted state mean (LCC m2 weights),IMD RF25/TMAX1/TMIN1
Nagaland,NAGALAND,2018,5,236.5,30.47,21.32,31,1,VERIFIED,area-weighted state mean (LCC m2 weights),IMD RF25/TMAX1/TMIN1
Nagaland,NAGALAND,2018,6,324.8,32.33,24.25,30,1,VERIFIED,area-weighted state mean (LCC m2 weights),IMD RF25/TMAX1/TMIN1
Nagaland,NAGALAND,2018,7,388.0,32.69,24.86,31,1,VERIFIED,area-weighted state mean (LCC m2 weights),IMD RF25/TMAX1/TMIN1
Nagaland,NAGALAND,2018,8,280.4,33.18,24.83,31,1,VERIFIED,area-weighted state mean (LCC m2 weights),IMD RF25/TMAX1/TMIN1
Nagaland,NAGALAND,2018,9,192.5,32.32,23.91,30,1,VERIFIED,area-weighted state mean (LCC m2 weights),IMD RF25/TMAX1/TMIN1
Nagaland,NAGALAND,2018,10,73.9,30.33,19.72,31,1,VERIFIED,area-weighted state mean (LCC m2 weights),IMD RF25/TMAX1/TMIN1
Nagaland,NAGALAND,2018,11,6.6,27.53,14.42,30,1,VERIFIED,area-weighted state mean (LCC m2 weights),IMD RF25/TMAX1/TMIN1
Nagaland,NAGALAND,2018,12,44.6,25.16,10.78,31,1,VERIFIED,area-weighted state mean (LCC m2 weights),IMD RF25/TMAX1/TMIN1
Sikkim,SIKKIM,2018,1,5.6,18.15,7.04,31,1,VERIFIED,area-weighted state mean (LCC m2 weights),IMD RF25/TMAX1/TMIN1
Sikkim,SIKKIM,2018,2,42.7,23.07,10.72,28,1,VERIFIED,area-weighted state mean (LCC m2 weights),IMD RF25/TMAX1/TMIN1
Sikkim,SIKKIM,2018,3,150.5,27.43,15.13,31,1,VERIFIED,area-weighted state mean (LCC m2 weights),IMD RF25/TMAX1/TMIN1
Sikkim,SIKKIM,2018,4,260.0,27.99,18.12,30,1,VERIFIED,area-weighted state mean (LCC m2 weights),IMD RF25/TMAX1/TMIN1
Sikkim,SIKKIM,2018,5,377.3,28.29,19.79,31,1,VERIFIED,area-weighted state mean (LCC m2 weights),IMD RF25/TMAX1/TMIN1
Sikkim,SIKKIM,2018,6,553.0,30.3,22.52,30,1,VERIFIED,area-weighted state mean (LCC m2 weights),IMD RF25/TMAX1/TMIN1
Sikkim,SIKKIM,2018,7,611.9,30.11,23.33,31,1,VERIFIED,area-weighted state mean (LCC m2 weights),IMD RF25/TMAX1/TMIN1
Sikkim,SIKKIM,2018,8,574.2,30.36,23.29,31,1,VERIFIED,area-weighted state mean (LCC m2 weights),IMD RF25/TMAX1/TMIN1
Sikkim,SIKKIM,2018,9,513.0,29.71,22.41,30,1,VERIFIED,area-weighted state mean (LCC m2 weights),IMD RF25/TMAX1/TMIN1
Sikkim,SIKKIM,2018,10,130.8,27.95,18.05,31,1,VERIFIED,area-weighted state mean (LCC m2 weights),IMD RF25/TMAX1/TMIN1
Sikkim,SIKKIM,2018,11,31.4,25.8,13.23,30,1,VERIFIED,area-weighted state mean (LCC m2 weights),IMD RF25/TMAX1/TMIN1
Sikkim,SIKKIM,2018,12,22.2,22.2,9.11,31,1,VERIFIED,area-weighted state mean (LCC m2 weights),IMD RF25/TMAX1/TMIN1
Lakshadweep,LAKSHADWEEP,2018,1,,,,31,0,INSUFFICIENT_COVERAGE,area-weighted state mean (LCC m2 weights),IMD RF25/TMAX1/TMIN1
Lakshadweep,LAKSHADWEEP,2018,2,,,,28,0,INSUFFICIENT_COVERAGE,area-weighted state mean (LCC m2 weights),IMD RF25/TMAX1/TMIN1
Lakshadweep,LAKSHADWEEP,2018,3,,,,31,0,INSUFFICIENT_COVERAGE,area-weighted state mean (LCC m2 weights),IMD RF25/TMAX1/TMIN1
Lakshadweep,LAKSHADWEEP,2018,4,,,,30,0,INSUFFICIENT_COVERAGE,area-weighted state mean (LCC m2 weights),IMD RF25/TMAX1/TMIN1
Lakshadweep,LAKSHADWEEP,2018,5,,,,31,0,INSUFFICIENT_COVERAGE,area-weighted state mean (LCC m2 weights),IMD RF25/TMAX1/TMIN1
Lakshadweep,LAKSHADWEEP,2018,6,,,,30,0,INSUFFICIENT_COVERAGE,area-weighted state mean (LCC m2 weights),IMD RF25/TMAX1/TMIN1
Lakshadweep,LAKSHADWEEP,2018,7,,,,31,0,INSUFFICIENT_COVERAGE,area-weighted state mean (LCC m2 weights),IMD RF25/TMAX1/TMIN1
Lakshadweep,LAKSHADWEEP,2018,8,,,,31,0,INSUFFICIENT_COVERAGE,area-weighted state mean (LCC m2 weights),IMD RF25/TMAX1/TMIN1
Lakshadweep,LAKSHADWEEP,2018,9,,,,30,0,INSUFFICIENT_COVERAGE,area-weighted state mean (LCC m2 weights),IMD RF25/TMAX1/TMIN1
Lakshadweep,LAKSHADWEEP,2018,10,,,,31,0,INSUFFICIENT_COVERAGE,area-weighted state mean (LCC m2 weights),IMD RF25/TMAX1/TMIN1
Lakshadweep,LAKSHADWEEP,2018,11,,,,30,0,INSUFFICIENT_COVERAGE,area-weighted state mean (LCC m2 weights),IMD RF25/TMAX1/TMIN1
Lakshadweep,LAKSHADWEEP,2018,12,,,,31,0,INSUFFICIENT_COVERAGE,area-weighted state mean (LCC m2 weights),IMD RF25/TMAX1/TMIN1
Andaman & Nicobar Islands,ANDAMAN & NICOBAR,2018,1,,,,31,0,INSUFFICIENT_COVERAGE,area-weighted state mean (LCC m2 weights),IMD RF25/TMAX1/TMIN1
Andaman & Nicobar Islands,ANDAMAN & NICOBAR,2018,2,,,,28,0,INSUFFICIENT_COVERAGE,area-weighted state mean (LCC m2 weights),IMD RF25/TMAX1/TMIN1
Andaman & Nicobar Islands,ANDAMAN & NICOBAR,2018,3,,,,31,0,INSUFFICIENT_COVERAGE,area-weighted state mean (LCC m2 weights),IMD RF25/TMAX1/TMIN1
Andaman & Nicobar Islands,ANDAMAN & NICOBAR,2018,4,,,,30,0,INSUFFICIENT_COVERAGE,area-weighted state mean (LCC m2 weights),IMD RF25/TMAX1/TMIN1
Andaman & Nicobar Islands,ANDAMAN & NICOBAR,2018,5,,,,31,0,INSUFFICIENT_COVERAGE,area-weighted state mean (LCC m2 weights),IMD RF25/TMAX1/TMIN1
Andaman & Nicobar Islands,ANDAMAN & NICOBAR,2018,6,,,,30,0,INSUFFICIENT_COVERAGE,area-weighted state mean (LCC m2 weights),IMD RF25/TMAX1/TMIN1
Andaman & Nicobar Islands,ANDAMAN & NICOBAR,2018,7,,,,31,0,INSUFFICIENT_COVERAGE,area-weighted state mean (LCC m2 weights),IMD RF25/TMAX1/TMIN1
Andaman & Nicobar Islands,ANDAMAN & NICOBAR,2018,8,,,,31,0,INSUFFICIENT_COVERAGE,area-weighted state mean (LCC m2 weights),IMD RF25/TMAX1/TMIN1
Andaman & Nicobar Islands,ANDAMAN & NICOBAR,2018,9,,,,30,0,INSUFFICIENT_COVERAGE,area-weighted state mean (LCC m2 weights),IMD RF25/TMAX1/TMIN1
Andaman & Nicobar Islands,ANDAMAN & NICOBAR,2018,10,,,,31,0,INSUFFICIENT_COVERAGE,area-weighted state mean (LCC m2 weights),IMD RF25/TMAX1/TMIN1
Andaman & Nicobar Islands,ANDAMAN & NICOBAR,2018,11,,,,30,0,INSUFFICIENT_COVERAGE,area-weighted state mean (LCC m2 weights),IMD RF25/TMAX1/TMIN1
Andaman & Nicobar Islands,ANDAMAN & NICOBAR,2018,12,,,,31,0,INSUFFICIENT_COVERAGE,area-weighted state mean (LCC m2 weights),IMD RF25/TMAX1/TMIN1
West Bengal,WEST BENGAL,2018,1,0.0,23.15,9.49,31,1,VERIFIED,area-weighted state mean (LCC m2 weights),IMD RF25/TMAX1/TMIN1
West Bengal,WEST BENGAL,2018,2,1.6,28.84,15.01,28,1,VERIFIED,area-weighted state mean (LCC m2 weights),IMD RF25/TMAX1/TMIN1
West Bengal,WEST BENGAL,2018,3,13.2,33.03,19.89,31,1,VERIFIED,area-weighted state mean (LCC m2 weights),IMD RF25/TMAX1/TMIN1
West Bengal,WEST BENGAL,2018,4,104.5,33.29,22.23,30,1,VERIFIED,area-weighted state mean (LCC m2 weights),IMD RF25/TMAX1/TMIN1
West Bengal,WEST BENGAL,2018,5,150.6,34.0,24.18,31,1,VERIFIED,area-weighted state mean (LCC m2 weights),IMD RF25/TMAX1/TMIN1
West Bengal,WEST BENGAL,2018,6,259.7,34.48,25.93,30,1,VERIFIED,area-weighted state mean (LCC m2 weights),IMD RF25/TMAX1/TMIN1
West Bengal,WEST BENGAL,2018,7,366.7,32.58,25.74,31,1,VERIFIED,area-weighted state mean (LCC m2 weights),IMD RF25/TMAX1/TMIN1
West Bengal,WEST BENGAL,2018,8,262.6,32.42,25.68,31,1,VERIFIED,area-weighted state mean (LCC m2 weights),IMD RF25/TMAX1/TMIN1
West Bengal,WEST BENGAL,2018,9,247.9,32.72,25.18,30,1,VERIFIED,area-weighted state mean (LCC m2 weights),IMD RF25/TMAX1/TMIN1
West Bengal,WEST BENGAL,2018,10,62.1,31.57,21.67,31,1,VERIFIED,area-weighted state mean (LCC m2 weights),IMD RF25/TMAX1/TMIN1
West Bengal,WEST BENGAL,2018,11,2.6,29.46,17.06,30,1,VERIFIED,area-weighted state mean (LCC m2 weights),IMD RF25/TMAX1/TMIN1
West Bengal,WEST BENGAL,2018,12,19.6,24.67,11.91,31,1,VERIFIED,area-weighted state mean (LCC m2 weights),IMD RF25/TMAX1/TMIN1
Kerala,KERALA,2018,1,1.9,29.7,18.58,31,1,VERIFIED,area-weighted state mean (LCC m2 weights),IMD RF25/TMAX1/TMIN1
Kerala,KERALA,2018,2,18.9,31.27,19.46,28,1,VERIFIED,area-weighted state mean (LCC m2 weights),IMD RF25/TMAX1/TMIN1
Kerala,KERALA,2018,3,55.7,32.41,21.29,31,1,VERIFIED,area-weighted state mean (LCC m2 weights),IMD RF25/TMAX1/TMIN1
Kerala,KERALA,2018,4,112.1,33.04,22.55,30,1,VERIFIED,area-weighted state mean (LCC m2 weights),IMD RF25/TMAX1/TMIN1
Kerala,KERALA,2018,5,306.8,31.11,22.02,31,1,VERIFIED,area-weighted state mean (LCC m2 weights),IMD RF25/TMAX1/TMIN1
Kerala,KERALA,2018,6,644.0,28.69,21.73,30,1,VERIFIED,area-weighted state mean (LCC m2 weights),IMD RF25/TMAX1/TMIN1
Kerala,KERALA,2018,7,776.1,28.19,21.31,31,1,VERIFIED,area-weighted state mean (LCC m2 weights),IMD RF25/TMAX1/TMIN1
Kerala,KERALA,2018,8,796.9,28.13,21.1,31,1,VERIFIED,area-weighted state mean (LCC m2 weights),IMD RF25/TMAX1/TMIN1
Kerala,KERALA,2018,9,109.9,30.41,21.3,30,1,VERIFIED,area-weighted state mean (LCC m2 weights),IMD RF25/TMAX1/TMIN1
Kerala,KERALA,2018,10,285.3,29.65,21.03,31,1,VERIFIED,area-weighted state mean (LCC m2 weights),IMD RF25/TMAX1/TMIN1
Kerala,KERALA,2018,11,125.0,29.4,20.79,30,1,VERIFIED,area-weighted state mean (LCC m2 weights),IMD RF25/TMAX1/TMIN1
Kerala,KERALA,2018,12,24.6,29.92,20.25,31,1,VERIFIED,area-weighted state mean (LCC m2 weights),IMD RF25/TMAX1/TMIN1
Chhattisgarh,CHHATTISGARH,2018,1,0.0,27.68,10.26,31,1,VERIFIED,area-weighted state mean (LCC m2 weights),IMD RF25/TMAX1/TMIN1
Chhattisgarh,CHHATTISGARH,2018,2,11.1,31.15,14.93,28,1,VERIFIED,area-weighted state mean (LCC m2 weights),IMD RF25/TMAX1/TMIN1
Chhattisgarh,CHHATTISGARH,2018,3,0.5,35.67,19.2,31,1,VERIFIED,area-weighted state mean (LCC m2 weights),IMD RF25/TMAX1/TMIN1
Chhattisgarh,CHHATTISGARH,2018,4,23.0,38.38,23.18,30,1,VERIFIED,area-weighted state mean (LCC m2 weights),IMD RF25/TMAX1/TMIN1
Chhattisgarh,CHHATTISGARH,2018,5,35.4,40.24,26.08,31,1,VERIFIED,area-weighted state mean (LCC m2 weights),IMD RF25/TMAX1/TMIN1
Chhattisgarh,CHHATTISGARH,2018,6,152.9,36.23,25.24,30,1,VERIFIED,area-weighted state mean (LCC m2 weights),IMD RF25/TMAX1/TMIN1
Chhattisgarh,CHHATTISGARH,2018,7,378.4,30.4,23.73,31,1,VERIFIED,area-weighted state mean (LCC m2 weights),IMD RF25/TMAX1/TMIN1
Chhattisgarh,CHHATTISGARH,2018,8,417.2,29.85,23.43,31,1,VERIFIED,area-weighted state mean (LCC m2 weights),IMD RF25/TMAX1/TMIN1
Chhattisgarh,CHHATTISGARH,2018,9,148.0,31.47,22.88,30,1,VERIFIED,area-weighted state mean (LCC m2 weights),IMD RF25/TMAX1/TMIN1
Chhattisgarh,CHHATTISGARH,2018,10,6.0,32.73,19.66,31,1,VERIFIED,area-weighted state mean (LCC m2 weights),IMD RF25/TMAX1/TMIN1
Chhattisgarh,CHHATTISGARH,2018,11,0.1,30.95,15.9,30,1,VERIFIED,area-weighted state mean (LCC m2 weights),IMD RF25/TMAX1/TMIN1
Chhattisgarh,CHHATTISGARH,2018,12,42.6,25.88,12.11,31,1,VERIFIED,area-weighted state mean (LCC m2 weights),IMD RF25/TMAX1/TMIN1
Odisha,ODISHA,2018,1,0.0,27.94,11.75,31,1,VERIFIED,area-weighted state mean (LCC m2 weights),IMD RF25/TMAX1/TMIN1
Odisha,ODISHA,2018,2,0.4,32.15,16.22,28,1,VERIFIED,area-weighted state mean (LCC m2 weights),IMD RF25/TMAX1/TMIN1
Odisha,ODISHA,2018,3,1.4,35.62,20.79,31,1,VERIFIED,area-weighted state mean (LCC m2 weights),IMD RF25/TMAX1/TMIN1
Odisha,ODISHA,2018,4,79.8,36.85,23.45,30,1,VERIFIED,area-weighted state mean (LCC m2 weights),IMD RF25/TMAX1/TMIN1
Odisha,ODISHA,2018,5,95.5,37.4,25.23,31,1,VERIFIED,area-weighted state mean (LCC m2 weights),IMD RF25/TMAX1/TMIN1
Odisha,ODISHA,2018,6,157.1,35.31,25.35,30,1,VERIFIED,area-weighted state mean (LCC m2 weights),IMD RF25/TMAX1/TMIN1
Odisha,ODISHA,2018,7,415.4,31.17,24.32,31,1,VERIFIED,area-weighted state mean (LCC m2 weights),IMD RF25/TMAX1/TMIN1
Odisha,ODISHA,2018,8,384.6,31.06,24.03,31,1,VERIFIED,area-weighted state mean (LCC m2 weights),IMD RF25/TMAX1/TMIN1
Odisha,ODISHA,2018,9,288.5,32.18,23.75,30,1,VERIFIED,area-weighted state mean (LCC m2 weights),IMD RF25/TMAX1/TMIN1
Odisha,ODISHA,2018,10,141.8,32.39,21.16,31,1,VERIFIED,area-weighted state mean (LCC m2 weights),IMD RF25/TMAX1/TMIN1
Odisha,ODISHA,2018,11,1.1,31.01,17.71,30,1,VERIFIED,area-weighted state mean (LCC m2 weights),IMD RF25/TMAX1/TMIN1
Odisha,ODISHA,2018,12,54.7,26.35,13.85,31,1,VERIFIED,area-weighted state mean (LCC m2 weights),IMD RF25/TMAX1/TMIN1
Chandigarh,CHANDIGARH,2018,1,5.7,19.85,5.57,31,1,VERIFIED,area-weighted state mean (LCC m2 weights),IMD RF25/TMAX1/TMIN1
Chandigarh,CHANDIGARH,2018,2,51.6,23.41,8.7,28,1,VERIFIED,area-weighted state mean (LCC m2 weights),IMD RF25/TMAX1/TMIN1
Chandigarh,CHANDIGARH,2018,3,3.0,29.14,13.23,31,1,VERIFIED,area-weighted state mean (LCC m2 weights),IMD RF25/TMAX1/TMIN1
Chandigarh,CHANDIGARH,2018,4,27.2,34.31,17.88,30,1,VERIFIED,area-weighted state mean (LCC m2 weights),IMD RF25/TMAX1/TMIN1
Chandigarh,CHANDIGARH,2018,5,10.2,37.69,21.74,31,1,VERIFIED,area-weighted state mean (LCC m2 weights),IMD RF25/TMAX1/TMIN1
Chandigarh,CHANDIGARH,2018,6,121.4,36.49,24.8,30,1,VERIFIED,area-weighted state mean (LCC m2 weights),IMD RF25/TMAX1/TMIN1
Chandigarh,CHANDIGARH,2018,7,280.3,33.07,24.59,31,1,VERIFIED,area-weighted state mean (LCC m2 weights),IMD RF25/TMAX1/TMIN1
Chandigarh,CHANDIGARH,2018,8,286.7,32.3,24.42,31,1,VERIFIED,area-weighted state mean (LCC m2 weights),IMD RF25/TMAX1/TMIN1
Chandigarh,CHANDIGARH,2018,9,261.2,31.28,21.83,30,1,VERIFIED,area-weighted state mean (LCC m2 weights),IMD RF25/TMAX1/TMIN1
Chandigarh,CHANDIGARH,2018,10,14.4,30.46,15.52,31,1,VERIFIED,area-weighted state mean (LCC m2 weights),IMD RF25/TMAX1/TMIN1
Chandigarh,CHANDIGARH,2018,11,8.9,25.76,10.88,30,1,VERIFIED,area-weighted state mean (LCC m2 weights),IMD RF25/TMAX1/TMIN1
Chandigarh,CHANDIGARH,2018,12,7.6,20.48,5.58,31,1,VERIFIED,area-weighted state mean (LCC m2 weights),IMD RF25/TMAX1/TMIN1
Delhi,DELHI,2018,1,3.2,21.46,6.56,31,1,VERIFIED,area-weighted state mean (LCC m2 weights),IMD RF25/TMAX1/TMIN1
Delhi,DELHI,2018,2,0.0,26.27,10.61,28,1,VERIFIED,area-weighted state mean (LCC m2 weights),IMD RF25/TMAX1/TMIN1
Delhi,DELHI,2018,3,0.0,32.84,15.45,31,1,VERIFIED,area-weighted state mean (LCC m2 weights),IMD RF25/TMAX1/TMIN1
Delhi,DELHI,2018,4,8.2,37.67,21.13,30,1,VERIFIED,area-weighted state mean (LCC m2 weights),IMD RF25/TMAX1/TMIN1
Delhi,DELHI,2018,5,11.9,40.74,24.84,31,1,VERIFIED,area-weighted state mean (LCC m2 weights),IMD RF25/TMAX1/TMIN1
Delhi,DELHI,2018,6,44.4,39.51,28.0,30,1,VERIFIED,area-weighted state mean (LCC m2 weights),IMD RF25/TMAX1/TMIN1
Delhi,DELHI,2018,7,224.8,35.17,26.71,31,1,VERIFIED,area-weighted state mean (LCC m2 weights),IMD RF25/TMAX1/TMIN1
Delhi,DELHI,2018,8,117.7,33.91,26.15,31,1,VERIFIED,area-weighted state mean (LCC m2 weights),IMD RF25/TMAX1/TMIN1
Delhi,DELHI,2018,9,152.3,33.04,23.87,30,1,VERIFIED,area-weighted state mean (LCC m2 weights),IMD RF25/TMAX1/TMIN1
Delhi,DELHI,2018,10,0.0,33.44,17.77,31,1,VERIFIED,area-weighted state mean (LCC m2 weights),IMD RF25/TMAX1/TMIN1
Delhi,DELHI,2018,11,4.9,28.52,12.83,30,1,VERIFIED,area-weighted state mean (LCC m2 weights),IMD RF25/TMAX1/TMIN1
Delhi,DELHI,2018,12,0.5,22.67,6.71,31,1,VERIFIED,area-weighted state mean (LCC m2 weights),IMD RF25/TMAX1/TMIN1
Gujarat,GUJARAT,2018,1,0.0,29.29,13.4,31,1,VERIFIED,area-weighted state mean (LCC m2 weights),IMD RF25/TMAX1/TMIN1
Gujarat,GUJARAT,2018,2,0.0,31.86,16.26,28,1,VERIFIED,area-weighted state mean (LCC m2 weights),IMD RF25/TMAX1/TMIN1
Gujarat,GUJARAT,2018,3,0.0,35.67,19.92,31,1,VERIFIED,area-weighted state mean (LCC m2 weights),IMD RF25/TMAX1/TMIN1
Gujarat,GUJARAT,2018,4,0.2,38.07,23.83,30,1,VERIFIED,area-weighted state mean (LCC m2 weights),IMD RF25/TMAX1/TMIN1
Gujarat,GUJARAT,2018,5,0.0,39.43,26.65,31,1,VERIFIED,area-weighted state mean (LCC m2 weights),IMD RF25/TMAX1/TMIN1
Gujarat,GUJARAT,2018,6,45.1,36.84,27.45,30,1,VERIFIED,area-weighted state mean (LCC m2 weights),IMD RF25/TMAX1/TMIN1
Gujarat,GUJARAT,2018,7,282.8,31.63,25.64,31,1,VERIFIED,area-weighted state mean (LCC m2 weights),IMD RF25/TMAX1/TMIN1
Gujarat,GUJARAT,2018,8,120.0,30.84,24.81,31,1,VERIFIED,area-weighted state mean (LCC m2 weights),IMD RF25/TMAX1/TMIN1
Gujarat,GUJARAT,2018,9,30.6,32.6,23.51,30,1,VERIFIED,area-weighted state mean (LCC m2 weights),IMD RF25/TMAX1/TMIN1
Gujarat,GUJARAT,2018,10,0.8,36.67,22.39,31,1,VERIFIED,area-weighted state mean (LCC m2 weights),IMD RF25/TMAX1/TMIN1
Gujarat,GUJARAT,2018,11,0.0,33.97,18.56,30,1,VERIFIED,area-weighted state mean (LCC m2 weights),IMD RF25/TMAX1/TMIN1
Gujarat,GUJARAT,2018,12,0.0,28.74,13.31,31,1,VERIFIED,area-weighted state mean (LCC m2 weights),IMD RF25/TMAX1/TMIN1
Haryana,HARYANA,2018,1,5.9,21.6,6.18,31,1,VERIFIED,area-weighted state mean (LCC m2 weights),IMD RF25/TMAX1/TMIN1
Haryana,HARYANA,2018,2,6.7,25.76,10.17,28,1,VERIFIED,area-weighted state mean (LCC m2 weights),IMD RF25/TMAX1/TMIN1
Haryana,HARYANA,2018,3,0.8,31.91,15.0,31,1,VERIFIED,area-weighted state mean (LCC m2 weights),IMD RF25/TMAX1/TMIN1
Haryana,HARYANA,2018,4,11.8,37.01,20.31,30,1,VERIFIED,area-weighted state mean (LCC m2 weights),IMD RF25/TMAX1/TMIN1
Haryana,HARYANA,2018,5,12.6,40.39,24.15,31,1,VERIFIED,area-weighted state mean (LCC m2 weights),IMD RF25/TMAX1/TMIN1
Haryana,HARYANA,2018,6,69.2,38.92,27.12,30,1,VERIFIED,area-weighted state mean (LCC m2 weights),IMD RF25/TMAX1/TMIN1
Haryana,HARYANA,2018,7,175.0,34.98,26.29,31,1,VERIFIED,area-weighted state mean (LCC m2 weights),IMD RF25/TMAX1/TMIN1
Haryana,HARYANA,2018,8,95.0,33.98,25.83,31,1,VERIFIED,area-weighted state mean (LCC m2 weights),IMD RF25/TMAX1/TMIN1
Haryana,HARYANA,2018,9,136.1,32.93,23.16,30,1,VERIFIED,area-weighted state mean (LCC m2 weights),IMD RF25/TMAX1/TMIN1
Haryana,HARYANA,2018,10,3.3,33.04,17.01,31,1,VERIFIED,area-weighted state mean (LCC m2 weights),IMD RF25/TMAX1/TMIN1
Haryana,HARYANA,2018,11,2.3,28.14,12.04,30,1,VERIFIED,area-weighted state mean (LCC m2 weights),IMD RF25/TMAX1/TMIN1
Haryana,HARYANA,2018,12,4.9,22.38,6.18,31,1,VERIFIED,area-weighted state mean (LCC m2 weights),IMD RF25/TMAX1/TMIN1
Punjab,PUNJAB,2018,1,10.7,20.45,5.25,31,1,VERIFIED,area-weighted state mean (LCC m2 weights),IMD RF25/TMAX1/TMIN1
Punjab,PUNJAB,2018,2,16.6,23.98,8.71,28,1,VERIFIED,area-weighted state mean (LCC m2 weights),IMD RF25/TMAX1/TMIN1
Punjab,PUNJAB,2018,3,5.4,29.74,13.44,31,1,VERIFIED,area-weighted state mean (LCC m2 weights),IMD RF25/TMAX1/TMIN1
Punjab,PUNJAB,2018,4,14.3,35.28,18.27,30,1,VERIFIED,area-weighted state mean (LCC m2 weights),IMD RF25/TMAX1/TMIN1
Punjab,PUNJAB,2018,5,8.0,39.1,22.39,31,1,VERIFIED,area-weighted state mean (LCC m2 weights),IMD RF25/TMAX1/TMIN1
Punjab,PUNJAB,2018,6,96.6,38.14,25.59,30,1,VERIFIED,area-weighted state mean (LCC m2 weights),IMD RF25/TMAX1/TMIN1
Punjab,PUNJAB,2018,7,175.9,34.59,25.58,31,1,VERIFIED,area-weighted state mean (LCC m2 weights),IMD RF25/TMAX1/TMIN1
Punjab,PUNJAB,2018,8,125.5,33.88,25.29,31,1,VERIFIED,area-weighted state mean (LCC m2 weights),IMD RF25/TMAX1/TMIN1
Punjab,PUNJAB,2018,9,213.6,32.93,22.42,30,1,VERIFIED,area-weighted state mean (LCC m2 weights),IMD RF25/TMAX1/TMIN1
Punjab,PUNJAB,2018,10,5.0,31.7,15.66,31,1,VERIFIED,area-weighted state mean (LCC m2 weights),IMD RF25/TMAX1/TMIN1
Punjab,PUNJAB,2018,11,2.8,26.53,10.73,30,1,VERIFIED,area-weighted state mean (LCC m2 weights),IMD RF25/TMAX1/TMIN1
Punjab,PUNJAB,2018,12,4.8,20.93,5.26,31,1,VERIFIED,area-weighted state mean (LCC m2 weights),IMD RF25/TMAX1/TMIN1
Uttar Pradesh,UTTAR PRADESH,2018,1,1.4,21.45,6.95,31,1,VERIFIED,area-weighted state mean (LCC m2 weights),IMD RF25/TMAX1/TMIN1
Uttar Pradesh,UTTAR PRADESH,2018,2,4.0,27.09,11.56,28,1,VERIFIED,area-weighted state mean (LCC m2 weights),IMD RF25/TMAX1/TMIN1
Uttar Pradesh,UTTAR PRADESH,2018,3,0.7,33.8,16.09,31,1,VERIFIED,area-weighted state mean (LCC m2 weights),IMD RF25/TMAX1/TMIN1
Uttar Pradesh,UTTAR PRADESH,2018,4,13.8,37.5,21.2,30,1,VERIFIED,area-weighted state mean (LCC m2 weights),IMD RF25/TMAX1/TMIN1
Uttar Pradesh,UTTAR PRADESH,2018,5,17.5,39.8,24.94,31,1,VERIFIED,area-weighted state mean (LCC m2 weights),IMD RF25/TMAX1/TMIN1
Uttar Pradesh,UTTAR PRADESH,2018,6,44.2,38.82,27.21,30,1,VERIFIED,area-weighted state mean (LCC m2 weights),IMD RF25/TMAX1/TMIN1
Uttar Pradesh,UTTAR PRADESH,2018,7,305.5,33.75,25.88,31,1,VERIFIED,area-weighted state mean (LCC m2 weights),IMD RF25/TMAX1/TMIN1
Uttar Pradesh,UTTAR PRADESH,2018,8,306.8,32.28,25.28,31,1,VERIFIED,area-weighted state mean (LCC m2 weights),IMD RF25/TMAX1/TMIN1
Uttar Pradesh,UTTAR PRADESH,2018,9,132.8,32.46,23.71,30,1,VERIFIED,area-weighted state mean (LCC m2 weights),IMD RF25/TMAX1/TMIN1
Uttar Pradesh,UTTAR PRADESH,2018,10,2.7,33.32,18.56,31,1,VERIFIED,area-weighted state mean (LCC m2 weights),IMD RF25/TMAX1/TMIN1
Uttar Pradesh,UTTAR PRADESH,2018,11,0.4,29.05,13.56,30,1,VERIFIED,area-weighted state mean (LCC m2 weights),IMD RF25/TMAX1/TMIN1
Uttar Pradesh,UTTAR PRADESH,2018,12,0.2,23.57,7.75,31,1,VERIFIED,area-weighted state mean (LCC m2 weights),IMD RF25/TMAX1/TMIN1
Karnataka,KARNATAKA,2018,1,0.0,30.23,15.56,31,1,VERIFIED,area-weighted state mean (LCC m2 weights),IMD RF25/TMAX1/TMIN1
Karnataka,KARNATAKA,2018,2,2.6,32.21,16.86,28,1,VERIFIED,area-weighted state mean (LCC m2 weights),IMD RF25/TMAX1/TMIN1
Karnataka,KARNATAKA,2018,3,22.3,34.69,20.08,31,1,VERIFIED,area-weighted state mean (LCC m2 weights),IMD RF25/TMAX1/TMIN1
Karnataka,KARNATAKA,2018,4,36.0,35.99,22.69,30,1,VERIFIED,area-weighted state mean (LCC m2 weights),IMD RF25/TMAX1/TMIN1
Karnataka,KARNATAKA,2018,5,138.6,34.98,23.01,31,1,VERIFIED,area-weighted state mean (LCC m2 weights),IMD RF25/TMAX1/TMIN1
Karnataka,KARNATAKA,2018,6,216.1,30.15,21.87,30,1,VERIFIED,area-weighted state mean (LCC m2 weights),IMD RF25/TMAX1/TMIN1
Karnataka,KARNATAKA,2018,7,219.5,28.49,21.47,31,1,VERIFIED,area-weighted state mean (LCC m2 weights),IMD RF25/TMAX1/TMIN1
Karnataka,KARNATAKA,2018,8,215.5,28.18,21.07,31,1,VERIFIED,area-weighted state mean (LCC m2 weights),IMD RF25/TMAX1/TMIN1
Karnataka,KARNATAKA,2018,9,95.4,30.83,20.67,30,1,VERIFIED,area-weighted state mean (LCC m2 weights),IMD RF25/TMAX1/TMIN1
Karnataka,KARNATAKA,2018,10,78.4,31.62,20.09,31,1,VERIFIED,area-weighted state mean (LCC m2 weights),IMD RF25/TMAX1/TMIN1
Karnataka,KARNATAKA,2018,11,14.4,30.98,18.8,30,1,VERIFIED,area-weighted state mean (LCC m2 weights),IMD RF25/TMAX1/TMIN1
Karnataka,KARNATAKA,2018,12,4.5,29.83,17.29,31,1,VERIFIED,area-weighted state mean (LCC m2 weights),IMD RF25/TMAX1/TMIN1
Andhra Pradesh,ANDHRA PRADESH,2018,1,0.1,30.52,17.0,31,1,VERIFIED,area-weighted state mean (LCC m2 weights),IMD RF25/TMAX1/TMIN1
Andhra Pradesh,ANDHRA PRADESH,2018,2,1.7,32.69,18.46,28,1,VERIFIED,area-weighted state mean (LCC m2 weights),IMD RF25/TMAX1/TMIN1
Andhra Pradesh,ANDHRA PRADESH,2018,3,17.1,35.62,22.05,31,1,VERIFIED,area-weighted state mean (LCC m2 weights),IMD RF25/TMAX1/TMIN1
Andhra Pradesh,ANDHRA PRADESH,2018,4,25.3,37.28,25.23,30,1,VERIFIED,area-weighted state mean (LCC m2 weights),IMD RF25/TMAX1/TMIN1
Andhra Pradesh,ANDHRA PRADESH,2018,5,49.5,37.74,26.43,31,1,VERIFIED,area-weighted state mean (LCC m2 weights),IMD RF25/TMAX1/TMIN1
Andhra Pradesh,ANDHRA PRADESH,2018,6,90.3,35.39,25.71,30,1,VERIFIED,area-weighted state mean (LCC m2 weights),IMD RF25/TMAX1/TMIN1
Andhra Pradesh,ANDHRA PRADESH,2018,7,118.4,32.76,24.66,31,1,VERIFIED,area-weighted state mean (LCC m2 weights),IMD RF25/TMAX1/TMIN1
Andhra Pradesh,ANDHRA PRADESH,2018,8,143.7,32.09,24.12,31,1,VERIFIED,area-weighted state mean (LCC m2 weights),IMD RF25/TMAX1/TMIN1
Andhra Pradesh,ANDHRA PRADESH,2018,9,102.6,33.42,24.1,30,1,VERIFIED,area-weighted state mean (LCC m2 weights),IMD RF25/TMAX1/TMIN1
Andhra Pradesh,ANDHRA PRADESH,2018,10,49.0,33.19,22.66,31,1,VERIFIED,area-weighted state mean (LCC m2 weights),IMD RF25/TMAX1/TMIN1
Andhra Pradesh,ANDHRA PRADESH,2018,11,46.8,31.7,20.93,30,1,VERIFIED,area-weighted state mean (LCC m2 weights),IMD RF25/TMAX1/TMIN1
Andhra Pradesh,ANDHRA PRADESH,2018,12,40.4,29.25,19.2,31,1,VERIFIED,area-weighted state mean (LCC m2 weights),IMD RF25/TMAX1/TMIN1
Bihar,BIHAR,2018,1,0.0,19.89,7.75,31,1,VERIFIED,area-weighted state mean (LCC m2 weights),IMD RF25/TMAX1/TMIN1
Bihar,BIHAR,2018,2,0.4,27.27,12.88,28,1,VERIFIED,area-weighted state mean (LCC m2 weights),IMD RF25/TMAX1/TMIN1
Bihar,BIHAR,2018,3,3.6,33.23,17.58,31,1,VERIFIED,area-weighted state mean (LCC m2 weights),IMD RF25/TMAX1/TMIN1
Bihar,BIHAR,2018,4,23.8,35.15,21.56,30,1,VERIFIED,area-weighted state mean (LCC m2 weights),IMD RF25/TMAX1/TMIN1
Bihar,BIHAR,2018,5,55.5,36.02,24.29,31,1,VERIFIED,area-weighted state mean (LCC m2 weights),IMD RF25/TMAX1/TMIN1
Bihar,BIHAR,2018,6,107.2,36.51,26.3,30,1,VERIFIED,area-weighted state mean (LCC m2 weights),IMD RF25/TMAX1/TMIN1
Bihar,BIHAR,2018,7,294.3,33.45,26.22,31,1,VERIFIED,area-weighted state mean (LCC m2 weights),IMD RF25/TMAX1/TMIN1
Bihar,BIHAR,2018,8,261.0,32.8,25.85,31,1,VERIFIED,area-weighted state mean (LCC m2 weights),IMD RF25/TMAX1/TMIN1
Bihar,BIHAR,2018,9,117.5,33.15,25.15,30,1,VERIFIED,area-weighted state mean (LCC m2 weights),IMD RF25/TMAX1/TMIN1
Bihar,BIHAR,2018,10,19.7,32.09,20.6,31,1,VERIFIED,area-weighted state mean (LCC m2 weights),IMD RF25/TMAX1/TMIN1
Bihar,BIHAR,2018,11,0.0,29.24,15.34,30,1,VERIFIED,area-weighted state mean (LCC m2 weights),IMD RF25/TMAX1/TMIN1
Bihar,BIHAR,2018,12,5.3,24.23,9.98,31,1,VERIFIED,area-weighted state mean (LCC m2 weights),IMD RF25/TMAX1/TMIN1
Goa,GOA,2018,1,0.0,31.38,17.54,31,1,VERIFIED,area-weighted state mean (LCC m2 weights),IMD RF25/TMAX1/TMIN1
Goa,GOA,2018,2,0.2,32.47,18.41,28,1,VERIFIED,area-weighted state mean (LCC m2 weights),IMD RF25/TMAX1/TMIN1
Goa,GOA,2018,3,4.4,33.58,21.53,31,1,VERIFIED,area-weighted state mean (LCC m2 weights),IMD RF25/TMAX1/TMIN1
Goa,GOA,2018,4,8.3,34.71,23.97,30,1,VERIFIED,area-weighted state mean (LCC m2 weights),IMD RF25/TMAX1/TMIN1
Goa,GOA,2018,5,114.6,34.22,24.83,31,1,VERIFIED,area-weighted state mean (LCC m2 weights),IMD RF25/TMAX1/TMIN1
Goa,GOA,2018,6,953.5,29.58,23.46,30,1,VERIFIED,area-weighted state mean (LCC m2 weights),IMD RF25/TMAX1/TMIN1
Goa,GOA,2018,7,1222.0,28.09,23.25,31,1,VERIFIED,area-weighted state mean (LCC m2 weights),IMD RF25/TMAX1/TMIN1
Goa,GOA,2018,8,804.5,27.95,22.93,31,1,VERIFIED,area-weighted state mean (LCC m2 weights),IMD RF25/TMAX1/TMIN1
Goa,GOA,2018,9,122.1,30.65,22.14,30,1,VERIFIED,area-weighted state mean (LCC m2 weights),IMD RF25/TMAX1/TMIN1
Goa,GOA,2018,10,106.3,32.94,22.19,31,1,VERIFIED,area-weighted state mean (LCC m2 weights),IMD RF25/TMAX1/TMIN1
Goa,GOA,2018,11,7.8,33.24,20.84,30,1,VERIFIED,area-weighted state mean (LCC m2 weights),IMD RF25/TMAX1/TMIN1
Goa,GOA,2018,12,2.4,31.83,18.96,31,1,VERIFIED,area-weighted state mean (LCC m2 weights),IMD RF25/TMAX1/TMIN1
Jharkhand,JHARKHAND,2018,1,0.0,23.69,8.25,31,1,VERIFIED,area-weighted state mean (LCC m2 weights),IMD RF25/TMAX1/TMIN1
Jharkhand,JHARKHAND,2018,2,3.6,29.54,14.02,28,1,VERIFIED,area-weighted state mean (LCC m2 weights),IMD RF25/TMAX1/TMIN1
Jharkhand,JHARKHAND,2018,3,1.1,34.64,18.6,31,1,VERIFIED,area-weighted state mean (LCC m2 weights),IMD RF25/TMAX1/TMIN1
Jharkhand,JHARKHAND,2018,4,58.1,36.26,22.17,30,1,VERIFIED,area-weighted state mean (LCC m2 weights),IMD RF25/TMAX1/TMIN1
Jharkhand,JHARKHAND,2018,5,59.1,37.32,24.61,31,1,VERIFIED,area-weighted state mean (LCC m2 weights),IMD RF25/TMAX1/TMIN1
Jharkhand,JHARKHAND,2018,6,129.1,36.08,25.7,30,1,VERIFIED,area-weighted state mean (LCC m2 weights),IMD RF25/TMAX1/TMIN1
Jharkhand,JHARKHAND,2018,7,270.7,32.19,25.05,31,1,VERIFIED,area-weighted state mean (LCC m2 weights),IMD RF25/TMAX1/TMIN1
Jharkhand,JHARKHAND,2018,8,231.3,31.64,24.77,31,1,VERIFIED,area-weighted state mean (LCC m2 weights),IMD RF25/TMAX1/TMIN1
Jharkhand,JHARKHAND,2018,9,154.8,32.32,24.14,30,1,VERIFIED,area-weighted state mean (LCC m2 weights),IMD RF25/TMAX1/TMIN1
Jharkhand,JHARKHAND,2018,10,30.2,31.9,19.99,31,1,VERIFIED,area-weighted state mean (LCC m2 weights),IMD RF25/TMAX1/TMIN1
Jharkhand,JHARKHAND,2018,11,0.7,29.58,15.55,30,1,VERIFIED,area-weighted state mean (LCC m2 weights),IMD RF25/TMAX1/TMIN1
Jharkhand,JHARKHAND,2018,12,30.8,24.4,10.41,31,1,VERIFIED,area-weighted state mean (LCC m2 weights),IMD RF25/TMAX1/TMIN1
Madhya Pradesh,MADHYA PRADESH,2018,1,0.0,26.59,8.62,31,1,VERIFIED,area-weighted state mean (LCC m2 weights),IMD RF25/TMAX1/TMIN1
Madhya Pradesh,MADHYA PRADESH,2018,2,8.2,29.9,12.97,28,1,VERIFIED,area-weighted state mean (LCC m2 weights),IMD RF25/TMAX1/TMIN1
Madhya Pradesh,MADHYA PRADESH,2018,3,0.1,35.48,17.46,31,1,VERIFIED,area-weighted state mean (LCC m2 weights),IMD RF25/TMAX1/TMIN1
Madhya Pradesh,MADHYA PRADESH,2018,4,4.4,39.69,22.4,30,1,VERIFIED,area-weighted state mean (LCC m2 weights),IMD RF25/TMAX1/TMIN1
Madhya Pradesh,MADHYA PRADESH,2018,5,5.9,42.56,26.7,31,1,VERIFIED,area-weighted state mean (LCC m2 weights),IMD RF25/TMAX1/TMIN1
Madhya Pradesh,MADHYA PRADESH,2018,6,118.4,38.23,25.87,30,1,VERIFIED,area-weighted state mean (LCC m2 weights),IMD RF25/TMAX1/TMIN1
Madhya Pradesh,MADHYA PRADESH,2018,7,319.5,31.09,23.9,31,1,VERIFIED,area-weighted state mean (LCC m2 weights),IMD RF25/TMAX1/TMIN1
Madhya Pradesh,MADHYA PRADESH,2018,8,251.7,29.77,23.52,31,1,VERIFIED,area-weighted state mean (LCC m2 weights),IMD RF25/TMAX1/TMIN1
Madhya Pradesh,MADHYA PRADESH,2018,9,152.5,30.97,21.95,30,1,VERIFIED,area-weighted state mean (LCC m2 weights),IMD RF25/TMAX1/TMIN1
Madhya Pradesh,MADHYA PRADESH,2018,10,1.7,34.32,18.55,31,1,VERIFIED,area-weighted state mean (LCC m2 weights),IMD RF25/TMAX1/TMIN1
Madhya Pradesh,MADHYA PRADESH,2018,11,0.4,31.18,13.8,30,1,VERIFIED,area-weighted state mean (LCC m2 weights),IMD RF25/TMAX1/TMIN1
Madhya Pradesh,MADHYA PRADESH,2018,12,3.7,25.49,8.71,31,1,VERIFIED,area-weighted state mean (LCC m2 weights),IMD RF25/TMAX1/TMIN1
Maharashtra,MAHARASHTRA,2018,1,0.0,30.43,13.31,31,1,VERIFIED,area-weighted state mean (LCC m2 weights),IMD RF25/TMAX1/TMIN1
Maharashtra,MAHARASHTRA,2018,2,7.9,32.81,16.07,28,1,VERIFIED,area-weighted state mean (LCC m2 weights),IMD RF25/TMAX1/TMIN1
Maharashtra,MAHARASHTRA,2018,3,1.0,36.47,20.12,31,1,VERIFIED,area-weighted state mean (LCC m2 weights),IMD RF25/TMAX1/TMIN1
Maharashtra,MAHARASHTRA,2018,4,7.7,39.44,23.57,30,1,VERIFIED,area-weighted state mean (LCC m2 weights),IMD RF25/TMAX1/TMIN1
Maharashtra,MAHARASHTRA,2018,5,10.1,40.64,26.21,31,1,VERIFIED,area-weighted state mean (LCC m2 weights),IMD RF25/TMAX1/TMIN1
Maharashtra,MAHARASHTRA,2018,6,241.0,34.31,23.99,30,1,VERIFIED,area-weighted state mean (LCC m2 weights),IMD RF25/TMAX1/TMIN1
Maharashtra,MAHARASHTRA,2018,7,343.7,29.28,22.76,31,1,VERIFIED,area-weighted state mean (LCC m2 weights),IMD RF25/TMAX1/TMIN1
Maharashtra,MAHARASHTRA,2018,8,254.1,28.9,22.36,31,1,VERIFIED,area-weighted state mean (LCC m2 weights),IMD RF25/TMAX1/TMIN1
Maharashtra,MAHARASHTRA,2018,9,67.3,31.55,21.52,30,1,VERIFIED,area-weighted state mean (LCC m2 weights),IMD RF25/TMAX1/TMIN1
Maharashtra,MAHARASHTRA,2018,10,14.4,34.34,20.01,31,1,VERIFIED,area-weighted state mean (LCC m2 weights),IMD RF25/TMAX1/TMIN1
Maharashtra,MAHARASHTRA,2018,11,11.2,32.79,17.28,30,1,VERIFIED,area-weighted state mean (LCC m2 weights),IMD RF25/TMAX1/TMIN1
Maharashtra,MAHARASHTRA,2018,12,3.2,29.06,13.87,31,1,VERIFIED,area-weighted state mean (LCC m2 weights),IMD RF25/TMAX1/TMIN1
Puducherry,PUDUCHERRY,2018,1,25.9,30.01,20.83,31,1,VERIFIED,area-weighted state mean (LCC m2 weights),IMD RF25/TMAX1/TMIN1
Puducherry,PUDUCHERRY,2018,2,0.5,31.85,21.71,28,1,VERIFIED,area-weighted state mean (LCC m2 weights),IMD RF25/TMAX1/TMIN1
Puducherry,PUDUCHERRY,2018,3,13.6,33.92,24.02,31,1,VERIFIED,area-weighted state mean (LCC m2 weights),IMD RF25/TMAX1/TMIN1
Puducherry,PUDUCHERRY,2018,4,15.4,35.87,26.59,30,1,VERIFIED,area-weighted state mean (LCC m2 weights),IMD RF25/TMAX1/TMIN1
Puducherry,PUDUCHERRY,2018,5,25.6,36.06,26.93,31,1,VERIFIED,area-weighted state mean (LCC m2 weights),IMD RF25/TMAX1/TMIN1
Puducherry,PUDUCHERRY,2018,6,78.7,36.3,26.81,30,1,VERIFIED,area-weighted state mean (LCC m2 weights),IMD RF25/TMAX1/TMIN1
Puducherry,PUDUCHERRY,2018,7,54.6,35.49,26.48,31,1,VERIFIED,area-weighted state mean (LCC m2 weights),IMD RF25/TMAX1/TMIN1
Puducherry,PUDUCHERRY,2018,8,117.2,35.21,26.0,31,1,VERIFIED,area-weighted state mean (LCC m2 weights),IMD RF25/TMAX1/TMIN1
Puducherry,PUDUCHERRY,2018,9,83.8,34.65,25.44,30,1,VERIFIED,area-weighted state mean (LCC m2 weights),IMD RF25/TMAX1/TMIN1
Puducherry,PUDUCHERRY,2018,10,224.5,32.24,24.53,31,1,VERIFIED,area-weighted state mean (LCC m2 weights),IMD RF25/TMAX1/TMIN1
Puducherry,PUDUCHERRY,2018,11,388.2,30.48,23.69,30,1,VERIFIED,area-weighted state mean (LCC m2 weights),IMD RF25/TMAX1/TMIN1
Puducherry,PUDUCHERRY,2018,12,71.0,30.12,22.83,31,1,VERIFIED,area-weighted state mean (LCC m2 weights),IMD RF25/TMAX1/TMIN1
Rajasthan,RAJASTHAN,2018,1,0.3,25.74,8.1,31,1,VERIFIED,area-weighted state mean (LCC m2 weights),IMD RF25/TMAX1/TMIN1
Rajasthan,RAJASTHAN,2018,2,0.1,29.11,12.51,28,1,VERIFIED,area-weighted state mean (LCC m2 weights),IMD RF25/TMAX1/TMIN1
Rajasthan,RAJASTHAN,2018,3,0.1,34.88,17.59,31,1,VERIFIED,area-weighted state mean (LCC m2 weights),IMD RF25/TMAX1/TMIN1
Rajasthan,RAJASTHAN,2018,4,2.5,39.29,23.05,30,1,VERIFIED,area-weighted state mean (LCC m2 weights),IMD RF25/TMAX1/TMIN1
Rajasthan,RAJASTHAN,2018,5,3.0,42.23,26.67,31,1,VERIFIED,area-weighted state mean (LCC m2 weights),IMD RF25/TMAX1/TMIN1
Rajasthan,RAJASTHAN,2018,6,73.1,39.57,27.44,30,1,VERIFIED,area-weighted state mean (LCC m2 weights),IMD RF25/TMAX1/TMIN1
Rajasthan,RAJASTHAN,2018,7,153.0,34.33,25.7,31,1,VERIFIED,area-weighted state mean (LCC m2 weights),IMD RF25/TMAX1/TMIN1
Rajasthan,RAJASTHAN,2018,8,91.7,32.88,24.84,31,1,VERIFIED,area-weighted state mean (LCC m2 weights),IMD RF25/TMAX1/TMIN1
Rajasthan,RAJASTHAN,2018,9,78.2,33.15,22.75,30,1,VERIFIED,area-weighted state mean (LCC m2 weights),IMD RF25/TMAX1/TMIN1
Rajasthan,RAJASTHAN,2018,10,0.5,35.59,19.13,31,1,VERIFIED,area-weighted state mean (LCC m2 weights),IMD RF25/TMAX1/TMIN1
Rajasthan,RAJASTHAN,2018,11,0.2,31.12,13.8,30,1,VERIFIED,area-weighted state mean (LCC m2 weights),IMD RF25/TMAX1/TMIN1
Rajasthan,RAJASTHAN,2018,12,0.3,25.23,8.05,31,1,VERIFIED,area-weighted state mean (LCC m2 weights),IMD RF25/TMAX1/TMIN1
Tamil Nadu,TAMIL NADU,2018,1,7.0,29.98,19.4,31,1,VERIFIED,area-weighted state mean (LCC m2 weights),IMD RF25/TMAX1/TMIN1
Tamil Nadu,TAMIL NADU,2018,2,8.9,32.07,20.39,28,1,VERIFIED,area-weighted state mean (LCC m2 weights),IMD RF25/TMAX1/TMIN1
Tamil Nadu,TAMIL NADU,2018,3,23.1,34.16,22.6,31,1,VERIFIED,area-weighted state mean (LCC m2 weights),IMD RF25/TMAX1/TMIN1
Tamil Nadu,TAMIL NADU,2018,4,21.7,35.73,24.88,30,1,VERIFIED,area-weighted state mean (LCC m2 weights),IMD RF25/TMAX1/TMIN1
Tamil Nadu,TAMIL NADU,2018,5,92.8,34.94,24.9,31,1,VERIFIED,area-weighted state mean (LCC m2 weights),IMD RF25/TMAX1/TMIN1
Tamil Nadu,TAMIL NADU,2018,6,40.9,33.93,24.76,30,1,VERIFIED,area-weighted state mean (LCC m2 weights),IMD RF25/TMAX1/TMIN1
Tamil Nadu,TAMIL NADU,2018,7,51.5,33.22,24.42,31,1,VERIFIED,area-weighted state mean (LCC m2 weights),IMD RF25/TMAX1/TMIN1
Tamil Nadu,TAMIL NADU,2018,8,67.5,33.03,24.03,31,1,VERIFIED,area-weighted state mean (LCC m2 weights),IMD RF25/TMAX1/TMIN1
Tamil Nadu,TAMIL NADU,2018,9,101.2,33.54,23.71,30,1,VERIFIED,area-weighted state mean (LCC m2 weights),IMD RF25/TMAX1/TMIN1
Tamil Nadu,TAMIL NADU,2018,10,162.1,31.45,22.88,31,1,VERIFIED,area-weighted state mean (LCC m2 weights),IMD RF25/TMAX1/TMIN1
Tamil Nadu,TAMIL NADU,2018,11,172.5,29.98,22.15,30,1,VERIFIED,area-weighted state mean (LCC m2 weights),IMD RF25/TMAX1/TMIN1
Tamil Nadu,TAMIL NADU,2018,12,23.3,30.0,21.32,31,1,VERIFIED,area-weighted state mean (LCC m2 weights),IMD RF25/TMAX1/TMIN1
Telangana,TELANGANA,2018,1,0.0,30.91,14.79,31,1,VERIFIED,area-weighted state mean (LCC m2 weights),IMD RF25/TMAX1/TMIN1
Telangana,TELANGANA,2018,2,1.9,33.13,17.42,28,1,VERIFIED,area-weighted state mean (LCC m2 weights),IMD RF25/TMAX1/TMIN1
Telangana,TELANGANA,2018,3,6.0,36.81,21.49,31,1,VERIFIED,area-weighted state mean (LCC m2 weights),IMD RF25/TMAX1/TMIN1
Telangana,TELANGANA,2018,4,24.6,39.25,24.98,30,1,VERIFIED,area-weighted state mean (LCC m2 weights),IMD RF25/TMAX1/TMIN1
Telangana,TELANGANA,2018,5,39.8,40.42,27.03,31,1,VERIFIED,area-weighted state mean (LCC m2 weights),IMD RF25/TMAX1/TMIN1
Telangana,TELANGANA,2018,6,169.5,35.48,25.05,30,1,VERIFIED,area-weighted state mean (LCC m2 weights),IMD RF25/TMAX1/TMIN1
Telangana,TELANGANA,2018,7,222.2,31.13,23.53,31,1,VERIFIED,area-weighted state mean (LCC m2 weights),IMD RF25/TMAX1/TMIN1
Telangana,TELANGANA,2018,8,316.9,30.37,23.0,31,1,VERIFIED,area-weighted state mean (LCC m2 weights),IMD RF25/TMAX1/TMIN1
Telangana,TELANGANA,2018,9,85.5,32.58,22.98,30,1,VERIFIED,area-weighted state mean (LCC m2 weights),IMD RF25/TMAX1/TMIN1
Telangana,TELANGANA,2018,10,18.7,33.77,21.19,31,1,VERIFIED,area-weighted state mean (LCC m2 weights),IMD RF25/TMAX1/TMIN1
Telangana,TELANGANA,2018,11,2.4,32.54,18.98,30,1,VERIFIED,area-weighted state mean (LCC m2 weights),IMD RF25/TMAX1/TMIN1
Telangana,TELANGANA,2018,12,28.2,28.89,16.87,31,1,VERIFIED,area-weighted state mean (LCC m2 weights),IMD RF25/TMAX1/TMIN1
Tripura,TRIPURA,2018,1,6.4,22.19,8.55,31,1,VERIFIED,area-weighted state mean (LCC m2 weights),IMD RF25/TMAX1/TMIN1
Tripura,TRIPURA,2018,2,8.6,25.9,12.24,28,1,VERIFIED,area-weighted state mean (LCC m2 weights),IMD RF25/TMAX1/TMIN1
Tripura,TRIPURA,2018,3,37.8,29.21,16.49,31,1,VERIFIED,area-weighted state mean (LCC m2 weights),IMD RF25/TMAX1/TMIN1
Tripura,TRIPURA,2018,4,211.0,29.27,18.81,30,1,VERIFIED,area-weighted state mean (LCC m2 weights),IMD RF25/TMAX1/TMIN1
Tripura,TRIPURA,2018,5,518.5,29.57,20.85,31,1,VERIFIED,area-weighted state mean (LCC m2 weights),IMD RF25/TMAX1/TMIN1
Tripura,TRIPURA,2018,6,509.9,31.16,23.54,30,1,VERIFIED,area-weighted state mean (LCC m2 weights),IMD RF25/TMAX1/TMIN1
Tripura,TRIPURA,2018,7,294.3,31.32,23.92,31,1,VERIFIED,area-weighted state mean (LCC m2 weights),IMD RF25/TMAX1/TMIN1
Tripura,TRIPURA,2018,8,383.3,31.63,23.89,31,1,VERIFIED,area-weighted state mean (LCC m2 weights),IMD RF25/TMAX1/TMIN1
Tripura,TRIPURA,2018,9,178.4,31.51,23.25,30,1,VERIFIED,area-weighted state mean (LCC m2 weights),IMD RF25/TMAX1/TMIN1
Tripura,TRIPURA,2018,10,100.7,29.49,19.5,31,1,VERIFIED,area-weighted state mean (LCC m2 weights),IMD RF25/TMAX1/TMIN1
Tripura,TRIPURA,2018,11,10.7,27.29,14.54,30,1,VERIFIED,area-weighted state mean (LCC m2 weights),IMD RF25/TMAX1/TMIN1
Tripura,TRIPURA,2018,12,15.0,24.01,10.52,31,1,VERIFIED,area-weighted state mean (LCC m2 weights),IMD RF25/TMAX1/TMIN1
Uttarakhand,UTTARAKHAND,2018,1,18.6,17.98,5.19,31,1,VERIFIED,area-weighted state mean (LCC m2 weights),IMD RF25/TMAX1/TMIN1
Uttarakhand,UTTARAKHAND,2018,2,18.8,21.73,8.13,28,1,VERIFIED,area-weighted state mean (LCC m2 weights),IMD RF25/TMAX1/TMIN1
Uttarakhand,UTTARAKHAND,2018,3,29.9,27.59,12.18,31,1,VERIFIED,area-weighted state mean (LCC m2 weights),IMD RF25/TMAX1/TMIN1
Uttarakhand,UTTARAKHAND,2018,4,68.5,31.19,16.26,30,1,VERIFIED,area-weighted state mean (LCC m2 weights),IMD RF25/TMAX1/TMIN1
Uttarakhand,UTTARAKHAND,2018,5,62.6,33.82,19.62,31,1,VERIFIED,area-weighted state mean (LCC m2 weights),IMD RF25/TMAX1/TMIN1
Uttarakhand,UTTARAKHAND,2018,6,187.1,32.64,22.37,30,1,VERIFIED,area-weighted state mean (LCC m2 weights),IMD RF25/TMAX1/TMIN1
Uttarakhand,UTTARAKHAND,2018,7,457.7,29.72,22.2,31,1,VERIFIED,area-weighted state mean (LCC m2 weights),IMD RF25/TMAX1/TMIN1
Uttarakhand,UTTARAKHAND,2018,8,487.6,28.84,21.84,31,1,VERIFIED,area-weighted state mean (LCC m2 weights),IMD RF25/TMAX1/TMIN1
Uttarakhand,UTTARAKHAND,2018,9,214.3,28.23,19.83,30,1,VERIFIED,area-weighted state mean (LCC m2 weights),IMD RF25/TMAX1/TMIN1
Uttarakhand,UTTARAKHAND,2018,10,3.9,27.86,14.23,31,1,VERIFIED,area-weighted state mean (LCC m2 weights),IMD RF25/TMAX1/TMIN1
Uttarakhand,UTTARAKHAND,2018,11,22.7,23.61,10.43,30,1,VERIFIED,area-weighted state mean (LCC m2 weights),IMD RF25/TMAX1/TMIN1
Uttarakhand,UTTARAKHAND,2018,12,2.5,19.1,5.36,31,1,VERIFIED,area-weighted state mean (LCC m2 weights),IMD RF25/TMAX1/TMIN1
Dadra & Nagar Haveli and Daman & Diu,DADRA & NAGAR HAVELI & DAMAN & DIU,2019,1,0.0,28.95,13.28,31,1,VERIFIED,area-weighted state mean (LCC m2 weights),IMD RF25/TMAX1/TMIN1
Dadra & Nagar Haveli and Daman & Diu,DADRA & NAGAR HAVELI & DAMAN & DIU,2019,2,0.0,30.94,16.14,28,1,VERIFIED,area-weighted state mean (LCC m2 weights),IMD RF25/TMAX1/TMIN1
Dadra & Nagar Haveli and Daman & Diu,DADRA & NAGAR HAVELI & DAMAN & DIU,2019,3,0.0,34.22,19.34,31,1,VERIFIED,area-weighted state mean (LCC m2 weights),IMD RF25/TMAX1/TMIN1
Dadra & Nagar Haveli and Daman & Diu,DADRA & NAGAR HAVELI & DAMAN & DIU,2019,4,0.0,37.43,23.87,30,1,VERIFIED,area-weighted state mean (LCC m2 weights),IMD RF25/TMAX1/TMIN1
Dadra & Nagar Haveli and Daman & Diu,DADRA & NAGAR HAVELI & DAMAN & DIU,2019,5,0.0,37.11,25.64,31,1,VERIFIED,area-weighted state mean (LCC m2 weights),IMD RF25/TMAX1/TMIN1
Dadra & Nagar Haveli and Daman & Diu,DADRA & NAGAR HAVELI & DAMAN & DIU,2019,6,335.0,35.34,26.75,30,1,VERIFIED,area-weighted state mean (LCC m2 weights),IMD RF25/TMAX1/TMIN1
Dadra & Nagar Haveli and Daman & Diu,DADRA & NAGAR HAVELI & DAMAN & DIU,2019,7,1352.6,31.69,25.2,31,1,VERIFIED,area-weighted state mean (LCC m2 weights),IMD RF25/TMAX1/TMIN1
Dadra & Nagar Haveli and Daman & Diu,DADRA & NAGAR HAVELI & DAMAN & DIU,2019,8,960.0,29.94,24.3,31,1,VERIFIED,area-weighted state mean (LCC m2 weights),IMD RF25/TMAX1/TMIN1
Dadra & Nagar Haveli and Daman & Diu,DADRA & NAGAR HAVELI & DAMAN & DIU,2019,9,767.1,30.36,24.06,30,1,VERIFIED,area-weighted state mean (LCC m2 weights),IMD RF25/TMAX1/TMIN1
Dadra & Nagar Haveli and Daman & Diu,DADRA & NAGAR HAVELI & DAMAN & DIU,2019,10,102.3,32.17,23.4,31,1,VERIFIED,area-weighted state mean (LCC m2 weights),IMD RF25/TMAX1/TMIN1
Dadra & Nagar Haveli and Daman & Diu,DADRA & NAGAR HAVELI & DAMAN & DIU,2019,11,46.4,32.0,20.86,30,1,VERIFIED,area-weighted state mean (LCC m2 weights),IMD RF25/TMAX1/TMIN1
Dadra & Nagar Haveli and Daman & Diu,DADRA & NAGAR HAVELI & DAMAN & DIU,2019,12,0.0,30.09,18.32,31,1,VERIFIED,area-weighted state mean (LCC m2 weights),IMD RF25/TMAX1/TMIN1
Jammu & Kashmir,JAMMU AND KASHMIR,2019,1,139.5,10.32,0.34,31,1,VERIFIED,area-weighted state mean (LCC m2 weights),IMD RF25/TMAX1/TMIN1
Jammu & Kashmir,JAMMU AND KASHMIR,2019,2,212.5,12.05,1.9,28,1,VERIFIED,area-weighted state mean (LCC m2 weights),IMD RF25/TMAX1/TMIN1
Jammu & Kashmir,JAMMU AND KASHMIR,2019,3,88.4,17.01,5.37,31,1,VERIFIED,area-weighted state mean (LCC m2 weights),IMD RF25/TMAX1/TMIN1
Jammu & Kashmir,JAMMU AND KASHMIR,2019,4,62.1,25.36,11.86,30,1,VERIFIED,area-weighted state mean (LCC m2 weights),IMD RF25/TMAX1/TMIN1
Jammu & Kashmir,JAMMU AND KASHMIR,2019,5,89.7,28.06,13.8,31,1,VERIFIED,area-weighted state mean (LCC m2 weights),IMD RF25/TMAX1/TMIN1
Jammu & Kashmir,JAMMU AND KASHMIR,2019,6,95.8,31.59,17.36,30,1,VERIFIED,area-weighted state mean (LCC m2 weights),IMD RF25/TMAX1/TMIN1
Jammu & Kashmir,JAMMU AND KASHMIR,2019,7,185.6,30.01,20.07,31,1,VERIFIED,area-weighted state mean (LCC m2 weights),IMD RF25/TMAX1/TMIN1
Jammu & Kashmir,JAMMU AND KASHMIR,2019,8,248.2,29.83,19.82,31,1,VERIFIED,area-weighted state mean (LCC m2 weights),IMD RF25/TMAX1/TMIN1
Jammu & Kashmir,JAMMU AND KASHMIR,2019,9,58.3,29.53,17.81,30,1,VERIFIED,area-weighted state mean (LCC m2 weights),IMD RF25/TMAX1/TMIN1
Jammu & Kashmir,JAMMU AND KASHMIR,2019,10,33.9,24.39,10.92,31,1,VERIFIED,area-weighted state mean (LCC m2 weights),IMD RF25/TMAX1/TMIN1
Jammu & Kashmir,JAMMU AND KASHMIR,2019,11,179.9,17.0,6.52,30,1,VERIFIED,area-weighted state mean (LCC m2 weights),IMD RF25/TMAX1/TMIN1
Jammu & Kashmir,JAMMU AND KASHMIR,2019,12,81.9,10.85,1.04,31,1,VERIFIED,area-weighted state mean (LCC m2 weights),IMD RF25/TMAX1/TMIN1
Ladakh,LADAKH,2019,1,43.6,8.37,-1.54,31,1,VERIFIED,area-weighted state mean (LCC m2 weights),IMD RF25/TMAX1/TMIN1
Ladakh,LADAKH,2019,2,83.2,10.07,-0.06,28,1,VERIFIED,area-weighted state mean (LCC m2 weights),IMD RF25/TMAX1/TMIN1
Ladakh,LADAKH,2019,3,28.8,15.27,3.49,31,1,VERIFIED,area-weighted state mean (LCC m2 weights),IMD RF25/TMAX1/TMIN1
Ladakh,LADAKH,2019,4,17.6,23.13,9.78,30,1,VERIFIED,area-weighted state mean (LCC m2 weights),IMD RF25/TMAX1/TMIN1
Ladakh,LADAKH,2019,5,32.0,25.54,11.53,31,1,VERIFIED,area-weighted state mean (LCC m2 weights),IMD RF25/TMAX1/TMIN1
Ladakh,LADAKH,2019,6,26.6,28.9,15.09,30,1,VERIFIED,area-weighted state mean (LCC m2 weights),IMD RF25/TMAX1/TMIN1
Ladakh,LADAKH,2019,7,36.8,28.62,18.49,31,1,VERIFIED,area-weighted state mean (LCC m2 weights),IMD RF25/TMAX1/TMIN1
Ladakh,LADAKH,2019,8,187.8,28.59,18.31,31,1,VERIFIED,area-weighted state mean (LCC m2 weights),IMD RF25/TMAX1/TMIN1
Ladakh,LADAKH,2019,9,12.7,28.0,15.98,30,1,VERIFIED,area-weighted state mean (LCC m2 weights),IMD RF25/TMAX1/TMIN1
Ladakh,LADAKH,2019,10,13.0,22.48,8.95,31,1,VERIFIED,area-weighted state mean (LCC m2 weights),IMD RF25/TMAX1/TMIN1
Ladakh,LADAKH,2019,11,68.3,14.83,4.51,30,1,VERIFIED,area-weighted state mean (LCC m2 weights),IMD RF25/TMAX1/TMIN1
Ladakh,LADAKH,2019,12,17.7,9.49,-0.72,31,1,VERIFIED,area-weighted state mean (LCC m2 weights),IMD RF25/TMAX1/TMIN1
Himachal Pradesh,HIMACHAL PRADESH,2019,1,91.1,14.22,3.14,31,1,VERIFIED,area-weighted state mean (LCC m2 weights),IMD RF25/TMAX1/TMIN1
Himachal Pradesh,HIMACHAL PRADESH,2019,2,193.9,15.35,4.98,28,1,VERIFIED,area-weighted state mean (LCC m2 weights),IMD RF25/TMAX1/TMIN1
Himachal Pradesh,HIMACHAL PRADESH,2019,3,77.4,20.23,7.87,31,1,VERIFIED,area-weighted state mean (LCC m2 weights),IMD RF25/TMAX1/TMIN1
Himachal Pradesh,HIMACHAL PRADESH,2019,4,33.4,28.3,14.31,30,1,VERIFIED,area-weighted state mean (LCC m2 weights),IMD RF25/TMAX1/TMIN1
Himachal Pradesh,HIMACHAL PRADESH,2019,5,52.3,31.05,16.38,31,1,VERIFIED,area-weighted state mean (LCC m2 weights),IMD RF25/TMAX1/TMIN1
Himachal Pradesh,HIMACHAL PRADESH,2019,6,52.4,33.51,19.85,30,1,VERIFIED,area-weighted state mean (LCC m2 weights),IMD RF25/TMAX1/TMIN1
Himachal Pradesh,HIMACHAL PRADESH,2019,7,198.2,29.77,21.08,31,1,VERIFIED,area-weighted state mean (LCC m2 weights),IMD RF25/TMAX1/TMIN1
Himachal Pradesh,HIMACHAL PRADESH,2019,8,281.5,29.62,21.15,31,1,VERIFIED,area-weighted state mean (LCC m2 weights),IMD RF25/TMAX1/TMIN1
Himachal Pradesh,HIMACHAL PRADESH,2019,9,92.2,29.16,19.86,30,1,VERIFIED,area-weighted state mean (LCC m2 weights),IMD RF25/TMAX1/TMIN1
Himachal Pradesh,HIMACHAL PRADESH,2019,10,21.7,25.93,13.56,31,1,VERIFIED,area-weighted state mean (LCC m2 weights),IMD RF25/TMAX1/TMIN1
Himachal Pradesh,HIMACHAL PRADESH,2019,11,57.7,20.44,9.49,30,1,VERIFIED,area-weighted state mean (LCC m2 weights),IMD RF25/TMAX1/TMIN1
Himachal Pradesh,HIMACHAL PRADESH,2019,12,48.5,13.77,3.95,31,1,VERIFIED,area-weighted state mean (LCC m2 weights),IMD RF25/TMAX1/TMIN1
Arunachal Pradesh,ARUNACHAL PRADESH,2019,1,13.1,25.27,9.58,31,1,VERIFIED,area-weighted state mean (LCC m2 weights),IMD RF25/TMAX1/TMIN1
Arunachal Pradesh,ARUNACHAL PRADESH,2019,2,93.5,25.4,12.15,28,1,VERIFIED,area-weighted state mean (LCC m2 weights),IMD RF25/TMAX1/TMIN1
Arunachal Pradesh,ARUNACHAL PRADESH,2019,3,121.2,27.84,15.44,31,1,VERIFIED,area-weighted state mean (LCC m2 weights),IMD RF25/TMAX1/TMIN1
Arunachal Pradesh,ARUNACHAL PRADESH,2019,4,124.6,29.39,19.14,30,1,VERIFIED,area-weighted state mean (LCC m2 weights),IMD RF25/TMAX1/TMIN1
Arunachal Pradesh,ARUNACHAL PRADESH,2019,5,471.7,29.5,21.41,31,1,VERIFIED,area-weighted state mean (LCC m2 weights),IMD RF25/TMAX1/TMIN1
Arunachal Pradesh,ARUNACHAL PRADESH,2019,6,353.6,33.02,24.52,30,1,VERIFIED,area-weighted state mean (LCC m2 weights),IMD RF25/TMAX1/TMIN1
Arunachal Pradesh,ARUNACHAL PRADESH,2019,7,707.1,31.3,24.36,31,1,VERIFIED,area-weighted state mean (LCC m2 weights),IMD RF25/TMAX1/TMIN1
Arunachal Pradesh,ARUNACHAL PRADESH,2019,8,166.9,34.65,25.4,31,1,VERIFIED,area-weighted state mean (LCC m2 weights),IMD RF25/TMAX1/TMIN1
Arunachal Pradesh,ARUNACHAL PRADESH,2019,9,341.4,31.82,23.66,30,1,VERIFIED,area-weighted state mean (LCC m2 weights),IMD RF25/TMAX1/TMIN1
Arunachal Pradesh,ARUNACHAL PRADESH,2019,10,116.3,30.59,20.46,31,1,VERIFIED,area-weighted state mean (LCC m2 weights),IMD RF25/TMAX1/TMIN1
Arunachal Pradesh,ARUNACHAL PRADESH,2019,11,19.7,29.24,16.8,30,1,VERIFIED,area-weighted state mean (LCC m2 weights),IMD RF25/TMAX1/TMIN1
Arunachal Pradesh,ARUNACHAL PRADESH,2019,12,14.2,24.44,10.87,31,1,VERIFIED,area-weighted state mean (LCC m2 weights),IMD RF25/TMAX1/TMIN1
Assam,ASSAM,2019,1,4.5,24.43,9.13,31,1,VERIFIED,area-weighted state mean (LCC m2 weights),IMD RF25/TMAX1/TMIN1
Assam,ASSAM,2019,2,33.9,24.97,11.64,28,1,VERIFIED,area-weighted state mean (LCC m2 weights),IMD RF25/TMAX1/TMIN1
Assam,ASSAM,2019,3,56.0,27.63,14.75,31,1,VERIFIED,area-weighted state mean (LCC m2 weights),IMD RF25/TMAX1/TMIN1
Assam,ASSAM,2019,4,166.4,29.06,18.7,30,1,VERIFIED,area-weighted state mean (LCC m2 weights),IMD RF25/TMAX1/TMIN1
Assam,ASSAM,2019,5,377.8,29.57,21.21,31,1,VERIFIED,area-weighted state mean (LCC m2 weights),IMD RF25/TMAX1/TMIN1
Assam,ASSAM,2019,6,309.2,32.29,24.02,30,1,VERIFIED,area-weighted state mean (LCC m2 weights),IMD RF25/TMAX1/TMIN1
Assam,ASSAM,2019,7,517.1,30.9,24.03,31,1,VERIFIED,area-weighted state mean (LCC m2 weights),IMD RF25/TMAX1/TMIN1
Assam,ASSAM,2019,8,206.5,33.69,24.81,31,1,VERIFIED,area-weighted state mean (LCC m2 weights),IMD RF25/TMAX1/TMIN1
Assam,ASSAM,2019,9,287.9,31.16,23.3,30,1,VERIFIED,area-weighted state mean (LCC m2 weights),IMD RF25/TMAX1/TMIN1
Assam,ASSAM,2019,10,144.0,29.84,20.21,31,1,VERIFIED,area-weighted state mean (LCC m2 weights),IMD RF25/TMAX1/TMIN1
Assam,ASSAM,2019,11,12.8,28.43,16.39,30,1,VERIFIED,area-weighted state mean (LCC m2 weights),IMD RF25/TMAX1/TMIN1
Assam,ASSAM,2019,12,3.0,23.56,10.38,31,1,VERIFIED,area-weighted state mean (LCC m2 weights),IMD RF25/TMAX1/TMIN1
Manipur,MANIPUR,2019,1,0.9,24.57,8.84,31,1,VERIFIED,area-weighted state mean (LCC m2 weights),IMD RF25/TMAX1/TMIN1
Manipur,MANIPUR,2019,2,14.6,25.49,11.56,28,1,VERIFIED,area-weighted state mean (LCC m2 weights),IMD RF25/TMAX1/TMIN1
Manipur,MANIPUR,2019,3,30.8,28.13,15.01,31,1,VERIFIED,area-weighted state mean (LCC m2 weights),IMD RF25/TMAX1/TMIN1
Manipur,MANIPUR,2019,4,60.4,29.86,18.83,30,1,VERIFIED,area-weighted state mean (LCC m2 weights),IMD RF25/TMAX1/TMIN1
Manipur,MANIPUR,2019,5,111.8,29.51,20.94,31,1,VERIFIED,area-weighted state mean (LCC m2 weights),IMD RF25/TMAX1/TMIN1
Manipur,MANIPUR,2019,6,127.7,32.01,23.56,30,1,VERIFIED,area-weighted state mean (LCC m2 weights),IMD RF25/TMAX1/TMIN1
Manipur,MANIPUR,2019,7,175.3,30.64,23.5,31,1,VERIFIED,area-weighted state mean (LCC m2 weights),IMD RF25/TMAX1/TMIN1
Manipur,MANIPUR,2019,8,143.0,33.28,24.19,31,1,VERIFIED,area-weighted state mean (LCC m2 weights),IMD RF25/TMAX1/TMIN1
Manipur,MANIPUR,2019,9,214.6,31.1,22.71,30,1,VERIFIED,area-weighted state mean (LCC m2 weights),IMD RF25/TMAX1/TMIN1
Manipur,MANIPUR,2019,10,139.3,29.81,19.96,31,1,VERIFIED,area-weighted state mean (LCC m2 weights),IMD RF25/TMAX1/TMIN1
Manipur,MANIPUR,2019,11,31.9,28.48,16.61,30,1,VERIFIED,area-weighted state mean (LCC m2 weights),IMD RF25/TMAX1/TMIN1
Manipur,MANIPUR,2019,12,7.9,23.85,10.51,31,1,VERIFIED,area-weighted state mean (LCC m2 weights),IMD RF25/TMAX1/TMIN1
Meghalaya,MEGHALAYA,2019,1,0.6,24.36,9.2,31,1,VERIFIED,area-weighted state mean (LCC m2 weights),IMD RF25/TMAX1/TMIN1
Meghalaya,MEGHALAYA,2019,2,27.5,25.03,11.76,28,1,VERIFIED,area-weighted state mean (LCC m2 weights),IMD RF25/TMAX1/TMIN1
Meghalaya,MEGHALAYA,2019,3,31.2,27.94,14.87,31,1,VERIFIED,area-weighted state mean (LCC m2 weights),IMD RF25/TMAX1/TMIN1
Meghalaya,MEGHALAYA,2019,4,232.2,29.21,18.93,30,1,VERIFIED,area-weighted state mean (LCC m2 weights),IMD RF25/TMAX1/TMIN1
Meghalaya,MEGHALAYA,2019,5,590.6,29.82,21.46,31,1,VERIFIED,area-weighted state mean (LCC m2 weights),IMD RF25/TMAX1/TMIN1
Meghalaya,MEGHALAYA,2019,6,732.3,31.85,23.89,30,1,VERIFIED,area-weighted state mean (LCC m2 weights),IMD RF25/TMAX1/TMIN1
Meghalaya,MEGHALAYA,2019,7,1108.8,30.72,23.99,31,1,VERIFIED,area-weighted state mean (LCC m2 weights),IMD RF25/TMAX1/TMIN1
Meghalaya,MEGHALAYA,2019,8,329.9,33.17,24.67,31,1,VERIFIED,area-weighted state mean (LCC m2 weights),IMD RF25/TMAX1/TMIN1
Meghalaya,MEGHALAYA,2019,9,480.1,30.81,23.34,30,1,VERIFIED,area-weighted state mean (LCC m2 weights),IMD RF25/TMAX1/TMIN1
Meghalaya,MEGHALAYA,2019,10,329.4,29.49,20.46,31,1,VERIFIED,area-weighted state mean (LCC m2 weights),IMD RF25/TMAX1/TMIN1
Meghalaya,MEGHALAYA,2019,11,24.0,28.24,16.63,30,1,VERIFIED,area-weighted state mean (LCC m2 weights),IMD RF25/TMAX1/TMIN1
Meghalaya,MEGHALAYA,2019,12,1.7,23.27,10.45,31,1,VERIFIED,area-weighted state mean (LCC m2 weights),IMD RF25/TMAX1/TMIN1
Mizoram,MIZORAM,2019,1,0.1,23.91,8.87,31,1,VERIFIED,area-weighted state mean (LCC m2 weights),IMD RF25/TMAX1/TMIN1
Mizoram,MIZORAM,2019,2,26.3,25.37,11.55,28,1,VERIFIED,area-weighted state mean (LCC m2 weights),IMD RF25/TMAX1/TMIN1
Mizoram,MIZORAM,2019,3,21.4,28.04,14.86,31,1,VERIFIED,area-weighted state mean (LCC m2 weights),IMD RF25/TMAX1/TMIN1
Mizoram,MIZORAM,2019,4,66.5,29.73,18.67,30,1,VERIFIED,area-weighted state mean (LCC m2 weights),IMD RF25/TMAX1/TMIN1
Mizoram,MIZORAM,2019,5,190.0,30.31,21.46,31,1,VERIFIED,area-weighted state mean (LCC m2 weights),IMD RF25/TMAX1/TMIN1
Mizoram,MIZORAM,2019,6,306.7,31.76,23.67,30,1,VERIFIED,area-weighted state mean (LCC m2 weights),IMD RF25/TMAX1/TMIN1
Mizoram,MIZORAM,2019,7,604.8,30.85,23.68,31,1,VERIFIED,area-weighted state mean (LCC m2 weights),IMD RF25/TMAX1/TMIN1
Mizoram,MIZORAM,2019,8,254.9,32.6,23.96,31,1,VERIFIED,area-weighted state mean (LCC m2 weights),IMD RF25/TMAX1/TMIN1
Mizoram,MIZORAM,2019,9,238.3,30.88,22.88,30,1,VERIFIED,area-weighted state mean (LCC m2 weights),IMD RF25/TMAX1/TMIN1
Mizoram,MIZORAM,2019,10,93.0,29.41,20.26,31,1,VERIFIED,area-weighted state mean (LCC m2 weights),IMD RF25/TMAX1/TMIN1
Mizoram,MIZORAM,2019,11,34.4,27.95,16.47,30,1,VERIFIED,area-weighted state mean (LCC m2 weights),IMD RF25/TMAX1/TMIN1
Mizoram,MIZORAM,2019,12,3.9,23.48,10.64,31,1,VERIFIED,area-weighted state mean (LCC m2 weights),IMD RF25/TMAX1/TMIN1
Nagaland,NAGALAND,2019,1,3.3,25.03,9.04,31,1,VERIFIED,area-weighted state mean (LCC m2 weights),IMD RF25/TMAX1/TMIN1
Nagaland,NAGALAND,2019,2,18.7,25.61,11.88,28,1,VERIFIED,area-weighted state mean (LCC m2 weights),IMD RF25/TMAX1/TMIN1
Nagaland,NAGALAND,2019,3,70.4,28.06,15.25,31,1,VERIFIED,area-weighted state mean (LCC m2 weights),IMD RF25/TMAX1/TMIN1
Nagaland,NAGALAND,2019,4,126.0,29.68,19.0,30,1,VERIFIED,area-weighted state mean (LCC m2 weights),IMD RF25/TMAX1/TMIN1
Nagaland,NAGALAND,2019,5,176.4,29.89,21.4,31,1,VERIFIED,area-weighted state mean (LCC m2 weights),IMD RF25/TMAX1/TMIN1
Nagaland,NAGALAND,2019,6,159.2,32.87,24.26,30,1,VERIFIED,area-weighted state mean (LCC m2 weights),IMD RF25/TMAX1/TMIN1
Nagaland,NAGALAND,2019,7,231.8,31.41,24.2,31,1,VERIFIED,area-weighted state mean (LCC m2 weights),IMD RF25/TMAX1/TMIN1
Nagaland,NAGALAND,2019,8,211.1,34.31,25.01,31,1,VERIFIED,area-weighted state mean (LCC m2 weights),IMD RF25/TMAX1/TMIN1
Nagaland,NAGALAND,2019,9,269.9,31.8,23.34,30,1,VERIFIED,area-weighted state mean (LCC m2 weights),IMD RF25/TMAX1/TMIN1
Nagaland,NAGALAND,2019,10,200.5,30.48,20.33,31,1,VERIFIED,area-weighted state mean (LCC m2 weights),IMD RF25/TMAX1/TMIN1
Nagaland,NAGALAND,2019,11,22.9,29.07,16.53,30,1,VERIFIED,area-weighted state mean (LCC m2 weights),IMD RF25/TMAX1/TMIN1
Nagaland,NAGALAND,2019,12,6.7,24.33,10.52,31,1,VERIFIED,area-weighted state mean (LCC m2 weights),IMD RF25/TMAX1/TMIN1
Sikkim,SIKKIM,2019,1,11.0,22.05,7.76,31,1,VERIFIED,area-weighted state mean (LCC m2 weights),IMD RF25/TMAX1/TMIN1
Sikkim,SIKKIM,2019,2,71.2,22.52,10.61,28,1,VERIFIED,area-weighted state mean (LCC m2 weights),IMD RF25/TMAX1/TMIN1
Sikkim,SIKKIM,2019,3,191.6,26.29,13.55,31,1,VERIFIED,area-weighted state mean (LCC m2 weights),IMD RF25/TMAX1/TMIN1
Sikkim,SIKKIM,2019,4,214.6,27.81,18.6,30,1,VERIFIED,area-weighted state mean (LCC m2 weights),IMD RF25/TMAX1/TMIN1
Sikkim,SIKKIM,2019,5,468.7,29.53,21.14,31,1,VERIFIED,area-weighted state mean (LCC m2 weights),IMD RF25/TMAX1/TMIN1
Sikkim,SIKKIM,2019,6,537.4,30.98,23.11,30,1,VERIFIED,area-weighted state mean (LCC m2 weights),IMD RF25/TMAX1/TMIN1
Sikkim,SIKKIM,2019,7,739.7,29.3,23.48,31,1,VERIFIED,area-weighted state mean (LCC m2 weights),IMD RF25/TMAX1/TMIN1
Sikkim,SIKKIM,2019,8,411.7,31.12,24.14,31,1,VERIFIED,area-weighted state mean (LCC m2 weights),IMD RF25/TMAX1/TMIN1
Sikkim,SIKKIM,2019,9,476.0,28.61,22.84,30,1,VERIFIED,area-weighted state mean (LCC m2 weights),IMD RF25/TMAX1/TMIN1
Sikkim,SIKKIM,2019,10,105.2,27.49,19.5,31,1,VERIFIED,area-weighted state mean (LCC m2 weights),IMD RF25/TMAX1/TMIN1
Sikkim,SIKKIM,2019,11,7.6,26.27,15.59,30,1,VERIFIED,area-weighted state mean (LCC m2 weights),IMD RF25/TMAX1/TMIN1
Sikkim,SIKKIM,2019,12,20.9,20.12,9.24,31,1,VERIFIED,area-weighted state mean (LCC m2 weights),IMD RF25/TMAX1/TMIN1
Lakshadweep,LAKSHADWEEP,2019,1,,,,31,0,INSUFFICIENT_COVERAGE,area-weighted state mean (LCC m2 weights),IMD RF25/TMAX1/TMIN1
Lakshadweep,LAKSHADWEEP,2019,2,,,,28,0,INSUFFICIENT_COVERAGE,area-weighted state mean (LCC m2 weights),IMD RF25/TMAX1/TMIN1
Lakshadweep,LAKSHADWEEP,2019,3,,,,31,0,INSUFFICIENT_COVERAGE,area-weighted state mean (LCC m2 weights),IMD RF25/TMAX1/TMIN1
Lakshadweep,LAKSHADWEEP,2019,4,,,,30,0,INSUFFICIENT_COVERAGE,area-weighted state mean (LCC m2 weights),IMD RF25/TMAX1/TMIN1
Lakshadweep,LAKSHADWEEP,2019,5,,,,31,0,INSUFFICIENT_COVERAGE,area-weighted state mean (LCC m2 weights),IMD RF25/TMAX1/TMIN1
Lakshadweep,LAKSHADWEEP,2019,6,,,,30,0,INSUFFICIENT_COVERAGE,area-weighted state mean (LCC m2 weights),IMD RF25/TMAX1/TMIN1
Lakshadweep,LAKSHADWEEP,2019,7,,,,31,0,INSUFFICIENT_COVERAGE,area-weighted state mean (LCC m2 weights),IMD RF25/TMAX1/TMIN1
Lakshadweep,LAKSHADWEEP,2019,8,,,,31,0,INSUFFICIENT_COVERAGE,area-weighted state mean (LCC m2 weights),IMD RF25/TMAX1/TMIN1
Lakshadweep,LAKSHADWEEP,2019,9,,,,30,0,INSUFFICIENT_COVERAGE,area-weighted state mean (LCC m2 weights),IMD RF25/TMAX1/TMIN1
Lakshadweep,LAKSHADWEEP,2019,10,,,,31,0,INSUFFICIENT_COVERAGE,area-weighted state mean (LCC m2 weights),IMD RF25/TMAX1/TMIN1
Lakshadweep,LAKSHADWEEP,2019,11,,,,30,0,INSUFFICIENT_COVERAGE,area-weighted state mean (LCC m2 weights),IMD RF25/TMAX1/TMIN1
Lakshadweep,LAKSHADWEEP,2019,12,,,,31,0,INSUFFICIENT_COVERAGE,area-weighted state mean (LCC m2 weights),IMD RF25/TMAX1/TMIN1
Andaman & Nicobar Islands,ANDAMAN & NICOBAR,2019,1,,,,31,0,INSUFFICIENT_COVERAGE,area-weighted state mean (LCC m2 weights),IMD RF25/TMAX1/TMIN1
Andaman & Nicobar Islands,ANDAMAN & NICOBAR,2019,2,,,,28,0,INSUFFICIENT_COVERAGE,area-weighted state mean (LCC m2 weights),IMD RF25/TMAX1/TMIN1
Andaman & Nicobar Islands,ANDAMAN & NICOBAR,2019,3,,,,31,0,INSUFFICIENT_COVERAGE,area-weighted state mean (LCC m2 weights),IMD RF25/TMAX1/TMIN1
Andaman & Nicobar Islands,ANDAMAN & NICOBAR,2019,4,,,,30,0,INSUFFICIENT_COVERAGE,area-weighted state mean (LCC m2 weights),IMD RF25/TMAX1/TMIN1
Andaman & Nicobar Islands,ANDAMAN & NICOBAR,2019,5,,,,31,0,INSUFFICIENT_COVERAGE,area-weighted state mean (LCC m2 weights),IMD RF25/TMAX1/TMIN1
Andaman & Nicobar Islands,ANDAMAN & NICOBAR,2019,6,,,,30,0,INSUFFICIENT_COVERAGE,area-weighted state mean (LCC m2 weights),IMD RF25/TMAX1/TMIN1
Andaman & Nicobar Islands,ANDAMAN & NICOBAR,2019,7,,,,31,0,INSUFFICIENT_COVERAGE,area-weighted state mean (LCC m2 weights),IMD RF25/TMAX1/TMIN1
Andaman & Nicobar Islands,ANDAMAN & NICOBAR,2019,8,,,,31,0,INSUFFICIENT_COVERAGE,area-weighted state mean (LCC m2 weights),IMD RF25/TMAX1/TMIN1
Andaman & Nicobar Islands,ANDAMAN & NICOBAR,2019,9,,,,30,0,INSUFFICIENT_COVERAGE,area-weighted state mean (LCC m2 weights),IMD RF25/TMAX1/TMIN1
Andaman & Nicobar Islands,ANDAMAN & NICOBAR,2019,10,,,,31,0,INSUFFICIENT_COVERAGE,area-weighted state mean (LCC m2 weights),IMD RF25/TMAX1/TMIN1
Andaman & Nicobar Islands,ANDAMAN & NICOBAR,2019,11,,,,30,0,INSUFFICIENT_COVERAGE,area-weighted state mean (LCC m2 weights),IMD RF25/TMAX1/TMIN1
Andaman & Nicobar Islands,ANDAMAN & NICOBAR,2019,12,,,,31,0,INSUFFICIENT_COVERAGE,area-weighted state mean (LCC m2 weights),IMD RF25/TMAX1/TMIN1
West Bengal,WEST BENGAL,2019,1,0.1,24.7,10.82,31,1,VERIFIED,area-weighted state mean (LCC m2 weights),IMD RF25/TMAX1/TMIN1
West Bengal,WEST BENGAL,2019,2,71.4,27.42,14.42,28,1,VERIFIED,area-weighted state mean (LCC m2 weights),IMD RF25/TMAX1/TMIN1
West Bengal,WEST BENGAL,2019,3,37.0,30.92,18.36,31,1,VERIFIED,area-weighted state mean (LCC m2 weights),IMD RF25/TMAX1/TMIN1
West Bengal,WEST BENGAL,2019,4,76.5,33.75,22.56,30,1,VERIFIED,area-weighted state mean (LCC m2 weights),IMD RF25/TMAX1/TMIN1
West Bengal,WEST BENGAL,2019,5,147.3,35.8,25.36,31,1,VERIFIED,area-weighted state mean (LCC m2 weights),IMD RF25/TMAX1/TMIN1
West Bengal,WEST BENGAL,2019,6,173.5,35.33,26.28,30,1,VERIFIED,area-weighted state mean (LCC m2 weights),IMD RF25/TMAX1/TMIN1
West Bengal,WEST BENGAL,2019,7,377.4,33.11,26.03,31,1,VERIFIED,area-weighted state mean (LCC m2 weights),IMD RF25/TMAX1/TMIN1
West Bengal,WEST BENGAL,2019,8,302.0,32.81,25.96,31,1,VERIFIED,area-weighted state mean (LCC m2 weights),IMD RF25/TMAX1/TMIN1
West Bengal,WEST BENGAL,2019,9,318.3,31.67,25.39,30,1,VERIFIED,area-weighted state mean (LCC m2 weights),IMD RF25/TMAX1/TMIN1
West Bengal,WEST BENGAL,2019,10,152.6,30.6,22.84,31,1,VERIFIED,area-weighted state mean (LCC m2 weights),IMD RF25/TMAX1/TMIN1
West Bengal,WEST BENGAL,2019,11,49.6,28.92,18.35,30,1,VERIFIED,area-weighted state mean (LCC m2 weights),IMD RF25/TMAX1/TMIN1
West Bengal,WEST BENGAL,2019,12,9.2,23.76,13.08,31,1,VERIFIED,area-weighted state mean (LCC m2 weights),IMD RF25/TMAX1/TMIN1
Kerala,KERALA,2019,1,1.0,30.07,17.74,31,1,VERIFIED,area-weighted state mean (LCC m2 weights),IMD RF25/TMAX1/TMIN1
Kerala,KERALA,2019,2,13.9,32.0,20.36,28,1,VERIFIED,area-weighted state mean (LCC m2 weights),IMD RF25/TMAX1/TMIN1
Kerala,KERALA,2019,3,15.9,33.61,21.74,31,1,VERIFIED,area-weighted state mean (LCC m2 weights),IMD RF25/TMAX1/TMIN1
Kerala,KERALA,2019,4,93.4,34.16,23.04,30,1,VERIFIED,area-weighted state mean (LCC m2 weights),IMD RF25/TMAX1/TMIN1
Kerala,KERALA,2019,5,62.4,33.52,23.63,31,1,VERIFIED,area-weighted state mean (LCC m2 weights),IMD RF25/TMAX1/TMIN1
Kerala,KERALA,2019,6,264.4,30.92,22.72,30,1,VERIFIED,area-weighted state mean (LCC m2 weights),IMD RF25/TMAX1/TMIN1
Kerala,KERALA,2019,7,444.6,29.18,21.81,31,1,VERIFIED,area-weighted state mean (LCC m2 weights),IMD RF25/TMAX1/TMIN1
Kerala,KERALA,2019,8,894.2,28.24,21.45,31,1,VERIFIED,area-weighted state mean (LCC m2 weights),IMD RF25/TMAX1/TMIN1
Kerala,KERALA,2019,9,414.8,29.29,21.78,30,1,VERIFIED,area-weighted state mean (LCC m2 weights),IMD RF25/TMAX1/TMIN1
Kerala,KERALA,2019,10,415.3,29.0,21.33,31,1,VERIFIED,area-weighted state mean (LCC m2 weights),IMD RF25/TMAX1/TMIN1
Kerala,KERALA,2019,11,124.5,29.6,21.13,30,1,VERIFIED,area-weighted state mean (LCC m2 weights),IMD RF25/TMAX1/TMIN1
Kerala,KERALA,2019,12,43.3,28.88,20.49,31,1,VERIFIED,area-weighted state mean (LCC m2 weights),IMD RF25/TMAX1/TMIN1
Chhattisgarh,CHHATTISGARH,2019,1,12.5,26.57,10.74,31,1,VERIFIED,area-weighted state mean (LCC m2 weights),IMD RF25/TMAX1/TMIN1
Chhattisgarh,CHHATTISGARH,2019,2,13.1,30.1,14.63,28,1,VERIFIED,area-weighted state mean (LCC m2 weights),IMD RF25/TMAX1/TMIN1
Chhattisgarh,CHHATTISGARH,2019,3,14.2,33.87,18.68,31,1,VERIFIED,area-weighted state mean (LCC m2 weights),IMD RF25/TMAX1/TMIN1
Chhattisgarh,CHHATTISGARH,2019,4,15.0,39.05,23.21,30,1,VERIFIED,area-weighted state mean (LCC m2 weights),IMD RF25/TMAX1/TMIN1
Chhattisgarh,CHHATTISGARH,2019,5,18.2,41.37,26.4,31,1,VERIFIED,area-weighted state mean (LCC m2 weights),IMD RF25/TMAX1/TMIN1
Chhattisgarh,CHHATTISGARH,2019,6,130.4,38.75,26.68,30,1,VERIFIED,area-weighted state mean (LCC m2 weights),IMD RF25/TMAX1/TMIN1
Chhattisgarh,CHHATTISGARH,2019,7,356.3,31.93,24.2,31,1,VERIFIED,area-weighted state mean (LCC m2 weights),IMD RF25/TMAX1/TMIN1
Chhattisgarh,CHHATTISGARH,2019,8,404.3,30.33,23.79,31,1,VERIFIED,area-weighted state mean (LCC m2 weights),IMD RF25/TMAX1/TMIN1
Chhattisgarh,CHHATTISGARH,2019,9,340.4,30.56,23.57,30,1,VERIFIED,area-weighted state mean (LCC m2 weights),IMD RF25/TMAX1/TMIN1
Chhattisgarh,CHHATTISGARH,2019,10,105.4,30.46,21.27,31,1,VERIFIED,area-weighted state mean (LCC m2 weights),IMD RF25/TMAX1/TMIN1
Chhattisgarh,CHHATTISGARH,2019,11,0.8,29.89,16.71,30,1,VERIFIED,area-weighted state mean (LCC m2 weights),IMD RF25/TMAX1/TMIN1
Chhattisgarh,CHHATTISGARH,2019,12,5.0,26.05,13.38,31,1,VERIFIED,area-weighted state mean (LCC m2 weights),IMD RF25/TMAX1/TMIN1
Odisha,ODISHA,2019,1,0.9,27.24,12.12,31,1,VERIFIED,area-weighted state mean (LCC m2 weights),IMD RF25/TMAX1/TMIN1
Odisha,ODISHA,2019,2,23.9,30.88,15.9,28,1,VERIFIED,area-weighted state mean (LCC m2 weights),IMD RF25/TMAX1/TMIN1
Odisha,ODISHA,2019,3,26.3,33.89,20.51,31,1,VERIFIED,area-weighted state mean (LCC m2 weights),IMD RF25/TMAX1/TMIN1
Odisha,ODISHA,2019,4,41.0,37.44,23.63,30,1,VERIFIED,area-weighted state mean (LCC m2 weights),IMD RF25/TMAX1/TMIN1
Odisha,ODISHA,2019,5,92.7,38.71,26.1,31,1,VERIFIED,area-weighted state mean (LCC m2 weights),IMD RF25/TMAX1/TMIN1
Odisha,ODISHA,2019,6,141.9,36.42,25.97,30,1,VERIFIED,area-weighted state mean (LCC m2 weights),IMD RF25/TMAX1/TMIN1
Odisha,ODISHA,2019,7,284.7,32.15,24.58,31,1,VERIFIED,area-weighted state mean (LCC m2 weights),IMD RF25/TMAX1/TMIN1
Odisha,ODISHA,2019,8,430.2,31.08,24.23,31,1,VERIFIED,area-weighted state mean (LCC m2 weights),IMD RF25/TMAX1/TMIN1
Odisha,ODISHA,2019,9,346.3,31.05,23.96,30,1,VERIFIED,area-weighted state mean (LCC m2 weights),IMD RF25/TMAX1/TMIN1
Odisha,ODISHA,2019,10,191.6,31.16,22.31,31,1,VERIFIED,area-weighted state mean (LCC m2 weights),IMD RF25/TMAX1/TMIN1
Odisha,ODISHA,2019,11,15.4,29.94,18.13,30,1,VERIFIED,area-weighted state mean (LCC m2 weights),IMD RF25/TMAX1/TMIN1
Odisha,ODISHA,2019,12,2.3,27.0,14.81,31,1,VERIFIED,area-weighted state mean (LCC m2 weights),IMD RF25/TMAX1/TMIN1
Chandigarh,CHANDIGARH,2019,1,19.7,17.96,5.41,31,1,VERIFIED,area-weighted state mean (LCC m2 weights),IMD RF25/TMAX1/TMIN1
Chandigarh,CHANDIGARH,2019,2,57.8,19.24,7.78,28,1,VERIFIED,area-weighted state mean (LCC m2 weights),IMD RF25/TMAX1/TMIN1
Chandigarh,CHANDIGARH,2019,3,25.9,24.2,10.84,31,1,VERIFIED,area-weighted state mean (LCC m2 weights),IMD RF25/TMAX1/TMIN1
Chandigarh,CHANDIGARH,2019,4,35.2,33.48,18.01,30,1,VERIFIED,area-weighted state mean (LCC m2 weights),IMD RF25/TMAX1/TMIN1
Chandigarh,CHANDIGARH,2019,5,19.9,36.2,20.49,31,1,VERIFIED,area-weighted state mean (LCC m2 weights),IMD RF25/TMAX1/TMIN1
Chandigarh,CHANDIGARH,2019,6,22.0,38.24,24.13,30,1,VERIFIED,area-weighted state mean (LCC m2 weights),IMD RF25/TMAX1/TMIN1
Chandigarh,CHANDIGARH,2019,7,297.4,32.77,24.42,31,1,VERIFIED,area-weighted state mean (LCC m2 weights),IMD RF25/TMAX1/TMIN1
Chandigarh,CHANDIGARH,2019,8,244.6,32.34,24.39,31,1,VERIFIED,area-weighted state mean (LCC m2 weights),IMD RF25/TMAX1/TMIN1
Chandigarh,CHANDIGARH,2019,9,148.1,32.15,23.51,30,1,VERIFIED,area-weighted state mean (LCC m2 weights),IMD RF25/TMAX1/TMIN1
Chandigarh,CHANDIGARH,2019,10,0.1,29.63,16.88,31,1,VERIFIED,area-weighted state mean (LCC m2 weights),IMD RF25/TMAX1/TMIN1
Chandigarh,CHANDIGARH,2019,11,31.8,24.47,12.38,30,1,VERIFIED,area-weighted state mean (LCC m2 weights),IMD RF25/TMAX1/TMIN1
Chandigarh,CHANDIGARH,2019,12,32.1,16.39,6.07,31,1,VERIFIED,area-weighted state mean (LCC m2 weights),IMD RF25/TMAX1/TMIN1
Delhi,DELHI,2019,1,33.8,20.62,6.69,31,1,VERIFIED,area-weighted state mean (LCC m2 weights),IMD RF25/TMAX1/TMIN1
Delhi,DELHI,2019,2,30.1,22.35,9.96,28,1,VERIFIED,area-weighted state mean (LCC m2 weights),IMD RF25/TMAX1/TMIN1
Delhi,DELHI,2019,3,7.1,28.42,13.21,31,1,VERIFIED,area-weighted state mean (LCC m2 weights),IMD RF25/TMAX1/TMIN1
Delhi,DELHI,2019,4,5.3,37.58,21.08,30,1,VERIFIED,area-weighted state mean (LCC m2 weights),IMD RF25/TMAX1/TMIN1
Delhi,DELHI,2019,5,26.4,40.25,24.08,31,1,VERIFIED,area-weighted state mean (LCC m2 weights),IMD RF25/TMAX1/TMIN1
Delhi,DELHI,2019,6,10.3,41.26,27.43,30,1,VERIFIED,area-weighted state mean (LCC m2 weights),IMD RF25/TMAX1/TMIN1
Delhi,DELHI,2019,7,138.2,35.41,26.8,31,1,VERIFIED,area-weighted state mean (LCC m2 weights),IMD RF25/TMAX1/TMIN1
Delhi,DELHI,2019,8,135.9,34.31,26.11,31,1,VERIFIED,area-weighted state mean (LCC m2 weights),IMD RF25/TMAX1/TMIN1
Delhi,DELHI,2019,9,56.7,34.39,25.49,30,1,VERIFIED,area-weighted state mean (LCC m2 weights),IMD RF25/TMAX1/TMIN1
Delhi,DELHI,2019,10,20.3,32.64,19.14,31,1,VERIFIED,area-weighted state mean (LCC m2 weights),IMD RF25/TMAX1/TMIN1
Delhi,DELHI,2019,11,2.4,27.84,14.44,30,1,VERIFIED,area-weighted state mean (LCC m2 weights),IMD RF25/TMAX1/TMIN1
Delhi,DELHI,2019,12,29.0,18.63,7.33,31,1,VERIFIED,area-weighted state mean (LCC m2 weights),IMD RF25/TMAX1/TMIN1
Gujarat,GUJARAT,2019,1,0.0,27.89,11.99,31,1,VERIFIED,area-weighted state mean (LCC m2 weights),IMD RF25/TMAX1/TMIN1
Gujarat,GUJARAT,2019,2,0.3,29.4,14.46,28,1,VERIFIED,area-weighted state mean (LCC m2 weights),IMD RF25/TMAX1/TMIN1
Gujarat,GUJARAT,2019,3,0.0,33.71,18.77,31,1,VERIFIED,area-weighted state mean (LCC m2 weights),IMD RF25/TMAX1/TMIN1
Gujarat,GUJARAT,2019,4,0.7,38.23,23.83,30,1,VERIFIED,area-weighted state mean (LCC m2 weights),IMD RF25/TMAX1/TMIN1
Gujarat,GUJARAT,2019,5,0.2,37.99,25.92,31,1,VERIFIED,area-weighted state mean (LCC m2 weights),IMD RF25/TMAX1/TMIN1
Gujarat,GUJARAT,2019,6,85.6,36.75,27.3,30,1,VERIFIED,area-weighted state mean (LCC m2 weights),IMD RF25/TMAX1/TMIN1
Gujarat,GUJARAT,2019,7,189.7,33.83,26.47,31,1,VERIFIED,area-weighted state mean (LCC m2 weights),IMD RF25/TMAX1/TMIN1
Gujarat,GUJARAT,2019,8,411.1,30.77,24.99,31,1,VERIFIED,area-weighted state mean (LCC m2 weights),IMD RF25/TMAX1/TMIN1
Gujarat,GUJARAT,2019,9,307.0,31.59,24.92,30,1,VERIFIED,area-weighted state mean (LCC m2 weights),IMD RF25/TMAX1/TMIN1
Gujarat,GUJARAT,2019,10,56.2,33.13,22.87,31,1,VERIFIED,area-weighted state mean (LCC m2 weights),IMD RF25/TMAX1/TMIN1
Gujarat,GUJARAT,2019,11,19.7,31.17,20.08,30,1,VERIFIED,area-weighted state mean (LCC m2 weights),IMD RF25/TMAX1/TMIN1
Gujarat,GUJARAT,2019,12,1.3,27.75,14.89,31,1,VERIFIED,area-weighted state mean (LCC m2 weights),IMD RF25/TMAX1/TMIN1
Haryana,HARYANA,2019,1,15.7,19.97,6.32,31,1,VERIFIED,area-weighted state mean (LCC m2 weights),IMD RF25/TMAX1/TMIN1
Haryana,HARYANA,2019,2,21.5,21.5,9.21,28,1,VERIFIED,area-weighted state mean (LCC m2 weights),IMD RF25/TMAX1/TMIN1
Haryana,HARYANA,2019,3,8.3,27.05,12.58,31,1,VERIFIED,area-weighted state mean (LCC m2 weights),IMD RF25/TMAX1/TMIN1
Haryana,HARYANA,2019,4,12.3,36.61,20.31,30,1,VERIFIED,area-weighted state mean (LCC m2 weights),IMD RF25/TMAX1/TMIN1
Haryana,HARYANA,2019,5,17.9,39.12,23.11,31,1,VERIFIED,area-weighted state mean (LCC m2 weights),IMD RF25/TMAX1/TMIN1
Haryana,HARYANA,2019,6,20.3,40.74,26.67,30,1,VERIFIED,area-weighted state mean (LCC m2 weights),IMD RF25/TMAX1/TMIN1
Haryana,HARYANA,2019,7,146.8,34.93,26.28,31,1,VERIFIED,area-weighted state mean (LCC m2 weights),IMD RF25/TMAX1/TMIN1
Haryana,HARYANA,2019,8,97.0,34.0,25.67,31,1,VERIFIED,area-weighted state mean (LCC m2 weights),IMD RF25/TMAX1/TMIN1
Haryana,HARYANA,2019,9,26.3,34.27,24.93,30,1,VERIFIED,area-weighted state mean (LCC m2 weights),IMD RF25/TMAX1/TMIN1
Haryana,HARYANA,2019,10,7.2,32.13,18.23,31,1,VERIFIED,area-weighted state mean (LCC m2 weights),IMD RF25/TMAX1/TMIN1
Haryana,HARYANA,2019,11,14.1,26.78,13.83,30,1,VERIFIED,area-weighted state mean (LCC m2 weights),IMD RF25/TMAX1/TMIN1
Haryana,HARYANA,2019,12,13.2,18.1,6.7,31,1,VERIFIED,area-weighted state mean (LCC m2 weights),IMD RF25/TMAX1/TMIN1
Punjab,PUNJAB,2019,1,32.5,18.12,5.29,31,1,VERIFIED,area-weighted state mean (LCC m2 weights),IMD RF25/TMAX1/TMIN1
Punjab,PUNJAB,2019,2,79.6,19.43,7.49,28,1,VERIFIED,area-weighted state mean (LCC m2 weights),IMD RF25/TMAX1/TMIN1
Punjab,PUNJAB,2019,3,10.7,24.38,10.83,31,1,VERIFIED,area-weighted state mean (LCC m2 weights),IMD RF25/TMAX1/TMIN1
Punjab,PUNJAB,2019,4,24.5,34.15,18.02,30,1,VERIFIED,area-weighted state mean (LCC m2 weights),IMD RF25/TMAX1/TMIN1
Punjab,PUNJAB,2019,5,20.2,37.38,20.79,31,1,VERIFIED,area-weighted state mean (LCC m2 weights),IMD RF25/TMAX1/TMIN1
Punjab,PUNJAB,2019,6,27.5,40.08,24.79,30,1,VERIFIED,area-weighted state mean (LCC m2 weights),IMD RF25/TMAX1/TMIN1
Punjab,PUNJAB,2019,7,203.9,34.48,25.37,31,1,VERIFIED,area-weighted state mean (LCC m2 weights),IMD RF25/TMAX1/TMIN1
Punjab,PUNJAB,2019,8,178.7,33.86,25.13,31,1,VERIFIED,area-weighted state mean (LCC m2 weights),IMD RF25/TMAX1/TMIN1
Punjab,PUNJAB,2019,9,76.5,33.97,24.05,30,1,VERIFIED,area-weighted state mean (LCC m2 weights),IMD RF25/TMAX1/TMIN1
Punjab,PUNJAB,2019,10,7.7,30.89,16.95,31,1,VERIFIED,area-weighted state mean (LCC m2 weights),IMD RF25/TMAX1/TMIN1
Punjab,PUNJAB,2019,11,23.1,24.74,12.11,30,1,VERIFIED,area-weighted state mean (LCC m2 weights),IMD RF25/TMAX1/TMIN1
Punjab,PUNJAB,2019,12,30.3,16.78,5.53,31,1,VERIFIED,area-weighted state mean (LCC m2 weights),IMD RF25/TMAX1/TMIN1
Uttar Pradesh,UTTAR PRADESH,2019,1,13.3,21.84,7.69,31,1,VERIFIED,area-weighted state mean (LCC m2 weights),IMD RF25/TMAX1/TMIN1
Uttar Pradesh,UTTAR PRADESH,2019,2,25.5,24.03,11.06,28,1,VERIFIED,area-weighted state mean (LCC m2 weights),IMD RF25/TMAX1/TMIN1
Uttar Pradesh,UTTAR PRADESH,2019,3,5.1,30.01,14.41,31,1,VERIFIED,area-weighted state mean (LCC m2 weights),IMD RF25/TMAX1/TMIN1
Uttar Pradesh,UTTAR PRADESH,2019,4,5.8,37.66,21.66,30,1,VERIFIED,area-weighted state mean (LCC m2 weights),IMD RF25/TMAX1/TMIN1
Uttar Pradesh,UTTAR PRADESH,2019,5,3.1,40.47,24.8,31,1,VERIFIED,area-weighted state mean (LCC m2 weights),IMD RF25/TMAX1/TMIN1
Uttar Pradesh,UTTAR PRADESH,2019,6,45.2,39.89,27.23,30,1,VERIFIED,area-weighted state mean (LCC m2 weights),IMD RF25/TMAX1/TMIN1
Uttar Pradesh,UTTAR PRADESH,2019,7,316.0,34.09,25.96,31,1,VERIFIED,area-weighted state mean (LCC m2 weights),IMD RF25/TMAX1/TMIN1
Uttar Pradesh,UTTAR PRADESH,2019,8,177.5,33.15,25.56,31,1,VERIFIED,area-weighted state mean (LCC m2 weights),IMD RF25/TMAX1/TMIN1
Uttar Pradesh,UTTAR PRADESH,2019,9,232.4,32.04,24.69,30,1,VERIFIED,area-weighted state mean (LCC m2 weights),IMD RF25/TMAX1/TMIN1
Uttar Pradesh,UTTAR PRADESH,2019,10,19.9,30.98,20.09,31,1,VERIFIED,area-weighted state mean (LCC m2 weights),IMD RF25/TMAX1/TMIN1
Uttar Pradesh,UTTAR PRADESH,2019,11,4.3,28.61,14.91,30,1,VERIFIED,area-weighted state mean (LCC m2 weights),IMD RF25/TMAX1/TMIN1
Uttar Pradesh,UTTAR PRADESH,2019,12,25.6,19.87,8.82,31,1,VERIFIED,area-weighted state mean (LCC m2 weights),IMD RF25/TMAX1/TMIN1
Karnataka,KARNATAKA,2019,1,1.7,30.25,14.69,31,1,VERIFIED,area-weighted state mean (LCC m2 weights),IMD RF25/TMAX1/TMIN1
Karnataka,KARNATAKA,2019,2,3.8,32.95,17.92,28,1,VERIFIED,area-weighted state mean (LCC m2 weights),IMD RF25/TMAX1/TMIN1
Karnataka,KARNATAKA,2019,3,3.6,35.66,20.47,31,1,VERIFIED,area-weighted state mean (LCC m2 weights),IMD RF25/TMAX1/TMIN1
Karnataka,KARNATAKA,2019,4,27.8,36.94,22.96,30,1,VERIFIED,area-weighted state mean (LCC m2 weights),IMD RF25/TMAX1/TMIN1
Karnataka,KARNATAKA,2019,5,47.9,36.74,23.74,31,1,VERIFIED,area-weighted state mean (LCC m2 weights),IMD RF25/TMAX1/TMIN1
Karnataka,KARNATAKA,2019,6,132.5,32.6,22.73,30,1,VERIFIED,area-weighted state mean (LCC m2 weights),IMD RF25/TMAX1/TMIN1
Karnataka,KARNATAKA,2019,7,218.0,29.47,21.69,31,1,VERIFIED,area-weighted state mean (LCC m2 weights),IMD RF25/TMAX1/TMIN1
Karnataka,KARNATAKA,2019,8,348.9,28.43,21.33,31,1,VERIFIED,area-weighted state mean (LCC m2 weights),IMD RF25/TMAX1/TMIN1
Karnataka,KARNATAKA,2019,9,222.7,29.07,21.16,30,1,VERIFIED,area-weighted state mean (LCC m2 weights),IMD RF25/TMAX1/TMIN1
Karnataka,KARNATAKA,2019,10,260.7,29.41,20.76,31,1,VERIFIED,area-weighted state mean (LCC m2 weights),IMD RF25/TMAX1/TMIN1
Karnataka,KARNATAKA,2019,11,27.4,30.09,19.47,30,1,VERIFIED,area-weighted state mean (LCC m2 weights),IMD RF25/TMAX1/TMIN1
Karnataka,KARNATAKA,2019,12,12.0,29.04,18.22,31,1,VERIFIED,area-weighted state mean (LCC m2 weights),IMD RF25/TMAX1/TMIN1
Andhra Pradesh,ANDHRA PRADESH,2019,1,11.4,29.74,16.67,31,1,VERIFIED,area-weighted state mean (LCC m2 weights),IMD RF25/TMAX1/TMIN1
Andhra Pradesh,ANDHRA PRADESH,2019,2,1.4,32.86,20.23,28,1,VERIFIED,area-weighted state mean (LCC m2 weights),IMD RF25/TMAX1/TMIN1
Andhra Pradesh,ANDHRA PRADESH,2019,3,4.7,36.17,23.19,31,1,VERIFIED,area-weighted state mean (LCC m2 weights),IMD RF25/TMAX1/TMIN1
Andhra Pradesh,ANDHRA PRADESH,2019,4,17.4,38.26,25.34,30,1,VERIFIED,area-weighted state mean (LCC m2 weights),IMD RF25/TMAX1/TMIN1
Andhra Pradesh,ANDHRA PRADESH,2019,5,28.8,39.68,27.25,31,1,VERIFIED,area-weighted state mean (LCC m2 weights),IMD RF25/TMAX1/TMIN1
Andhra Pradesh,ANDHRA PRADESH,2019,6,58.6,37.27,26.71,30,1,VERIFIED,area-weighted state mean (LCC m2 weights),IMD RF25/TMAX1/TMIN1
Andhra Pradesh,ANDHRA PRADESH,2019,7,134.8,33.65,24.97,31,1,VERIFIED,area-weighted state mean (LCC m2 weights),IMD RF25/TMAX1/TMIN1
Andhra Pradesh,ANDHRA PRADESH,2019,8,150.9,32.3,24.51,31,1,VERIFIED,area-weighted state mean (LCC m2 weights),IMD RF25/TMAX1/TMIN1
Andhra Pradesh,ANDHRA PRADESH,2019,9,236.6,31.59,23.97,30,1,VERIFIED,area-weighted state mean (LCC m2 weights),IMD RF25/TMAX1/TMIN1
Andhra Pradesh,ANDHRA PRADESH,2019,10,229.8,31.12,23.32,31,1,VERIFIED,area-weighted state mean (LCC m2 weights),IMD RF25/TMAX1/TMIN1
Andhra Pradesh,ANDHRA PRADESH,2019,11,24.4,31.11,21.63,30,1,VERIFIED,area-weighted state mean (LCC m2 weights),IMD RF25/TMAX1/TMIN1
Andhra Pradesh,ANDHRA PRADESH,2019,12,36.3,29.09,19.73,31,1,VERIFIED,area-weighted state mean (LCC m2 weights),IMD RF25/TMAX1/TMIN1
Bihar,BIHAR,2019,1,4.1,23.51,8.98,31,1,VERIFIED,area-weighted state mean (LCC m2 weights),IMD RF25/TMAX1/TMIN1
Bihar,BIHAR,2019,2,26.9,25.99,12.45,28,1,VERIFIED,area-weighted state mean (LCC m2 weights),IMD RF25/TMAX1/TMIN1
Bihar,BIHAR,2019,3,3.4,30.81,15.86,31,1,VERIFIED,area-weighted state mean (LCC m2 weights),IMD RF25/TMAX1/TMIN1
Bihar,BIHAR,2019,4,45.6,35.31,22.15,30,1,VERIFIED,area-weighted state mean (LCC m2 weights),IMD RF25/TMAX1/TMIN1
Bihar,BIHAR,2019,5,38.2,38.52,25.16,31,1,VERIFIED,area-weighted state mean (LCC m2 weights),IMD RF25/TMAX1/TMIN1
Bihar,BIHAR,2019,6,106.0,37.74,26.89,30,1,VERIFIED,area-weighted state mean (LCC m2 weights),IMD RF25/TMAX1/TMIN1
Bihar,BIHAR,2019,7,426.1,33.46,26.06,31,1,VERIFIED,area-weighted state mean (LCC m2 weights),IMD RF25/TMAX1/TMIN1
Bihar,BIHAR,2019,8,142.1,33.82,26.23,31,1,VERIFIED,area-weighted state mean (LCC m2 weights),IMD RF25/TMAX1/TMIN1
Bihar,BIHAR,2019,9,393.9,31.95,25.33,30,1,VERIFIED,area-weighted state mean (LCC m2 weights),IMD RF25/TMAX1/TMIN1
Bihar,BIHAR,2019,10,30.6,30.45,22.01,31,1,VERIFIED,area-weighted state mean (LCC m2 weights),IMD RF25/TMAX1/TMIN1
Bihar,BIHAR,2019,11,0.0,29.03,17.0,30,1,VERIFIED,area-weighted state mean (LCC m2 weights),IMD RF25/TMAX1/TMIN1
Bihar,BIHAR,2019,12,14.9,21.72,10.98,31,1,VERIFIED,area-weighted state mean (LCC m2 weights),IMD RF25/TMAX1/TMIN1
Goa,GOA,2019,1,0.0,31.73,16.45,31,1,VERIFIED,area-weighted state mean (LCC m2 weights),IMD RF25/TMAX1/TMIN1
Goa,GOA,2019,2,0.0,32.69,18.52,28,1,VERIFIED,area-weighted state mean (LCC m2 weights),IMD RF25/TMAX1/TMIN1
Goa,GOA,2019,3,1.7,33.9,20.88,31,1,VERIFIED,area-weighted state mean (LCC m2 weights),IMD RF25/TMAX1/TMIN1
Goa,GOA,2019,4,6.5,35.26,23.97,30,1,VERIFIED,area-weighted state mean (LCC m2 weights),IMD RF25/TMAX1/TMIN1
Goa,GOA,2019,5,4.4,35.48,24.91,31,1,VERIFIED,area-weighted state mean (LCC m2 weights),IMD RF25/TMAX1/TMIN1
Goa,GOA,2019,6,689.6,31.73,24.27,30,1,VERIFIED,area-weighted state mean (LCC m2 weights),IMD RF25/TMAX1/TMIN1
Goa,GOA,2019,7,1402.5,28.77,23.24,31,1,VERIFIED,area-weighted state mean (LCC m2 weights),IMD RF25/TMAX1/TMIN1
Goa,GOA,2019,8,1390.3,28.35,23.03,31,1,VERIFIED,area-weighted state mean (LCC m2 weights),IMD RF25/TMAX1/TMIN1
Goa,GOA,2019,9,675.1,28.91,22.83,30,1,VERIFIED,area-weighted state mean (LCC m2 weights),IMD RF25/TMAX1/TMIN1
Goa,GOA,2019,10,528.5,30.38,22.56,31,1,VERIFIED,area-weighted state mean (LCC m2 weights),IMD RF25/TMAX1/TMIN1
Goa,GOA,2019,11,35.4,32.29,21.46,30,1,VERIFIED,area-weighted state mean (LCC m2 weights),IMD RF25/TMAX1/TMIN1
Goa,GOA,2019,12,1.0,31.69,20.66,31,1,VERIFIED,area-weighted state mean (LCC m2 weights),IMD RF25/TMAX1/TMIN1
Jharkhand,JHARKHAND,2019,1,1.2,24.67,9.56,31,1,VERIFIED,area-weighted state mean (LCC m2 weights),IMD RF25/TMAX1/TMIN1
Jharkhand,JHARKHAND,2019,2,33.5,28.02,13.37,28,1,VERIFIED,area-weighted state mean (LCC m2 weights),IMD RF25/TMAX1/TMIN1
Jharkhand,JHARKHAND,2019,3,19.0,31.93,17.33,31,1,VERIFIED,area-weighted state mean (LCC m2 weights),IMD RF25/TMAX1/TMIN1
Jharkhand,JHARKHAND,2019,4,41.8,36.91,22.57,30,1,VERIFIED,area-weighted state mean (LCC m2 weights),IMD RF25/TMAX1/TMIN1
Jharkhand,JHARKHAND,2019,5,58.2,39.52,25.53,31,1,VERIFIED,area-weighted state mean (LCC m2 weights),IMD RF25/TMAX1/TMIN1
Jharkhand,JHARKHAND,2019,6,89.9,37.7,26.52,30,1,VERIFIED,area-weighted state mean (LCC m2 weights),IMD RF25/TMAX1/TMIN1
Jharkhand,JHARKHAND,2019,7,250.2,32.96,25.28,31,1,VERIFIED,area-weighted state mean (LCC m2 weights),IMD RF25/TMAX1/TMIN1
Jharkhand,JHARKHAND,2019,8,254.6,32.16,24.97,31,1,VERIFIED,area-weighted state mean (LCC m2 weights),IMD RF25/TMAX1/TMIN1
Jharkhand,JHARKHAND,2019,9,274.9,31.45,24.49,30,1,VERIFIED,area-weighted state mean (LCC m2 weights),IMD RF25/TMAX1/TMIN1
Jharkhand,JHARKHAND,2019,10,134.5,30.17,21.44,31,1,VERIFIED,area-weighted state mean (LCC m2 weights),IMD RF25/TMAX1/TMIN1
Jharkhand,JHARKHAND,2019,11,0.4,28.8,16.57,30,1,VERIFIED,area-weighted state mean (LCC m2 weights),IMD RF25/TMAX1/TMIN1
Jharkhand,JHARKHAND,2019,12,10.6,23.39,11.91,31,1,VERIFIED,area-weighted state mean (LCC m2 weights),IMD RF25/TMAX1/TMIN1
Madhya Pradesh,MADHYA PRADESH,2019,1,6.8,25.0,8.12,31,1,VERIFIED,area-weighted state mean (LCC m2 weights),IMD RF25/TMAX1/TMIN1
Madhya Pradesh,MADHYA PRADESH,2019,2,7.5,28.2,12.02,28,1,VERIFIED,area-weighted state mean (LCC m2 weights),IMD RF25/TMAX1/TMIN1
Madhya Pradesh,MADHYA PRADESH,2019,3,6.9,33.02,15.78,31,1,VERIFIED,area-weighted state mean (LCC m2 weights),IMD RF25/TMAX1/TMIN1
Madhya Pradesh,MADHYA PRADESH,2019,4,7.5,40.01,22.53,30,1,VERIFIED,area-weighted state mean (LCC m2 weights),IMD RF25/TMAX1/TMIN1
Madhya Pradesh,MADHYA PRADESH,2019,5,1.9,41.81,25.95,31,1,VERIFIED,area-weighted state mean (LCC m2 weights),IMD RF25/TMAX1/TMIN1
Madhya Pradesh,MADHYA PRADESH,2019,6,68.2,40.43,27.09,30,1,VERIFIED,area-weighted state mean (LCC m2 weights),IMD RF25/TMAX1/TMIN1
Madhya Pradesh,MADHYA PRADESH,2019,7,354.5,32.66,24.25,31,1,VERIFIED,area-weighted state mean (LCC m2 weights),IMD RF25/TMAX1/TMIN1
Madhya Pradesh,MADHYA PRADESH,2019,8,471.3,30.02,23.32,31,1,VERIFIED,area-weighted state mean (LCC m2 weights),IMD RF25/TMAX1/TMIN1
Madhya Pradesh,MADHYA PRADESH,2019,9,427.2,30.35,23.15,30,1,VERIFIED,area-weighted state mean (LCC m2 weights),IMD RF25/TMAX1/TMIN1
Madhya Pradesh,MADHYA PRADESH,2019,10,41.8,30.73,19.75,31,1,VERIFIED,area-weighted state mean (LCC m2 weights),IMD RF25/TMAX1/TMIN1
Madhya Pradesh,MADHYA PRADESH,2019,11,5.4,29.81,15.48,30,1,VERIFIED,area-weighted state mean (LCC m2 weights),IMD RF25/TMAX1/TMIN1
Madhya Pradesh,MADHYA PRADESH,2019,12,8.0,23.92,10.53,31,1,VERIFIED,area-weighted state mean (LCC m2 weights),IMD RF25/TMAX1/TMIN1
Maharashtra,MAHARASHTRA,2019,1,3.9,29.38,12.17,31,1,VERIFIED,area-weighted state mean (LCC m2 weights),IMD RF25/TMAX1/TMIN1
Maharashtra,MAHARASHTRA,2019,2,0.7,32.38,15.72,28,1,VERIFIED,area-weighted state mean (LCC m2 weights),IMD RF25/TMAX1/TMIN1
Maharashtra,MAHARASHTRA,2019,3,1.8,36.22,19.07,31,1,VERIFIED,area-weighted state mean (LCC m2 weights),IMD RF25/TMAX1/TMIN1
Maharashtra,MAHARASHTRA,2019,4,4.6,40.07,23.78,30,1,VERIFIED,area-weighted state mean (LCC m2 weights),IMD RF25/TMAX1/TMIN1
Maharashtra,MAHARASHTRA,2019,5,1.4,40.66,25.81,31,1,VERIFIED,area-weighted state mean (LCC m2 weights),IMD RF25/TMAX1/TMIN1
Maharashtra,MAHARASHTRA,2019,6,145.2,36.99,25.41,30,1,VERIFIED,area-weighted state mean (LCC m2 weights),IMD RF25/TMAX1/TMIN1
Maharashtra,MAHARASHTRA,2019,7,427.7,31.0,23.03,31,1,VERIFIED,area-weighted state mean (LCC m2 weights),IMD RF25/TMAX1/TMIN1
Maharashtra,MAHARASHTRA,2019,8,373.2,29.42,22.37,31,1,VERIFIED,area-weighted state mean (LCC m2 weights),IMD RF25/TMAX1/TMIN1
Maharashtra,MAHARASHTRA,2019,9,329.9,29.74,22.18,30,1,VERIFIED,area-weighted state mean (LCC m2 weights),IMD RF25/TMAX1/TMIN1
Maharashtra,MAHARASHTRA,2019,10,165.6,30.65,21.04,31,1,VERIFIED,area-weighted state mean (LCC m2 weights),IMD RF25/TMAX1/TMIN1
Maharashtra,MAHARASHTRA,2019,11,21.9,30.83,18.12,30,1,VERIFIED,area-weighted state mean (LCC m2 weights),IMD RF25/TMAX1/TMIN1
Maharashtra,MAHARASHTRA,2019,12,2.1,28.82,16.33,31,1,VERIFIED,area-weighted state mean (LCC m2 weights),IMD RF25/TMAX1/TMIN1
Puducherry,PUDUCHERRY,2019,1,0.5,30.24,20.53,31,1,VERIFIED,area-weighted state mean (LCC m2 weights),IMD RF25/TMAX1/TMIN1
Puducherry,PUDUCHERRY,2019,2,3.0,32.63,23.16,28,1,VERIFIED,area-weighted state mean (LCC m2 weights),IMD RF25/TMAX1/TMIN1
Puducherry,PUDUCHERRY,2019,3,1.4,35.15,24.77,31,1,VERIFIED,area-weighted state mean (LCC m2 weights),IMD RF25/TMAX1/TMIN1
Puducherry,PUDUCHERRY,2019,4,4.2,36.79,26.78,30,1,VERIFIED,area-weighted state mean (LCC m2 weights),IMD RF25/TMAX1/TMIN1
Puducherry,PUDUCHERRY,2019,5,12.1,38.17,28.13,31,1,VERIFIED,area-weighted state mean (LCC m2 weights),IMD RF25/TMAX1/TMIN1
Puducherry,PUDUCHERRY,2019,6,30.1,38.06,27.79,30,1,VERIFIED,area-weighted state mean (LCC m2 weights),IMD RF25/TMAX1/TMIN1
Puducherry,PUDUCHERRY,2019,7,104.8,35.97,26.56,31,1,VERIFIED,area-weighted state mean (LCC m2 weights),IMD RF25/TMAX1/TMIN1
Puducherry,PUDUCHERRY,2019,8,168.8,35.0,26.1,31,1,VERIFIED,area-weighted state mean (LCC m2 weights),IMD RF25/TMAX1/TMIN1
Puducherry,PUDUCHERRY,2019,9,164.6,33.66,25.45,30,1,VERIFIED,area-weighted state mean (LCC m2 weights),IMD RF25/TMAX1/TMIN1
Puducherry,PUDUCHERRY,2019,10,274.9,31.84,25.0,31,1,VERIFIED,area-weighted state mean (LCC m2 weights),IMD RF25/TMAX1/TMIN1
Puducherry,PUDUCHERRY,2019,11,245.7,31.26,24.2,30,1,VERIFIED,area-weighted state mean (LCC m2 weights),IMD RF25/TMAX1/TMIN1
Puducherry,PUDUCHERRY,2019,12,262.7,29.52,23.16,31,1,VERIFIED,area-weighted state mean (LCC m2 weights),IMD RF25/TMAX1/TMIN1
Rajasthan,RAJASTHAN,2019,1,5.8,23.52,8.0,31,1,VERIFIED,area-weighted state mean (LCC m2 weights),IMD RF25/TMAX1/TMIN1
Rajasthan,RAJASTHAN,2019,2,2.1,25.19,10.64,28,1,VERIFIED,area-weighted state mean (LCC m2 weights),IMD RF25/TMAX1/TMIN1
Rajasthan,RAJASTHAN,2019,3,1.3,30.96,15.54,31,1,VERIFIED,area-weighted state mean (LCC m2 weights),IMD RF25/TMAX1/TMIN1
Rajasthan,RAJASTHAN,2019,4,11.4,39.22,23.17,30,1,VERIFIED,area-weighted state mean (LCC m2 weights),IMD RF25/TMAX1/TMIN1
Rajasthan,RAJASTHAN,2019,5,15.3,40.3,25.84,31,1,VERIFIED,area-weighted state mean (LCC m2 weights),IMD RF25/TMAX1/TMIN1
Rajasthan,RAJASTHAN,2019,6,44.5,41.03,28.2,30,1,VERIFIED,area-weighted state mean (LCC m2 weights),IMD RF25/TMAX1/TMIN1
Rajasthan,RAJASTHAN,2019,7,172.8,35.44,26.37,31,1,VERIFIED,area-weighted state mean (LCC m2 weights),IMD RF25/TMAX1/TMIN1
Rajasthan,RAJASTHAN,2019,8,242.7,32.68,24.89,31,1,VERIFIED,area-weighted state mean (LCC m2 weights),IMD RF25/TMAX1/TMIN1
Rajasthan,RAJASTHAN,2019,9,116.5,33.91,24.91,30,1,VERIFIED,area-weighted state mean (LCC m2 weights),IMD RF25/TMAX1/TMIN1
Rajasthan,RAJASTHAN,2019,10,21.5,33.2,19.68,31,1,VERIFIED,area-weighted state mean (LCC m2 weights),IMD RF25/TMAX1/TMIN1
Rajasthan,RAJASTHAN,2019,11,16.5,28.36,16.02,30,1,VERIFIED,area-weighted state mean (LCC m2 weights),IMD RF25/TMAX1/TMIN1
Rajasthan,RAJASTHAN,2019,12,3.5,22.4,8.58,31,1,VERIFIED,area-weighted state mean (LCC m2 weights),IMD RF25/TMAX1/TMIN1
Tamil Nadu,TAMIL NADU,2019,1,2.1,30.29,18.85,31,1,VERIFIED,area-weighted state mean (LCC m2 weights),IMD RF25/TMAX1/TMIN1
Tamil Nadu,TAMIL NADU,2019,2,2.4,32.93,21.64,28,1,VERIFIED,area-weighted state mean (LCC m2 weights),IMD RF25/TMAX1/TMIN1
Tamil Nadu,TAMIL NADU,2019,3,2.9,35.49,23.3,31,1,VERIFIED,area-weighted state mean (LCC m2 weights),IMD RF25/TMAX1/TMIN1
Tamil Nadu,TAMIL NADU,2019,4,16.7,36.77,25.21,30,1,VERIFIED,area-weighted state mean (LCC m2 weights),IMD RF25/TMAX1/TMIN1
Tamil Nadu,TAMIL NADU,2019,5,25.7,37.23,26.3,31,1,VERIFIED,area-weighted state mean (LCC m2 weights),IMD RF25/TMAX1/TMIN1
Tamil Nadu,TAMIL NADU,2019,6,29.3,35.89,25.79,30,1,VERIFIED,area-weighted state mean (LCC m2 weights),IMD RF25/TMAX1/TMIN1
Tamil Nadu,TAMIL NADU,2019,7,61.7,33.99,24.71,31,1,VERIFIED,area-weighted state mean (LCC m2 weights),IMD RF25/TMAX1/TMIN1
Tamil Nadu,TAMIL NADU,2019,8,125.9,32.87,24.25,31,1,VERIFIED,area-weighted state mean (LCC m2 weights),IMD RF25/TMAX1/TMIN1
Tamil Nadu,TAMIL NADU,2019,9,181.0,32.47,23.97,30,1,VERIFIED,area-weighted state mean (LCC m2 weights),IMD RF25/TMAX1/TMIN1
Tamil Nadu,TAMIL NADU,2019,10,231.0,30.94,23.34,31,1,VERIFIED,area-weighted state mean (LCC m2 weights),IMD RF25/TMAX1/TMIN1
Tamil Nadu,TAMIL NADU,2019,11,133.5,30.54,22.66,30,1,VERIFIED,area-weighted state mean (LCC m2 weights),IMD RF25/TMAX1/TMIN1
Tamil Nadu,TAMIL NADU,2019,12,117.3,28.99,21.57,31,1,VERIFIED,area-weighted state mean (LCC m2 weights),IMD RF25/TMAX1/TMIN1
Telangana,TELANGANA,2019,1,25.6,29.68,14.65,31,1,VERIFIED,area-weighted state mean (LCC m2 weights),IMD RF25/TMAX1/TMIN1
Telangana,TELANGANA,2019,2,1.3,33.16,18.88,28,1,VERIFIED,area-weighted state mean (LCC m2 weights),IMD RF25/TMAX1/TMIN1
Telangana,TELANGANA,2019,3,2.8,37.22,22.39,31,1,VERIFIED,area-weighted state mean (LCC m2 weights),IMD RF25/TMAX1/TMIN1
Telangana,TELANGANA,2019,4,16.0,40.34,25.25,30,1,VERIFIED,area-weighted state mean (LCC m2 weights),IMD RF25/TMAX1/TMIN1
Telangana,TELANGANA,2019,5,13.2,42.25,27.9,31,1,VERIFIED,area-weighted state mean (LCC m2 weights),IMD RF25/TMAX1/TMIN1
Telangana,TELANGANA,2019,6,89.8,38.23,26.48,30,1,VERIFIED,area-weighted state mean (LCC m2 weights),IMD RF25/TMAX1/TMIN1
Telangana,TELANGANA,2019,7,234.3,32.72,23.95,31,1,VERIFIED,area-weighted state mean (LCC m2 weights),IMD RF25/TMAX1/TMIN1
Telangana,TELANGANA,2019,8,281.9,31.0,23.41,31,1,VERIFIED,area-weighted state mean (LCC m2 weights),IMD RF25/TMAX1/TMIN1
Telangana,TELANGANA,2019,9,253.9,30.66,22.95,30,1,VERIFIED,area-weighted state mean (LCC m2 weights),IMD RF25/TMAX1/TMIN1
Telangana,TELANGANA,2019,10,169.9,31.0,22.35,31,1,VERIFIED,area-weighted state mean (LCC m2 weights),IMD RF25/TMAX1/TMIN1
Telangana,TELANGANA,2019,11,7.5,31.08,19.62,30,1,VERIFIED,area-weighted state mean (LCC m2 weights),IMD RF25/TMAX1/TMIN1
Telangana,TELANGANA,2019,12,3.1,29.02,17.86,31,1,VERIFIED,area-weighted state mean (LCC m2 weights),IMD RF25/TMAX1/TMIN1
Tripura,TRIPURA,2019,1,0.1,24.05,9.03,31,1,VERIFIED,area-weighted state mean (LCC m2 weights),IMD RF25/TMAX1/TMIN1
Tripura,TRIPURA,2019,2,44.3,25.37,11.76,28,1,VERIFIED,area-weighted state mean (LCC m2 weights),IMD RF25/TMAX1/TMIN1
Tripura,TRIPURA,2019,3,37.9,28.12,15.02,31,1,VERIFIED,area-weighted state mean (LCC m2 weights),IMD RF25/TMAX1/TMIN1
Tripura,TRIPURA,2019,4,191.3,29.71,18.82,30,1,VERIFIED,area-weighted state mean (LCC m2 weights),IMD RF25/TMAX1/TMIN1
Tripura,TRIPURA,2019,5,326.6,30.6,21.71,31,1,VERIFIED,area-weighted state mean (LCC m2 weights),IMD RF25/TMAX1/TMIN1
Tripura,TRIPURA,2019,6,292.2,31.86,23.75,30,1,VERIFIED,area-weighted state mean (LCC m2 weights),IMD RF25/TMAX1/TMIN1
Tripura,TRIPURA,2019,7,637.3,30.97,23.78,31,1,VERIFIED,area-weighted state mean (LCC m2 weights),IMD RF25/TMAX1/TMIN1
Tripura,TRIPURA,2019,8,266.8,32.52,24.09,31,1,VERIFIED,area-weighted state mean (LCC m2 weights),IMD RF25/TMAX1/TMIN1
Tripura,TRIPURA,2019,9,278.1,30.83,23.07,30,1,VERIFIED,area-weighted state mean (LCC m2 weights),IMD RF25/TMAX1/TMIN1
Tripura,TRIPURA,2019,10,174.1,29.36,20.53,31,1,VERIFIED,area-weighted state mean (LCC m2 weights),IMD RF25/TMAX1/TMIN1
Tripura,TRIPURA,2019,11,59.2,27.98,16.53,30,1,VERIFIED,area-weighted state mean (LCC m2 weights),IMD RF25/TMAX1/TMIN1
Tripura,TRIPURA,2019,12,5.9,23.35,10.63,31,1,VERIFIED,area-weighted state mean (LCC m2 weights),IMD RF25/TMAX1/TMIN1
Uttarakhand,UTTARAKHAND,2019,1,83.8,16.58,5.01,31,1,VERIFIED,area-weighted state mean (LCC m2 weights),IMD RF25/TMAX1/TMIN1
Uttarakhand,UTTARAKHAND,2019,2,136.9,17.32,7.34,28,1,VERIFIED,area-weighted state mean (LCC m2 weights),IMD RF25/TMAX1/TMIN1
Uttarakhand,UTTARAKHAND,2019,3,42.3,22.75,10.17,31,1,VERIFIED,area-weighted state mean (LCC m2 weights),IMD RF25/TMAX1/TMIN1
Uttarakhand,UTTARAKHAND,2019,4,50.4,30.35,16.64,30,1,VERIFIED,area-weighted state mean (LCC m2 weights),IMD RF25/TMAX1/TMIN1
Uttarakhand,UTTARAKHAND,2019,5,33.0,33.06,19.06,31,1,VERIFIED,area-weighted state mean (LCC m2 weights),IMD RF25/TMAX1/TMIN1
Uttarakhand,UTTARAKHAND,2019,6,93.9,33.94,22.02,30,1,VERIFIED,area-weighted state mean (LCC m2 weights),IMD RF25/TMAX1/TMIN1
Uttarakhand,UTTARAKHAND,2019,7,303.1,29.43,22.06,31,1,VERIFIED,area-weighted state mean (LCC m2 weights),IMD RF25/TMAX1/TMIN1
Uttarakhand,UTTARAKHAND,2019,8,399.6,29.39,22.14,31,1,VERIFIED,area-weighted state mean (LCC m2 weights),IMD RF25/TMAX1/TMIN1
Uttarakhand,UTTARAKHAND,2019,9,261.4,28.49,21.24,30,1,VERIFIED,area-weighted state mean (LCC m2 weights),IMD RF25/TMAX1/TMIN1
Uttarakhand,UTTARAKHAND,2019,10,34.3,26.52,15.8,31,1,VERIFIED,area-weighted state mean (LCC m2 weights),IMD RF25/TMAX1/TMIN1
Uttarakhand,UTTARAKHAND,2019,11,24.7,22.82,11.59,30,1,VERIFIED,area-weighted state mean (LCC m2 weights),IMD RF25/TMAX1/TMIN1
Uttarakhand,UTTARAKHAND,2019,12,55.9,15.21,5.82,31,1,VERIFIED,area-weighted state mean (LCC m2 weights),IMD RF25/TMAX1/TMIN1
Dadra & Nagar Haveli and Daman & Diu,DADRA & NAGAR HAVELI & DAMAN & DIU,2020,1,0.0,28.06,15.17,31,1,VERIFIED,area-weighted state mean (LCC m2 weights),IMD RF25/TMAX1/TMIN1
Dadra & Nagar Haveli and Daman & Diu,DADRA & NAGAR HAVELI & DAMAN & DIU,2020,2,0.0,31.56,17.32,29,1,VERIFIED,area-weighted state mean (LCC m2 weights),IMD RF25/TMAX1/TMIN1
Dadra & Nagar Haveli and Daman & Diu,DADRA & NAGAR HAVELI & DAMAN & DIU,2020,3,0.1,32.7,19.47,31,1,VERIFIED,area-weighted state mean (LCC m2 weights),IMD RF25/TMAX1/TMIN1
Dadra & Nagar Haveli and Daman & Diu,DADRA & NAGAR HAVELI & DAMAN & DIU,2020,4,0.0,36.8,23.72,30,1,VERIFIED,area-weighted state mean (LCC m2 weights),IMD RF25/TMAX1/TMIN1
Dadra & Nagar Haveli and Daman & Diu,DADRA & NAGAR HAVELI & DAMAN & DIU,2020,5,0.1,37.9,26.57,31,1,VERIFIED,area-weighted state mean (LCC m2 weights),IMD RF25/TMAX1/TMIN1
Dadra & Nagar Haveli and Daman & Diu,DADRA & NAGAR HAVELI & DAMAN & DIU,2020,6,249.6,33.28,25.44,30,1,VERIFIED,area-weighted state mean (LCC m2 weights),IMD RF25/TMAX1/TMIN1
Dadra & Nagar Haveli and Daman & Diu,DADRA & NAGAR HAVELI & DAMAN & DIU,2020,7,465.5,32.04,25.15,31,1,VERIFIED,area-weighted state mean (LCC m2 weights),IMD RF25/TMAX1/TMIN1
Dadra & Nagar Haveli and Daman & Diu,DADRA & NAGAR HAVELI & DAMAN & DIU,2020,8,1302.8,29.65,24.52,31,1,VERIFIED,area-weighted state mean (LCC m2 weights),IMD RF25/TMAX1/TMIN1
Dadra & Nagar Haveli and Daman & Diu,DADRA & NAGAR HAVELI & DAMAN & DIU,2020,9,232.5,32.09,24.55,30,1,VERIFIED,area-weighted state mean (LCC m2 weights),IMD RF25/TMAX1/TMIN1
Dadra & Nagar Haveli and Daman & Diu,DADRA & NAGAR HAVELI & DAMAN & DIU,2020,10,41.7,33.73,23.96,31,1,VERIFIED,area-weighted state mean (LCC m2 weights),IMD RF25/TMAX1/TMIN1
Dadra & Nagar Haveli and Daman & Diu,DADRA & NAGAR HAVELI & DAMAN & DIU,2020,11,0.0,32.48,19.08,30,1,VERIFIED,area-weighted state mean (LCC m2 weights),IMD RF25/TMAX1/TMIN1
Dadra & Nagar Haveli and Daman & Diu,DADRA & NAGAR HAVELI & DAMAN & DIU,2020,12,8.4,30.6,17.02,31,1,VERIFIED,area-weighted state mean (LCC m2 weights),IMD RF25/TMAX1/TMIN1
Jammu & Kashmir,JAMMU AND KASHMIR,2020,1,163.0,9.46,0.08,31,1,VERIFIED,area-weighted state mean (LCC m2 weights),IMD RF25/TMAX1/TMIN1
Jammu & Kashmir,JAMMU AND KASHMIR,2020,2,25.8,15.2,2.54,29,1,VERIFIED,area-weighted state mean (LCC m2 weights),IMD RF25/TMAX1/TMIN1
Jammu & Kashmir,JAMMU AND KASHMIR,2020,3,183.2,16.52,5.99,31,1,VERIFIED,area-weighted state mean (LCC m2 weights),IMD RF25/TMAX1/TMIN1
Jammu & Kashmir,JAMMU AND KASHMIR,2020,4,88.9,23.37,10.21,30,1,VERIFIED,area-weighted state mean (LCC m2 weights),IMD RF25/TMAX1/TMIN1
Jammu & Kashmir,JAMMU AND KASHMIR,2020,5,73.5,27.91,13.89,31,1,VERIFIED,area-weighted state mean (LCC m2 weights),IMD RF25/TMAX1/TMIN1
Jammu & Kashmir,JAMMU AND KASHMIR,2020,6,60.6,30.73,17.44,30,1,VERIFIED,area-weighted state mean (LCC m2 weights),IMD RF25/TMAX1/TMIN1
Jammu & Kashmir,JAMMU AND KASHMIR,2020,7,108.5,31.18,19.78,31,1,VERIFIED,area-weighted state mean (LCC m2 weights),IMD RF25/TMAX1/TMIN1
Jammu & Kashmir,JAMMU AND KASHMIR,2020,8,244.1,30.08,20.34,31,1,VERIFIED,area-weighted state mean (LCC m2 weights),IMD RF25/TMAX1/TMIN1
Jammu & Kashmir,JAMMU AND KASHMIR,2020,9,40.2,29.77,16.87,30,1,VERIFIED,area-weighted state mean (LCC m2 weights),IMD RF25/TMAX1/TMIN1
Jammu & Kashmir,JAMMU AND KASHMIR,2020,10,0.1,26.72,9.97,31,1,VERIFIED,area-weighted state mean (LCC m2 weights),IMD RF25/TMAX1/TMIN1
Jammu & Kashmir,JAMMU AND KASHMIR,2020,11,64.6,17.93,4.58,30,1,VERIFIED,area-weighted state mean (LCC m2 weights),IMD RF25/TMAX1/TMIN1
Jammu & Kashmir,JAMMU AND KASHMIR,2020,12,70.7,12.99,1.7,31,1,VERIFIED,area-weighted state mean (LCC m2 weights),IMD RF25/TMAX1/TMIN1
Ladakh,LADAKH,2020,1,116.4,7.8,-1.75,31,1,VERIFIED,area-weighted state mean (LCC m2 weights),IMD RF25/TMAX1/TMIN1
Ladakh,LADAKH,2020,2,9.4,13.47,0.66,29,1,VERIFIED,area-weighted state mean (LCC m2 weights),IMD RF25/TMAX1/TMIN1
Ladakh,LADAKH,2020,3,40.6,14.85,4.12,31,1,VERIFIED,area-weighted state mean (LCC m2 weights),IMD RF25/TMAX1/TMIN1
Ladakh,LADAKH,2020,4,27.0,21.22,8.15,30,1,VERIFIED,area-weighted state mean (LCC m2 weights),IMD RF25/TMAX1/TMIN1
Ladakh,LADAKH,2020,5,25.7,25.49,11.64,31,1,VERIFIED,area-weighted state mean (LCC m2 weights),IMD RF25/TMAX1/TMIN1
Ladakh,LADAKH,2020,6,13.6,28.71,15.26,30,1,VERIFIED,area-weighted state mean (LCC m2 weights),IMD RF25/TMAX1/TMIN1
Ladakh,LADAKH,2020,7,27.8,30.16,18.11,31,1,VERIFIED,area-weighted state mean (LCC m2 weights),IMD RF25/TMAX1/TMIN1
Ladakh,LADAKH,2020,8,68.2,29.1,18.81,31,1,VERIFIED,area-weighted state mean (LCC m2 weights),IMD RF25/TMAX1/TMIN1
Ladakh,LADAKH,2020,9,15.4,28.3,14.77,30,1,VERIFIED,area-weighted state mean (LCC m2 weights),IMD RF25/TMAX1/TMIN1
Ladakh,LADAKH,2020,10,0.4,24.97,8.06,31,1,VERIFIED,area-weighted state mean (LCC m2 weights),IMD RF25/TMAX1/TMIN1
Ladakh,LADAKH,2020,11,24.0,15.95,2.69,30,1,VERIFIED,area-weighted state mean (LCC m2 weights),IMD RF25/TMAX1/TMIN1
Ladakh,LADAKH,2020,12,17.7,11.48,-0.16,31,1,VERIFIED,area-weighted state mean (LCC m2 weights),IMD RF25/TMAX1/TMIN1
Himachal Pradesh,HIMACHAL PRADESH,2020,1,124.1,12.77,3.02,31,1,VERIFIED,area-weighted state mean (LCC m2 weights),IMD RF25/TMAX1/TMIN1
Himachal Pradesh,HIMACHAL PRADESH,2020,2,10.3,17.85,5.12,29,1,VERIFIED,area-weighted state mean (LCC m2 weights),IMD RF25/TMAX1/TMIN1
Himachal Pradesh,HIMACHAL PRADESH,2020,3,149.0,19.69,8.37,31,1,VERIFIED,area-weighted state mean (LCC m2 weights),IMD RF25/TMAX1/TMIN1
Himachal Pradesh,HIMACHAL PRADESH,2020,4,58.1,26.42,12.76,30,1,VERIFIED,area-weighted state mean (LCC m2 weights),IMD RF25/TMAX1/TMIN1
Himachal Pradesh,HIMACHAL PRADESH,2020,5,51.2,30.29,16.31,31,1,VERIFIED,area-weighted state mean (LCC m2 weights),IMD RF25/TMAX1/TMIN1
Himachal Pradesh,HIMACHAL PRADESH,2020,6,67.7,31.48,19.65,30,1,VERIFIED,area-weighted state mean (LCC m2 weights),IMD RF25/TMAX1/TMIN1
Himachal Pradesh,HIMACHAL PRADESH,2020,7,177.2,30.74,21.13,31,1,VERIFIED,area-weighted state mean (LCC m2 weights),IMD RF25/TMAX1/TMIN1
Himachal Pradesh,HIMACHAL PRADESH,2020,8,237.3,29.66,21.6,31,1,VERIFIED,area-weighted state mean (LCC m2 weights),IMD RF25/TMAX1/TMIN1
Himachal Pradesh,HIMACHAL PRADESH,2020,9,24.5,30.37,19.6,30,1,VERIFIED,area-weighted state mean (LCC m2 weights),IMD RF25/TMAX1/TMIN1
Himachal Pradesh,HIMACHAL PRADESH,2020,10,0.4,28.54,13.08,31,1,VERIFIED,area-weighted state mean (LCC m2 weights),IMD RF25/TMAX1/TMIN1
Himachal Pradesh,HIMACHAL PRADESH,2020,11,46.8,20.89,7.47,30,1,VERIFIED,area-weighted state mean (LCC m2 weights),IMD RF25/TMAX1/TMIN1
Himachal Pradesh,HIMACHAL PRADESH,2020,12,27.1,16.53,4.59,31,1,VERIFIED,area-weighted state mean (LCC m2 weights),IMD RF25/TMAX1/TMIN1
Arunachal Pradesh,ARUNACHAL PRADESH,2020,1,68.5,22.75,10.45,31,1,VERIFIED,area-weighted state mean (LCC m2 weights),IMD RF25/TMAX1/TMIN1
Arunachal Pradesh,ARUNACHAL PRADESH,2020,2,35.7,25.22,11.97,29,1,VERIFIED,area-weighted state mean (LCC m2 weights),IMD RF25/TMAX1/TMIN1
Arunachal Pradesh,ARUNACHAL PRADESH,2020,3,43.1,28.73,16.12,31,1,VERIFIED,area-weighted state mean (LCC m2 weights),IMD RF25/TMAX1/TMIN1
Arunachal Pradesh,ARUNACHAL PRADESH,2020,4,181.4,29.32,18.47,30,1,VERIFIED,area-weighted state mean (LCC m2 weights),IMD RF25/TMAX1/TMIN1
Arunachal Pradesh,ARUNACHAL PRADESH,2020,5,379.6,30.35,21.32,31,1,VERIFIED,area-weighted state mean (LCC m2 weights),IMD RF25/TMAX1/TMIN1
Arunachal Pradesh,ARUNACHAL PRADESH,2020,6,536.1,31.34,23.93,30,1,VERIFIED,area-weighted state mean (LCC m2 weights),IMD RF25/TMAX1/TMIN1
Arunachal Pradesh,ARUNACHAL PRADESH,2020,7,601.4,31.13,24.6,31,1,VERIFIED,area-weighted state mean (LCC m2 weights),IMD RF25/TMAX1/TMIN1
Arunachal Pradesh,ARUNACHAL PRADESH,2020,8,299.9,33.33,25.14,31,1,VERIFIED,area-weighted state mean (LCC m2 weights),IMD RF25/TMAX1/TMIN1
Arunachal Pradesh,ARUNACHAL PRADESH,2020,9,448.0,31.78,24.5,30,1,VERIFIED,area-weighted state mean (LCC m2 weights),IMD RF25/TMAX1/TMIN1
Arunachal Pradesh,ARUNACHAL PRADESH,2020,10,179.2,32.6,23.05,31,1,VERIFIED,area-weighted state mean (LCC m2 weights),IMD RF25/TMAX1/TMIN1
Arunachal Pradesh,ARUNACHAL PRADESH,2020,11,59.7,29.0,15.44,30,1,VERIFIED,area-weighted state mean (LCC m2 weights),IMD RF25/TMAX1/TMIN1
Arunachal Pradesh,ARUNACHAL PRADESH,2020,12,15.0,25.34,11.07,31,1,VERIFIED,area-weighted state mean (LCC m2 weights),IMD RF25/TMAX1/TMIN1
Assam,ASSAM,2020,1,21.2,21.92,9.83,31,1,VERIFIED,area-weighted state mean (LCC m2 weights),IMD RF25/TMAX1/TMIN1
Assam,ASSAM,2020,2,18.3,24.56,11.09,29,1,VERIFIED,area-weighted state mean (LCC m2 weights),IMD RF25/TMAX1/TMIN1
Assam,ASSAM,2020,3,20.6,28.19,15.39,31,1,VERIFIED,area-weighted state mean (LCC m2 weights),IMD RF25/TMAX1/TMIN1
Assam,ASSAM,2020,4,132.7,29.08,18.08,30,1,VERIFIED,area-weighted state mean (LCC m2 weights),IMD RF25/TMAX1/TMIN1
Assam,ASSAM,2020,5,348.3,29.71,20.8,31,1,VERIFIED,area-weighted state mean (LCC m2 weights),IMD RF25/TMAX1/TMIN1
Assam,ASSAM,2020,6,486.1,30.92,23.52,30,1,VERIFIED,area-weighted state mean (LCC m2 weights),IMD RF25/TMAX1/TMIN1
Assam,ASSAM,2020,7,468.3,30.59,24.18,31,1,VERIFIED,area-weighted state mean (LCC m2 weights),IMD RF25/TMAX1/TMIN1
Assam,ASSAM,2020,8,246.7,32.59,24.63,31,1,VERIFIED,area-weighted state mean (LCC m2 weights),IMD RF25/TMAX1/TMIN1
Assam,ASSAM,2020,9,346.4,31.03,23.91,30,1,VERIFIED,area-weighted state mean (LCC m2 weights),IMD RF25/TMAX1/TMIN1
Assam,ASSAM,2020,10,158.8,31.79,22.52,31,1,VERIFIED,area-weighted state mean (LCC m2 weights),IMD RF25/TMAX1/TMIN1
Assam,ASSAM,2020,11,24.6,28.45,15.19,30,1,VERIFIED,area-weighted state mean (LCC m2 weights),IMD RF25/TMAX1/TMIN1
Assam,ASSAM,2020,12,1.0,24.43,10.76,31,1,VERIFIED,area-weighted state mean (LCC m2 weights),IMD RF25/TMAX1/TMIN1
Manipur,MANIPUR,2020,1,40.2,22.07,9.68,31,1,VERIFIED,area-weighted state mean (LCC m2 weights),IMD RF25/TMAX1/TMIN1
Manipur,MANIPUR,2020,2,11.0,25.06,11.1,29,1,VERIFIED,area-weighted state mean (LCC m2 weights),IMD RF25/TMAX1/TMIN1
Manipur,MANIPUR,2020,3,16.6,28.89,15.57,31,1,VERIFIED,area-weighted state mean (LCC m2 weights),IMD RF25/TMAX1/TMIN1
Manipur,MANIPUR,2020,4,104.4,29.85,18.28,30,1,VERIFIED,area-weighted state mean (LCC m2 weights),IMD RF25/TMAX1/TMIN1
Manipur,MANIPUR,2020,5,139.6,29.78,20.68,31,1,VERIFIED,area-weighted state mean (LCC m2 weights),IMD RF25/TMAX1/TMIN1
Manipur,MANIPUR,2020,6,209.9,30.65,23.13,30,1,VERIFIED,area-weighted state mean (LCC m2 weights),IMD RF25/TMAX1/TMIN1
Manipur,MANIPUR,2020,7,215.4,30.43,23.75,31,1,VERIFIED,area-weighted state mean (LCC m2 weights),IMD RF25/TMAX1/TMIN1
Manipur,MANIPUR,2020,8,212.2,32.15,24.02,31,1,VERIFIED,area-weighted state mean (LCC m2 weights),IMD RF25/TMAX1/TMIN1
Manipur,MANIPUR,2020,9,203.8,31.03,23.36,30,1,VERIFIED,area-weighted state mean (LCC m2 weights),IMD RF25/TMAX1/TMIN1
Manipur,MANIPUR,2020,10,150.0,31.66,22.32,31,1,VERIFIED,area-weighted state mean (LCC m2 weights),IMD RF25/TMAX1/TMIN1
Manipur,MANIPUR,2020,11,75.2,28.51,15.49,30,1,VERIFIED,area-weighted state mean (LCC m2 weights),IMD RF25/TMAX1/TMIN1
Manipur,MANIPUR,2020,12,0.0,24.63,10.69,31,1,VERIFIED,area-weighted state mean (LCC m2 weights),IMD RF25/TMAX1/TMIN1
Meghalaya,MEGHALAYA,2020,1,13.7,21.84,9.87,31,1,VERIFIED,area-weighted state mean (LCC m2 weights),IMD RF25/TMAX1/TMIN1
Meghalaya,MEGHALAYA,2020,2,25.0,24.5,10.9,29,1,VERIFIED,area-weighted state mean (LCC m2 weights),IMD RF25/TMAX1/TMIN1
Meghalaya,MEGHALAYA,2020,3,36.5,28.16,15.47,31,1,VERIFIED,area-weighted state mean (LCC m2 weights),IMD RF25/TMAX1/TMIN1
Meghalaya,MEGHALAYA,2020,4,271.1,29.26,18.31,30,1,VERIFIED,area-weighted state mean (LCC m2 weights),IMD RF25/TMAX1/TMIN1
Meghalaya,MEGHALAYA,2020,5,721.8,29.5,20.82,31,1,VERIFIED,area-weighted state mean (LCC m2 weights),IMD RF25/TMAX1/TMIN1
Meghalaya,MEGHALAYA,2020,6,1123.9,30.67,23.47,30,1,VERIFIED,area-weighted state mean (LCC m2 weights),IMD RF25/TMAX1/TMIN1
Meghalaya,MEGHALAYA,2020,7,1327.7,30.26,24.1,31,1,VERIFIED,area-weighted state mean (LCC m2 weights),IMD RF25/TMAX1/TMIN1
Meghalaya,MEGHALAYA,2020,8,457.5,32.22,24.55,31,1,VERIFIED,area-weighted state mean (LCC m2 weights),IMD RF25/TMAX1/TMIN1
Meghalaya,MEGHALAYA,2020,9,964.0,30.62,23.78,30,1,VERIFIED,area-weighted state mean (LCC m2 weights),IMD RF25/TMAX1/TMIN1
Meghalaya,MEGHALAYA,2020,10,286.1,31.42,22.52,31,1,VERIFIED,area-weighted state mean (LCC m2 weights),IMD RF25/TMAX1/TMIN1
Meghalaya,MEGHALAYA,2020,11,15.6,28.39,15.44,30,1,VERIFIED,area-weighted state mean (LCC m2 weights),IMD RF25/TMAX1/TMIN1
Meghalaya,MEGHALAYA,2020,12,1.4,24.21,11.07,31,1,VERIFIED,area-weighted state mean (LCC m2 weights),IMD RF25/TMAX1/TMIN1
Mizoram,MIZORAM,2020,1,41.3,21.76,9.54,31,1,VERIFIED,area-weighted state mean (LCC m2 weights),IMD RF25/TMAX1/TMIN1
Mizoram,MIZORAM,2020,2,6.4,24.74,10.88,29,1,VERIFIED,area-weighted state mean (LCC m2 weights),IMD RF25/TMAX1/TMIN1
Mizoram,MIZORAM,2020,3,2.8,28.68,15.5,31,1,VERIFIED,area-weighted state mean (LCC m2 weights),IMD RF25/TMAX1/TMIN1
Mizoram,MIZORAM,2020,4,108.2,29.93,18.47,30,1,VERIFIED,area-weighted state mean (LCC m2 weights),IMD RF25/TMAX1/TMIN1
Mizoram,MIZORAM,2020,5,191.6,29.73,20.69,31,1,VERIFIED,area-weighted state mean (LCC m2 weights),IMD RF25/TMAX1/TMIN1
Mizoram,MIZORAM,2020,6,220.5,30.79,23.23,30,1,VERIFIED,area-weighted state mean (LCC m2 weights),IMD RF25/TMAX1/TMIN1
Mizoram,MIZORAM,2020,7,348.0,30.75,23.98,31,1,VERIFIED,area-weighted state mean (LCC m2 weights),IMD RF25/TMAX1/TMIN1
Mizoram,MIZORAM,2020,8,296.1,32.05,23.97,31,1,VERIFIED,area-weighted state mean (LCC m2 weights),IMD RF25/TMAX1/TMIN1
Mizoram,MIZORAM,2020,9,202.0,31.27,23.33,30,1,VERIFIED,area-weighted state mean (LCC m2 weights),IMD RF25/TMAX1/TMIN1
Mizoram,MIZORAM,2020,10,250.6,31.37,22.22,31,1,VERIFIED,area-weighted state mean (LCC m2 weights),IMD RF25/TMAX1/TMIN1
Mizoram,MIZORAM,2020,11,34.7,28.39,15.67,30,1,VERIFIED,area-weighted state mean (LCC m2 weights),IMD RF25/TMAX1/TMIN1
Mizoram,MIZORAM,2020,12,0.0,24.2,10.7,31,1,VERIFIED,area-weighted state mean (LCC m2 weights),IMD RF25/TMAX1/TMIN1
Nagaland,NAGALAND,2020,1,35.2,22.54,9.86,31,1,VERIFIED,area-weighted state mean (LCC m2 weights),IMD RF25/TMAX1/TMIN1
Nagaland,NAGALAND,2020,2,17.1,25.24,11.49,29,1,VERIFIED,area-weighted state mean (LCC m2 weights),IMD RF25/TMAX1/TMIN1
Nagaland,NAGALAND,2020,3,15.9,28.87,15.83,31,1,VERIFIED,area-weighted state mean (LCC m2 weights),IMD RF25/TMAX1/TMIN1
Nagaland,NAGALAND,2020,4,146.5,29.64,18.44,30,1,VERIFIED,area-weighted state mean (LCC m2 weights),IMD RF25/TMAX1/TMIN1
Nagaland,NAGALAND,2020,5,146.4,30.29,21.17,31,1,VERIFIED,area-weighted state mean (LCC m2 weights),IMD RF25/TMAX1/TMIN1
Nagaland,NAGALAND,2020,6,243.2,31.44,23.76,30,1,VERIFIED,area-weighted state mean (LCC m2 weights),IMD RF25/TMAX1/TMIN1
Nagaland,NAGALAND,2020,7,255.6,31.22,24.45,31,1,VERIFIED,area-weighted state mean (LCC m2 weights),IMD RF25/TMAX1/TMIN1
Nagaland,NAGALAND,2020,8,259.4,33.12,24.82,31,1,VERIFIED,area-weighted state mean (LCC m2 weights),IMD RF25/TMAX1/TMIN1
Nagaland,NAGALAND,2020,9,210.7,31.76,24.06,30,1,VERIFIED,area-weighted state mean (LCC m2 weights),IMD RF25/TMAX1/TMIN1
Nagaland,NAGALAND,2020,10,181.5,32.36,22.8,31,1,VERIFIED,area-weighted state mean (LCC m2 weights),IMD RF25/TMAX1/TMIN1
Nagaland,NAGALAND,2020,11,66.4,29.07,15.44,30,1,VERIFIED,area-weighted state mean (LCC m2 weights),IMD RF25/TMAX1/TMIN1
Nagaland,NAGALAND,2020,12,0.0,25.11,10.67,31,1,VERIFIED,area-weighted state mean (LCC m2 weights),IMD RF25/TMAX1/TMIN1
Sikkim,SIKKIM,2020,1,60.2,19.12,8.58,31,1,VERIFIED,area-weighted state mean (LCC m2 weights),IMD RF25/TMAX1/TMIN1
Sikkim,SIKKIM,2020,2,28.2,21.88,9.9,29,1,VERIFIED,area-weighted state mean (LCC m2 weights),IMD RF25/TMAX1/TMIN1
Sikkim,SIKKIM,2020,3,147.7,25.67,14.63,31,1,VERIFIED,area-weighted state mean (LCC m2 weights),IMD RF25/TMAX1/TMIN1
Sikkim,SIKKIM,2020,4,284.7,27.4,17.37,30,1,VERIFIED,area-weighted state mean (LCC m2 weights),IMD RF25/TMAX1/TMIN1
Sikkim,SIKKIM,2020,5,306.5,27.86,19.9,31,1,VERIFIED,area-weighted state mean (LCC m2 weights),IMD RF25/TMAX1/TMIN1
Sikkim,SIKKIM,2020,6,761.8,28.98,22.48,30,1,VERIFIED,area-weighted state mean (LCC m2 weights),IMD RF25/TMAX1/TMIN1
Sikkim,SIKKIM,2020,7,842.3,28.63,23.08,31,1,VERIFIED,area-weighted state mean (LCC m2 weights),IMD RF25/TMAX1/TMIN1
Sikkim,SIKKIM,2020,8,450.0,30.44,23.78,31,1,VERIFIED,area-weighted state mean (LCC m2 weights),IMD RF25/TMAX1/TMIN1
Sikkim,SIKKIM,2020,9,479.7,28.44,22.9,30,1,VERIFIED,area-weighted state mean (LCC m2 weights),IMD RF25/TMAX1/TMIN1
Sikkim,SIKKIM,2020,10,146.0,30.02,21.16,31,1,VERIFIED,area-weighted state mean (LCC m2 weights),IMD RF25/TMAX1/TMIN1
Sikkim,SIKKIM,2020,11,19.3,26.32,13.91,30,1,VERIFIED,area-weighted state mean (LCC m2 weights),IMD RF25/TMAX1/TMIN1
Sikkim,SIKKIM,2020,12,20.3,21.38,10.41,31,1,VERIFIED,area-weighted state mean (LCC m2 weights),IMD RF25/TMAX1/TMIN1
Lakshadweep,LAKSHADWEEP,2020,1,,,,31,0,INSUFFICIENT_COVERAGE,area-weighted state mean (LCC m2 weights),IMD RF25/TMAX1/TMIN1
Lakshadweep,LAKSHADWEEP,2020,2,,,,29,0,INSUFFICIENT_COVERAGE,area-weighted state mean (LCC m2 weights),IMD RF25/TMAX1/TMIN1
Lakshadweep,LAKSHADWEEP,2020,3,,,,31,0,INSUFFICIENT_COVERAGE,area-weighted state mean (LCC m2 weights),IMD RF25/TMAX1/TMIN1
Lakshadweep,LAKSHADWEEP,2020,4,,,,30,0,INSUFFICIENT_COVERAGE,area-weighted state mean (LCC m2 weights),IMD RF25/TMAX1/TMIN1
Lakshadweep,LAKSHADWEEP,2020,5,,,,31,0,INSUFFICIENT_COVERAGE,area-weighted state mean (LCC m2 weights),IMD RF25/TMAX1/TMIN1
Lakshadweep,LAKSHADWEEP,2020,6,,,,30,0,INSUFFICIENT_COVERAGE,area-weighted state mean (LCC m2 weights),IMD RF25/TMAX1/TMIN1
Lakshadweep,LAKSHADWEEP,2020,7,,,,31,0,INSUFFICIENT_COVERAGE,area-weighted state mean (LCC m2 weights),IMD RF25/TMAX1/TMIN1
Lakshadweep,LAKSHADWEEP,2020,8,,,,31,0,INSUFFICIENT_COVERAGE,area-weighted state mean (LCC m2 weights),IMD RF25/TMAX1/TMIN1
Lakshadweep,LAKSHADWEEP,2020,9,,,,30,0,INSUFFICIENT_COVERAGE,area-weighted state mean (LCC m2 weights),IMD RF25/TMAX1/TMIN1
Lakshadweep,LAKSHADWEEP,2020,10,,,,31,0,INSUFFICIENT_COVERAGE,area-weighted state mean (LCC m2 weights),IMD RF25/TMAX1/TMIN1
Lakshadweep,LAKSHADWEEP,2020,11,,,,30,0,INSUFFICIENT_COVERAGE,area-weighted state mean (LCC m2 weights),IMD RF25/TMAX1/TMIN1
Lakshadweep,LAKSHADWEEP,2020,12,,,,31,0,INSUFFICIENT_COVERAGE,area-weighted state mean (LCC m2 weights),IMD RF25/TMAX1/TMIN1
Andaman & Nicobar Islands,ANDAMAN & NICOBAR,2020,1,,,,31,0,INSUFFICIENT_COVERAGE,area-weighted state mean (LCC m2 weights),IMD RF25/TMAX1/TMIN1
Andaman & Nicobar Islands,ANDAMAN & NICOBAR,2020,2,,,,29,0,INSUFFICIENT_COVERAGE,area-weighted state mean (LCC m2 weights),IMD RF25/TMAX1/TMIN1
Andaman & Nicobar Islands,ANDAMAN & NICOBAR,2020,3,,,,31,0,INSUFFICIENT_COVERAGE,area-weighted state mean (LCC m2 weights),IMD RF25/TMAX1/TMIN1
Andaman & Nicobar Islands,ANDAMAN & NICOBAR,2020,4,,,,30,0,INSUFFICIENT_COVERAGE,area-weighted state mean (LCC m2 weights),IMD RF25/TMAX1/TMIN1
Andaman & Nicobar Islands,ANDAMAN & NICOBAR,2020,5,,,,31,0,INSUFFICIENT_COVERAGE,area-weighted state mean (LCC m2 weights),IMD RF25/TMAX1/TMIN1
Andaman & Nicobar Islands,ANDAMAN & NICOBAR,2020,6,,,,30,0,INSUFFICIENT_COVERAGE,area-weighted state mean (LCC m2 weights),IMD RF25/TMAX1/TMIN1
Andaman & Nicobar Islands,ANDAMAN & NICOBAR,2020,7,,,,31,0,INSUFFICIENT_COVERAGE,area-weighted state mean (LCC m2 weights),IMD RF25/TMAX1/TMIN1
Andaman & Nicobar Islands,ANDAMAN & NICOBAR,2020,8,,,,31,0,INSUFFICIENT_COVERAGE,area-weighted state mean (LCC m2 weights),IMD RF25/TMAX1/TMIN1
Andaman & Nicobar Islands,ANDAMAN & NICOBAR,2020,9,,,,30,0,INSUFFICIENT_COVERAGE,area-weighted state mean (LCC m2 weights),IMD RF25/TMAX1/TMIN1
Andaman & Nicobar Islands,ANDAMAN & NICOBAR,2020,10,,,,31,0,INSUFFICIENT_COVERAGE,area-weighted state mean (LCC m2 weights),IMD RF25/TMAX1/TMIN1
Andaman & Nicobar Islands,ANDAMAN & NICOBAR,2020,11,,,,30,0,INSUFFICIENT_COVERAGE,area-weighted state mean (LCC m2 weights),IMD RF25/TMAX1/TMIN1
Andaman & Nicobar Islands,ANDAMAN & NICOBAR,2020,12,,,,31,0,INSUFFICIENT_COVERAGE,area-weighted state mean (LCC m2 weights),IMD RF25/TMAX1/TMIN1
West Bengal,WEST BENGAL,2020,1,26.1,22.92,11.73,31,1,VERIFIED,area-weighted state mean (LCC m2 weights),IMD RF25/TMAX1/TMIN1
West Bengal,WEST BENGAL,2020,2,9.4,25.9,13.61,29,1,VERIFIED,area-weighted state mean (LCC m2 weights),IMD RF25/TMAX1/TMIN1
West Bengal,WEST BENGAL,2020,3,53.4,30.44,18.79,31,1,VERIFIED,area-weighted state mean (LCC m2 weights),IMD RF25/TMAX1/TMIN1
West Bengal,WEST BENGAL,2020,4,93.0,33.07,21.86,30,1,VERIFIED,area-weighted state mean (LCC m2 weights),IMD RF25/TMAX1/TMIN1
West Bengal,WEST BENGAL,2020,5,244.8,33.24,23.73,31,1,VERIFIED,area-weighted state mean (LCC m2 weights),IMD RF25/TMAX1/TMIN1
West Bengal,WEST BENGAL,2020,6,404.6,33.15,25.54,30,1,VERIFIED,area-weighted state mean (LCC m2 weights),IMD RF25/TMAX1/TMIN1
West Bengal,WEST BENGAL,2020,7,472.2,32.93,26.07,31,1,VERIFIED,area-weighted state mean (LCC m2 weights),IMD RF25/TMAX1/TMIN1
West Bengal,WEST BENGAL,2020,8,344.4,32.82,25.96,31,1,VERIFIED,area-weighted state mean (LCC m2 weights),IMD RF25/TMAX1/TMIN1
West Bengal,WEST BENGAL,2020,9,300.5,32.83,25.79,30,1,VERIFIED,area-weighted state mean (LCC m2 weights),IMD RF25/TMAX1/TMIN1
West Bengal,WEST BENGAL,2020,10,78.3,32.82,24.06,31,1,VERIFIED,area-weighted state mean (LCC m2 weights),IMD RF25/TMAX1/TMIN1
West Bengal,WEST BENGAL,2020,11,5.0,29.66,17.52,30,1,VERIFIED,area-weighted state mean (LCC m2 weights),IMD RF25/TMAX1/TMIN1
West Bengal,WEST BENGAL,2020,12,0.3,25.19,12.98,31,1,VERIFIED,area-weighted state mean (LCC m2 weights),IMD RF25/TMAX1/TMIN1
Kerala,KERALA,2020,1,5.2,30.6,19.88,31,1,VERIFIED,area-weighted state mean (LCC m2 weights),IMD RF25/TMAX1/TMIN1
Kerala,KERALA,2020,2,2.3,31.48,20.27,29,1,VERIFIED,area-weighted state mean (LCC m2 weights),IMD RF25/TMAX1/TMIN1
Kerala,KERALA,2020,3,41.2,32.93,22.05,31,1,VERIFIED,area-weighted state mean (LCC m2 weights),IMD RF25/TMAX1/TMIN1
Kerala,KERALA,2020,4,110.8,33.49,22.8,30,1,VERIFIED,area-weighted state mean (LCC m2 weights),IMD RF25/TMAX1/TMIN1
Kerala,KERALA,2020,5,188.3,32.87,23.3,31,1,VERIFIED,area-weighted state mean (LCC m2 weights),IMD RF25/TMAX1/TMIN1
Kerala,KERALA,2020,6,398.0,29.87,21.98,30,1,VERIFIED,area-weighted state mean (LCC m2 weights),IMD RF25/TMAX1/TMIN1
Kerala,KERALA,2020,7,440.9,28.99,21.59,31,1,VERIFIED,area-weighted state mean (LCC m2 weights),IMD RF25/TMAX1/TMIN1
Kerala,KERALA,2020,8,597.5,28.95,21.64,31,1,VERIFIED,area-weighted state mean (LCC m2 weights),IMD RF25/TMAX1/TMIN1
Kerala,KERALA,2020,9,511.8,28.52,21.39,30,1,VERIFIED,area-weighted state mean (LCC m2 weights),IMD RF25/TMAX1/TMIN1
Kerala,KERALA,2020,10,195.8,29.76,21.3,31,1,VERIFIED,area-weighted state mean (LCC m2 weights),IMD RF25/TMAX1/TMIN1
Kerala,KERALA,2020,11,115.4,29.56,21.08,30,1,VERIFIED,area-weighted state mean (LCC m2 weights),IMD RF25/TMAX1/TMIN1
Kerala,KERALA,2020,12,50.9,28.64,20.3,31,1,VERIFIED,area-weighted state mean (LCC m2 weights),IMD RF25/TMAX1/TMIN1
Chhattisgarh,CHHATTISGARH,2020,1,30.4,25.91,13.1,31,1,VERIFIED,area-weighted state mean (LCC m2 weights),IMD RF25/TMAX1/TMIN1
Chhattisgarh,CHHATTISGARH,2020,2,40.6,27.98,13.85,29,1,VERIFIED,area-weighted state mean (LCC m2 weights),IMD RF25/TMAX1/TMIN1
Chhattisgarh,CHHATTISGARH,2020,3,57.2,31.96,18.54,31,1,VERIFIED,area-weighted state mean (LCC m2 weights),IMD RF25/TMAX1/TMIN1
Chhattisgarh,CHHATTISGARH,2020,4,34.3,36.67,21.69,30,1,VERIFIED,area-weighted state mean (LCC m2 weights),IMD RF25/TMAX1/TMIN1
Chhattisgarh,CHHATTISGARH,2020,5,45.7,38.99,24.12,31,1,VERIFIED,area-weighted state mean (LCC m2 weights),IMD RF25/TMAX1/TMIN1
Chhattisgarh,CHHATTISGARH,2020,6,279.8,33.66,23.81,30,1,VERIFIED,area-weighted state mean (LCC m2 weights),IMD RF25/TMAX1/TMIN1
Chhattisgarh,CHHATTISGARH,2020,7,271.4,32.3,23.94,31,1,VERIFIED,area-weighted state mean (LCC m2 weights),IMD RF25/TMAX1/TMIN1
Chhattisgarh,CHHATTISGARH,2020,8,507.5,30.24,23.5,31,1,VERIFIED,area-weighted state mean (LCC m2 weights),IMD RF25/TMAX1/TMIN1
Chhattisgarh,CHHATTISGARH,2020,9,163.6,32.4,23.75,30,1,VERIFIED,area-weighted state mean (LCC m2 weights),IMD RF25/TMAX1/TMIN1
Chhattisgarh,CHHATTISGARH,2020,10,90.2,31.99,21.44,31,1,VERIFIED,area-weighted state mean (LCC m2 weights),IMD RF25/TMAX1/TMIN1
Chhattisgarh,CHHATTISGARH,2020,11,6.0,29.81,16.0,30,1,VERIFIED,area-weighted state mean (LCC m2 weights),IMD RF25/TMAX1/TMIN1
Chhattisgarh,CHHATTISGARH,2020,12,1.0,27.86,12.71,31,1,VERIFIED,area-weighted state mean (LCC m2 weights),IMD RF25/TMAX1/TMIN1
Odisha,ODISHA,2020,1,16.8,26.82,14.2,31,1,VERIFIED,area-weighted state mean (LCC m2 weights),IMD RF25/TMAX1/TMIN1
Odisha,ODISHA,2020,2,47.3,28.47,15.28,29,1,VERIFIED,area-weighted state mean (LCC m2 weights),IMD RF25/TMAX1/TMIN1
Odisha,ODISHA,2020,3,61.9,32.86,19.9,31,1,VERIFIED,area-weighted state mean (LCC m2 weights),IMD RF25/TMAX1/TMIN1
Odisha,ODISHA,2020,4,113.5,35.82,22.58,30,1,VERIFIED,area-weighted state mean (LCC m2 weights),IMD RF25/TMAX1/TMIN1
Odisha,ODISHA,2020,5,100.0,36.68,24.26,31,1,VERIFIED,area-weighted state mean (LCC m2 weights),IMD RF25/TMAX1/TMIN1
Odisha,ODISHA,2020,6,238.6,33.63,24.48,30,1,VERIFIED,area-weighted state mean (LCC m2 weights),IMD RF25/TMAX1/TMIN1
Odisha,ODISHA,2020,7,211.1,32.63,24.58,31,1,VERIFIED,area-weighted state mean (LCC m2 weights),IMD RF25/TMAX1/TMIN1
Odisha,ODISHA,2020,8,484.5,30.97,24.23,31,1,VERIFIED,area-weighted state mean (LCC m2 weights),IMD RF25/TMAX1/TMIN1
Odisha,ODISHA,2020,9,153.8,32.79,24.62,30,1,VERIFIED,area-weighted state mean (LCC m2 weights),IMD RF25/TMAX1/TMIN1
Odisha,ODISHA,2020,10,172.4,31.83,22.57,31,1,VERIFIED,area-weighted state mean (LCC m2 weights),IMD RF25/TMAX1/TMIN1
Odisha,ODISHA,2020,11,6.6,30.17,18.09,30,1,VERIFIED,area-weighted state mean (LCC m2 weights),IMD RF25/TMAX1/TMIN1
Odisha,ODISHA,2020,12,0.0,28.33,14.03,31,1,VERIFIED,area-weighted state mean (LCC m2 weights),IMD RF25/TMAX1/TMIN1
Chandigarh,CHANDIGARH,2020,1,52.6,16.1,5.42,31,1,VERIFIED,area-weighted state mean (LCC m2 weights),IMD RF25/TMAX1/TMIN1
Chandigarh,CHANDIGARH,2020,2,8.3,21.37,7.54,29,1,VERIFIED,area-weighted state mean (LCC m2 weights),IMD RF25/TMAX1/TMIN1
Chandigarh,CHANDIGARH,2020,3,81.4,23.65,11.51,31,1,VERIFIED,area-weighted state mean (LCC m2 weights),IMD RF25/TMAX1/TMIN1
Chandigarh,CHANDIGARH,2020,4,29.0,31.61,16.31,30,1,VERIFIED,area-weighted state mean (LCC m2 weights),IMD RF25/TMAX1/TMIN1
Chandigarh,CHANDIGARH,2020,5,48.9,35.46,20.38,31,1,VERIFIED,area-weighted state mean (LCC m2 weights),IMD RF25/TMAX1/TMIN1
Chandigarh,CHANDIGARH,2020,6,98.7,35.48,23.76,30,1,VERIFIED,area-weighted state mean (LCC m2 weights),IMD RF25/TMAX1/TMIN1
Chandigarh,CHANDIGARH,2020,7,234.6,33.49,24.51,31,1,VERIFIED,area-weighted state mean (LCC m2 weights),IMD RF25/TMAX1/TMIN1
Chandigarh,CHANDIGARH,2020,8,315.6,32.31,24.85,31,1,VERIFIED,area-weighted state mean (LCC m2 weights),IMD RF25/TMAX1/TMIN1
Chandigarh,CHANDIGARH,2020,9,17.8,33.47,23.38,30,1,VERIFIED,area-weighted state mean (LCC m2 weights),IMD RF25/TMAX1/TMIN1
Chandigarh,CHANDIGARH,2020,10,0.0,32.09,16.08,31,1,VERIFIED,area-weighted state mean (LCC m2 weights),IMD RF25/TMAX1/TMIN1
Chandigarh,CHANDIGARH,2020,11,29.2,24.69,9.82,30,1,VERIFIED,area-weighted state mean (LCC m2 weights),IMD RF25/TMAX1/TMIN1
Chandigarh,CHANDIGARH,2020,12,9.1,19.91,6.49,31,1,VERIFIED,area-weighted state mean (LCC m2 weights),IMD RF25/TMAX1/TMIN1
Delhi,DELHI,2020,1,30.0,18.75,7.16,31,1,VERIFIED,area-weighted state mean (LCC m2 weights),IMD RF25/TMAX1/TMIN1
Delhi,DELHI,2020,2,1.7,24.28,9.41,29,1,VERIFIED,area-weighted state mean (LCC m2 weights),IMD RF25/TMAX1/TMIN1
Delhi,DELHI,2020,3,77.6,27.77,14.03,31,1,VERIFIED,area-weighted state mean (LCC m2 weights),IMD RF25/TMAX1/TMIN1
Delhi,DELHI,2020,4,9.9,35.62,19.43,30,1,VERIFIED,area-weighted state mean (LCC m2 weights),IMD RF25/TMAX1/TMIN1
Delhi,DELHI,2020,5,22.5,39.24,23.61,31,1,VERIFIED,area-weighted state mean (LCC m2 weights),IMD RF25/TMAX1/TMIN1
Delhi,DELHI,2020,6,49.4,38.68,26.68,30,1,VERIFIED,area-weighted state mean (LCC m2 weights),IMD RF25/TMAX1/TMIN1
Delhi,DELHI,2020,7,171.6,36.15,26.7,31,1,VERIFIED,area-weighted state mean (LCC m2 weights),IMD RF25/TMAX1/TMIN1
Delhi,DELHI,2020,8,221.5,34.18,26.28,31,1,VERIFIED,area-weighted state mean (LCC m2 weights),IMD RF25/TMAX1/TMIN1
Delhi,DELHI,2020,9,20.6,36.22,25.44,30,1,VERIFIED,area-weighted state mean (LCC m2 weights),IMD RF25/TMAX1/TMIN1
Delhi,DELHI,2020,10,0.0,34.77,17.82,31,1,VERIFIED,area-weighted state mean (LCC m2 weights),IMD RF25/TMAX1/TMIN1
Delhi,DELHI,2020,11,1.4,27.44,11.11,30,1,VERIFIED,area-weighted state mean (LCC m2 weights),IMD RF25/TMAX1/TMIN1
Delhi,DELHI,2020,12,0.7,22.4,7.53,31,1,VERIFIED,area-weighted state mean (LCC m2 weights),IMD RF25/TMAX1/TMIN1
Gujarat,GUJARAT,2020,1,0.1,26.08,12.37,31,1,VERIFIED,area-weighted state mean (LCC m2 weights),IMD RF25/TMAX1/TMIN1
Gujarat,GUJARAT,2020,2,0.0,30.91,15.3,29,1,VERIFIED,area-weighted state mean (LCC m2 weights),IMD RF25/TMAX1/TMIN1
Gujarat,GUJARAT,2020,3,1.9,32.37,18.63,31,1,VERIFIED,area-weighted state mean (LCC m2 weights),IMD RF25/TMAX1/TMIN1
Gujarat,GUJARAT,2020,4,0.2,37.84,23.91,30,1,VERIFIED,area-weighted state mean (LCC m2 weights),IMD RF25/TMAX1/TMIN1
Gujarat,GUJARAT,2020,5,0.4,39.07,26.63,31,1,VERIFIED,area-weighted state mean (LCC m2 weights),IMD RF25/TMAX1/TMIN1
Gujarat,GUJARAT,2020,6,116.8,35.83,26.61,30,1,VERIFIED,area-weighted state mean (LCC m2 weights),IMD RF25/TMAX1/TMIN1
Gujarat,GUJARAT,2020,7,230.0,33.46,26.05,31,1,VERIFIED,area-weighted state mean (LCC m2 weights),IMD RF25/TMAX1/TMIN1
Gujarat,GUJARAT,2020,8,607.7,30.85,25.14,31,1,VERIFIED,area-weighted state mean (LCC m2 weights),IMD RF25/TMAX1/TMIN1
Gujarat,GUJARAT,2020,9,116.5,33.16,25.05,30,1,VERIFIED,area-weighted state mean (LCC m2 weights),IMD RF25/TMAX1/TMIN1
Gujarat,GUJARAT,2020,10,22.0,34.79,23.09,31,1,VERIFIED,area-weighted state mean (LCC m2 weights),IMD RF25/TMAX1/TMIN1
Gujarat,GUJARAT,2020,11,0.0,31.65,16.87,30,1,VERIFIED,area-weighted state mean (LCC m2 weights),IMD RF25/TMAX1/TMIN1
Gujarat,GUJARAT,2020,12,7.0,28.94,14.31,31,1,VERIFIED,area-weighted state mean (LCC m2 weights),IMD RF25/TMAX1/TMIN1
Haryana,HARYANA,2020,1,28.3,18.16,6.53,31,1,VERIFIED,area-weighted state mean (LCC m2 weights),IMD RF25/TMAX1/TMIN1
Haryana,HARYANA,2020,2,7.8,23.66,8.9,29,1,VERIFIED,area-weighted state mean (LCC m2 weights),IMD RF25/TMAX1/TMIN1
Haryana,HARYANA,2020,3,72.2,26.41,13.38,31,1,VERIFIED,area-weighted state mean (LCC m2 weights),IMD RF25/TMAX1/TMIN1
Haryana,HARYANA,2020,4,9.2,34.59,18.66,30,1,VERIFIED,area-weighted state mean (LCC m2 weights),IMD RF25/TMAX1/TMIN1
Haryana,HARYANA,2020,5,40.5,38.55,22.79,31,1,VERIFIED,area-weighted state mean (LCC m2 weights),IMD RF25/TMAX1/TMIN1
Haryana,HARYANA,2020,6,50.3,38.23,25.94,30,1,VERIFIED,area-weighted state mean (LCC m2 weights),IMD RF25/TMAX1/TMIN1
Haryana,HARYANA,2020,7,177.5,35.69,26.26,31,1,VERIFIED,area-weighted state mean (LCC m2 weights),IMD RF25/TMAX1/TMIN1
Haryana,HARYANA,2020,8,148.0,33.98,26.06,31,1,VERIFIED,area-weighted state mean (LCC m2 weights),IMD RF25/TMAX1/TMIN1
Haryana,HARYANA,2020,9,23.5,35.65,24.76,30,1,VERIFIED,area-weighted state mean (LCC m2 weights),IMD RF25/TMAX1/TMIN1
Haryana,HARYANA,2020,10,0.0,34.3,17.09,31,1,VERIFIED,area-weighted state mean (LCC m2 weights),IMD RF25/TMAX1/TMIN1
Haryana,HARYANA,2020,11,8.9,26.78,10.52,30,1,VERIFIED,area-weighted state mean (LCC m2 weights),IMD RF25/TMAX1/TMIN1
Haryana,HARYANA,2020,12,3.2,21.94,7.0,31,1,VERIFIED,area-weighted state mean (LCC m2 weights),IMD RF25/TMAX1/TMIN1
Punjab,PUNJAB,2020,1,46.5,16.37,5.17,31,1,VERIFIED,area-weighted state mean (LCC m2 weights),IMD RF25/TMAX1/TMIN1
Punjab,PUNJAB,2020,2,8.7,21.82,7.55,29,1,VERIFIED,area-weighted state mean (LCC m2 weights),IMD RF25/TMAX1/TMIN1
Punjab,PUNJAB,2020,3,84.8,23.79,11.49,31,1,VERIFIED,area-weighted state mean (LCC m2 weights),IMD RF25/TMAX1/TMIN1
Punjab,PUNJAB,2020,4,18.1,32.12,16.48,30,1,VERIFIED,area-weighted state mean (LCC m2 weights),IMD RF25/TMAX1/TMIN1
Punjab,PUNJAB,2020,5,32.3,36.76,20.78,31,1,VERIFIED,area-weighted state mean (LCC m2 weights),IMD RF25/TMAX1/TMIN1
Punjab,PUNJAB,2020,6,58.0,37.61,24.47,30,1,VERIFIED,area-weighted state mean (LCC m2 weights),IMD RF25/TMAX1/TMIN1
Punjab,PUNJAB,2020,7,187.4,35.14,25.31,31,1,VERIFIED,area-weighted state mean (LCC m2 weights),IMD RF25/TMAX1/TMIN1
Punjab,PUNJAB,2020,8,154.0,33.65,25.49,31,1,VERIFIED,area-weighted state mean (LCC m2 weights),IMD RF25/TMAX1/TMIN1
Punjab,PUNJAB,2020,9,24.6,34.91,23.7,30,1,VERIFIED,area-weighted state mean (LCC m2 weights),IMD RF25/TMAX1/TMIN1
Punjab,PUNJAB,2020,10,0.0,33.15,15.93,31,1,VERIFIED,area-weighted state mean (LCC m2 weights),IMD RF25/TMAX1/TMIN1
Punjab,PUNJAB,2020,11,14.3,24.99,9.61,30,1,VERIFIED,area-weighted state mean (LCC m2 weights),IMD RF25/TMAX1/TMIN1
Punjab,PUNJAB,2020,12,9.8,19.88,6.01,31,1,VERIFIED,area-weighted state mean (LCC m2 weights),IMD RF25/TMAX1/TMIN1
Uttar Pradesh,UTTAR PRADESH,2020,1,31.7,19.57,8.72,31,1,VERIFIED,area-weighted state mean (LCC m2 weights),IMD RF25/TMAX1/TMIN1
Uttar Pradesh,UTTAR PRADESH,2020,2,13.2,24.37,10.34,29,1,VERIFIED,area-weighted state mean (LCC m2 weights),IMD RF25/TMAX1/TMIN1
Uttar Pradesh,UTTAR PRADESH,2020,3,42.0,28.58,15.45,31,1,VERIFIED,area-weighted state mean (LCC m2 weights),IMD RF25/TMAX1/TMIN1
Uttar Pradesh,UTTAR PRADESH,2020,4,16.1,35.81,20.37,30,1,VERIFIED,area-weighted state mean (LCC m2 weights),IMD RF25/TMAX1/TMIN1
Uttar Pradesh,UTTAR PRADESH,2020,5,39.9,37.84,23.75,31,1,VERIFIED,area-weighted state mean (LCC m2 weights),IMD RF25/TMAX1/TMIN1
Uttar Pradesh,UTTAR PRADESH,2020,6,151.2,35.38,25.91,30,1,VERIFIED,area-weighted state mean (LCC m2 weights),IMD RF25/TMAX1/TMIN1
Uttar Pradesh,UTTAR PRADESH,2020,7,251.6,34.07,26.2,31,1,VERIFIED,area-weighted state mean (LCC m2 weights),IMD RF25/TMAX1/TMIN1
Uttar Pradesh,UTTAR PRADESH,2020,8,203.1,33.14,25.88,31,1,VERIFIED,area-weighted state mean (LCC m2 weights),IMD RF25/TMAX1/TMIN1
Uttar Pradesh,UTTAR PRADESH,2020,9,96.5,34.41,25.49,30,1,VERIFIED,area-weighted state mean (LCC m2 weights),IMD RF25/TMAX1/TMIN1
Uttar Pradesh,UTTAR PRADESH,2020,10,1.3,34.0,20.01,31,1,VERIFIED,area-weighted state mean (LCC m2 weights),IMD RF25/TMAX1/TMIN1
Uttar Pradesh,UTTAR PRADESH,2020,11,6.0,27.88,12.61,30,1,VERIFIED,area-weighted state mean (LCC m2 weights),IMD RF25/TMAX1/TMIN1
Uttar Pradesh,UTTAR PRADESH,2020,12,1.2,23.35,9.05,31,1,VERIFIED,area-weighted state mean (LCC m2 weights),IMD RF25/TMAX1/TMIN1
Karnataka,KARNATAKA,2020,1,0.5,30.67,17.24,31,1,VERIFIED,area-weighted state mean (LCC m2 weights),IMD RF25/TMAX1/TMIN1
Karnataka,KARNATAKA,2020,2,0.4,32.18,17.95,29,1,VERIFIED,area-weighted state mean (LCC m2 weights),IMD RF25/TMAX1/TMIN1
Karnataka,KARNATAKA,2020,3,7.7,34.55,20.72,31,1,VERIFIED,area-weighted state mean (LCC m2 weights),IMD RF25/TMAX1/TMIN1
Karnataka,KARNATAKA,2020,4,47.0,36.07,22.74,30,1,VERIFIED,area-weighted state mean (LCC m2 weights),IMD RF25/TMAX1/TMIN1
Karnataka,KARNATAKA,2020,5,88.0,35.99,23.87,31,1,VERIFIED,area-weighted state mean (LCC m2 weights),IMD RF25/TMAX1/TMIN1
Karnataka,KARNATAKA,2020,6,180.3,30.77,22.05,30,1,VERIFIED,area-weighted state mean (LCC m2 weights),IMD RF25/TMAX1/TMIN1
Karnataka,KARNATAKA,2020,7,264.7,28.96,21.57,31,1,VERIFIED,area-weighted state mean (LCC m2 weights),IMD RF25/TMAX1/TMIN1
Karnataka,KARNATAKA,2020,8,273.2,28.06,21.37,31,1,VERIFIED,area-weighted state mean (LCC m2 weights),IMD RF25/TMAX1/TMIN1
Karnataka,KARNATAKA,2020,9,269.0,28.81,21.22,30,1,VERIFIED,area-weighted state mean (LCC m2 weights),IMD RF25/TMAX1/TMIN1
Karnataka,KARNATAKA,2020,10,172.1,29.52,20.85,31,1,VERIFIED,area-weighted state mean (LCC m2 weights),IMD RF25/TMAX1/TMIN1
Karnataka,KARNATAKA,2020,11,26.2,29.94,19.03,30,1,VERIFIED,area-weighted state mean (LCC m2 weights),IMD RF25/TMAX1/TMIN1
Karnataka,KARNATAKA,2020,12,10.2,29.25,17.18,31,1,VERIFIED,area-weighted state mean (LCC m2 weights),IMD RF25/TMAX1/TMIN1
Andhra Pradesh,ANDHRA PRADESH,2020,1,14.9,30.4,19.25,31,1,VERIFIED,area-weighted state mean (LCC m2 weights),IMD RF25/TMAX1/TMIN1
Andhra Pradesh,ANDHRA PRADESH,2020,2,7.6,31.88,19.87,29,1,VERIFIED,area-weighted state mean (LCC m2 weights),IMD RF25/TMAX1/TMIN1
Andhra Pradesh,ANDHRA PRADESH,2020,3,15.5,34.86,22.72,31,1,VERIFIED,area-weighted state mean (LCC m2 weights),IMD RF25/TMAX1/TMIN1
Andhra Pradesh,ANDHRA PRADESH,2020,4,43.8,36.89,24.84,30,1,VERIFIED,area-weighted state mean (LCC m2 weights),IMD RF25/TMAX1/TMIN1
Andhra Pradesh,ANDHRA PRADESH,2020,5,21.0,38.39,26.75,31,1,VERIFIED,area-weighted state mean (LCC m2 weights),IMD RF25/TMAX1/TMIN1
Andhra Pradesh,ANDHRA PRADESH,2020,6,122.7,35.07,25.68,30,1,VERIFIED,area-weighted state mean (LCC m2 weights),IMD RF25/TMAX1/TMIN1
Andhra Pradesh,ANDHRA PRADESH,2020,7,233.8,32.59,24.41,31,1,VERIFIED,area-weighted state mean (LCC m2 weights),IMD RF25/TMAX1/TMIN1
Andhra Pradesh,ANDHRA PRADESH,2020,8,154.1,31.3,24.31,31,1,VERIFIED,area-weighted state mean (LCC m2 weights),IMD RF25/TMAX1/TMIN1
Andhra Pradesh,ANDHRA PRADESH,2020,9,243.4,31.61,24.17,30,1,VERIFIED,area-weighted state mean (LCC m2 weights),IMD RF25/TMAX1/TMIN1
Andhra Pradesh,ANDHRA PRADESH,2020,10,188.1,31.37,23.39,31,1,VERIFIED,area-weighted state mean (LCC m2 weights),IMD RF25/TMAX1/TMIN1
Andhra Pradesh,ANDHRA PRADESH,2020,11,194.7,30.11,21.07,30,1,VERIFIED,area-weighted state mean (LCC m2 weights),IMD RF25/TMAX1/TMIN1
Andhra Pradesh,ANDHRA PRADESH,2020,12,41.8,29.18,18.48,31,1,VERIFIED,area-weighted state mean (LCC m2 weights),IMD RF25/TMAX1/TMIN1
Bihar,BIHAR,2020,1,9.9,21.01,10.25,31,1,VERIFIED,area-weighted state mean (LCC m2 weights),IMD RF25/TMAX1/TMIN1
Bihar,BIHAR,2020,2,26.4,24.91,11.53,29,1,VERIFIED,area-weighted state mean (LCC m2 weights),IMD RF25/TMAX1/TMIN1
Bihar,BIHAR,2020,3,46.7,29.29,16.88,31,1,VERIFIED,area-weighted state mean (LCC m2 weights),IMD RF25/TMAX1/TMIN1
Bihar,BIHAR,2020,4,55.9,34.11,20.66,30,1,VERIFIED,area-weighted state mean (LCC m2 weights),IMD RF25/TMAX1/TMIN1
Bihar,BIHAR,2020,5,86.4,34.76,23.37,31,1,VERIFIED,area-weighted state mean (LCC m2 weights),IMD RF25/TMAX1/TMIN1
Bihar,BIHAR,2020,6,316.6,33.54,25.58,30,1,VERIFIED,area-weighted state mean (LCC m2 weights),IMD RF25/TMAX1/TMIN1
Bihar,BIHAR,2020,7,459.9,32.88,25.99,31,1,VERIFIED,area-weighted state mean (LCC m2 weights),IMD RF25/TMAX1/TMIN1
Bihar,BIHAR,2020,8,205.0,33.64,26.09,31,1,VERIFIED,area-weighted state mean (LCC m2 weights),IMD RF25/TMAX1/TMIN1
Bihar,BIHAR,2020,9,344.8,33.05,25.62,30,1,VERIFIED,area-weighted state mean (LCC m2 weights),IMD RF25/TMAX1/TMIN1
Bihar,BIHAR,2020,10,33.7,33.46,23.19,31,1,VERIFIED,area-weighted state mean (LCC m2 weights),IMD RF25/TMAX1/TMIN1
Bihar,BIHAR,2020,11,0.7,28.9,15.37,30,1,VERIFIED,area-weighted state mean (LCC m2 weights),IMD RF25/TMAX1/TMIN1
Bihar,BIHAR,2020,12,0.1,23.58,11.22,31,1,VERIFIED,area-weighted state mean (LCC m2 weights),IMD RF25/TMAX1/TMIN1
Goa,GOA,2020,1,0.2,31.49,18.71,31,1,VERIFIED,area-weighted state mean (LCC m2 weights),IMD RF25/TMAX1/TMIN1
Goa,GOA,2020,2,0.0,32.49,19.33,29,1,VERIFIED,area-weighted state mean (LCC m2 weights),IMD RF25/TMAX1/TMIN1
Goa,GOA,2020,3,3.6,33.18,21.46,31,1,VERIFIED,area-weighted state mean (LCC m2 weights),IMD RF25/TMAX1/TMIN1
Goa,GOA,2020,4,21.3,34.62,24.19,30,1,VERIFIED,area-weighted state mean (LCC m2 weights),IMD RF25/TMAX1/TMIN1
Goa,GOA,2020,5,27.9,34.94,25.62,31,1,VERIFIED,area-weighted state mean (LCC m2 weights),IMD RF25/TMAX1/TMIN1
Goa,GOA,2020,6,928.9,29.96,23.55,30,1,VERIFIED,area-weighted state mean (LCC m2 weights),IMD RF25/TMAX1/TMIN1
Goa,GOA,2020,7,1170.7,28.57,23.31,31,1,VERIFIED,area-weighted state mean (LCC m2 weights),IMD RF25/TMAX1/TMIN1
Goa,GOA,2020,8,1439.4,27.93,23.15,31,1,VERIFIED,area-weighted state mean (LCC m2 weights),IMD RF25/TMAX1/TMIN1
Goa,GOA,2020,9,712.1,29.16,23.05,30,1,VERIFIED,area-weighted state mean (LCC m2 weights),IMD RF25/TMAX1/TMIN1
Goa,GOA,2020,10,241.2,29.95,22.82,31,1,VERIFIED,area-weighted state mean (LCC m2 weights),IMD RF25/TMAX1/TMIN1
Goa,GOA,2020,11,0.3,32.31,21.1,30,1,VERIFIED,area-weighted state mean (LCC m2 weights),IMD RF25/TMAX1/TMIN1
Goa,GOA,2020,12,18.0,31.85,19.61,31,1,VERIFIED,area-weighted state mean (LCC m2 weights),IMD RF25/TMAX1/TMIN1
Jharkhand,JHARKHAND,2020,1,24.9,23.19,11.07,31,1,VERIFIED,area-weighted state mean (LCC m2 weights),IMD RF25/TMAX1/TMIN1
Jharkhand,JHARKHAND,2020,2,13.5,26.08,12.22,29,1,VERIFIED,area-weighted state mean (LCC m2 weights),IMD RF25/TMAX1/TMIN1
Jharkhand,JHARKHAND,2020,3,80.2,30.49,17.62,31,1,VERIFIED,area-weighted state mean (LCC m2 weights),IMD RF25/TMAX1/TMIN1
Jharkhand,JHARKHAND,2020,4,63.9,35.19,21.19,30,1,VERIFIED,area-weighted state mean (LCC m2 weights),IMD RF25/TMAX1/TMIN1
Jharkhand,JHARKHAND,2020,5,89.2,35.89,23.59,31,1,VERIFIED,area-weighted state mean (LCC m2 weights),IMD RF25/TMAX1/TMIN1
Jharkhand,JHARKHAND,2020,6,215.3,33.34,24.92,30,1,VERIFIED,area-weighted state mean (LCC m2 weights),IMD RF25/TMAX1/TMIN1
Jharkhand,JHARKHAND,2020,7,253.0,32.77,25.31,31,1,VERIFIED,area-weighted state mean (LCC m2 weights),IMD RF25/TMAX1/TMIN1
Jharkhand,JHARKHAND,2020,8,295.1,32.22,25.03,31,1,VERIFIED,area-weighted state mean (LCC m2 weights),IMD RF25/TMAX1/TMIN1
Jharkhand,JHARKHAND,2020,9,164.0,32.98,24.91,30,1,VERIFIED,area-weighted state mean (LCC m2 weights),IMD RF25/TMAX1/TMIN1
Jharkhand,JHARKHAND,2020,10,64.6,32.61,22.38,31,1,VERIFIED,area-weighted state mean (LCC m2 weights),IMD RF25/TMAX1/TMIN1
Jharkhand,JHARKHAND,2020,11,6.6,29.2,15.6,30,1,VERIFIED,area-weighted state mean (LCC m2 weights),IMD RF25/TMAX1/TMIN1
Jharkhand,JHARKHAND,2020,12,0.3,25.38,11.45,31,1,VERIFIED,area-weighted state mean (LCC m2 weights),IMD RF25/TMAX1/TMIN1
Madhya Pradesh,MADHYA PRADESH,2020,1,20.6,23.38,9.86,31,1,VERIFIED,area-weighted state mean (LCC m2 weights),IMD RF25/TMAX1/TMIN1
Madhya Pradesh,MADHYA PRADESH,2020,2,9.5,27.45,11.46,29,1,VERIFIED,area-weighted state mean (LCC m2 weights),IMD RF25/TMAX1/TMIN1
Madhya Pradesh,MADHYA PRADESH,2020,3,21.0,31.28,16.28,31,1,VERIFIED,area-weighted state mean (LCC m2 weights),IMD RF25/TMAX1/TMIN1
Madhya Pradesh,MADHYA PRADESH,2020,4,7.0,38.25,21.68,30,1,VERIFIED,area-weighted state mean (LCC m2 weights),IMD RF25/TMAX1/TMIN1
Madhya Pradesh,MADHYA PRADESH,2020,5,16.9,41.2,25.24,31,1,VERIFIED,area-weighted state mean (LCC m2 weights),IMD RF25/TMAX1/TMIN1
Madhya Pradesh,MADHYA PRADESH,2020,6,206.6,35.36,24.71,30,1,VERIFIED,area-weighted state mean (LCC m2 weights),IMD RF25/TMAX1/TMIN1
Madhya Pradesh,MADHYA PRADESH,2020,7,188.3,33.41,24.79,31,1,VERIFIED,area-weighted state mean (LCC m2 weights),IMD RF25/TMAX1/TMIN1
Madhya Pradesh,MADHYA PRADESH,2020,8,468.7,30.42,23.88,31,1,VERIFIED,area-weighted state mean (LCC m2 weights),IMD RF25/TMAX1/TMIN1
Madhya Pradesh,MADHYA PRADESH,2020,9,134.0,33.1,23.88,30,1,VERIFIED,area-weighted state mean (LCC m2 weights),IMD RF25/TMAX1/TMIN1
Madhya Pradesh,MADHYA PRADESH,2020,10,16.4,33.77,20.25,31,1,VERIFIED,area-weighted state mean (LCC m2 weights),IMD RF25/TMAX1/TMIN1
Madhya Pradesh,MADHYA PRADESH,2020,11,5.1,29.67,13.31,30,1,VERIFIED,area-weighted state mean (LCC m2 weights),IMD RF25/TMAX1/TMIN1
Madhya Pradesh,MADHYA PRADESH,2020,12,6.5,26.52,10.42,31,1,VERIFIED,area-weighted state mean (LCC m2 weights),IMD RF25/TMAX1/TMIN1
Maharashtra,MAHARASHTRA,2020,1,7.5,28.64,14.59,31,1,VERIFIED,area-weighted state mean (LCC m2 weights),IMD RF25/TMAX1/TMIN1
Maharashtra,MAHARASHTRA,2020,2,2.4,31.49,16.06,29,1,VERIFIED,area-weighted state mean (LCC m2 weights),IMD RF25/TMAX1/TMIN1
Maharashtra,MAHARASHTRA,2020,3,16.6,34.23,19.13,31,1,VERIFIED,area-weighted state mean (LCC m2 weights),IMD RF25/TMAX1/TMIN1
Maharashtra,MAHARASHTRA,2020,4,9.7,38.71,23.13,30,1,VERIFIED,area-weighted state mean (LCC m2 weights),IMD RF25/TMAX1/TMIN1
Maharashtra,MAHARASHTRA,2020,5,13.7,40.24,25.55,31,1,VERIFIED,area-weighted state mean (LCC m2 weights),IMD RF25/TMAX1/TMIN1
Maharashtra,MAHARASHTRA,2020,6,247.5,33.21,23.4,30,1,VERIFIED,area-weighted state mean (LCC m2 weights),IMD RF25/TMAX1/TMIN1
Maharashtra,MAHARASHTRA,2020,7,292.8,31.35,23.14,31,1,VERIFIED,area-weighted state mean (LCC m2 weights),IMD RF25/TMAX1/TMIN1
Maharashtra,MAHARASHTRA,2020,8,388.5,29.12,22.53,31,1,VERIFIED,area-weighted state mean (LCC m2 weights),IMD RF25/TMAX1/TMIN1
Maharashtra,MAHARASHTRA,2020,9,204.5,31.35,22.67,30,1,VERIFIED,area-weighted state mean (LCC m2 weights),IMD RF25/TMAX1/TMIN1
Maharashtra,MAHARASHTRA,2020,10,119.0,32.0,21.51,31,1,VERIFIED,area-weighted state mean (LCC m2 weights),IMD RF25/TMAX1/TMIN1
Maharashtra,MAHARASHTRA,2020,11,2.3,31.24,17.06,30,1,VERIFIED,area-weighted state mean (LCC m2 weights),IMD RF25/TMAX1/TMIN1
Maharashtra,MAHARASHTRA,2020,12,3.7,29.96,14.88,31,1,VERIFIED,area-weighted state mean (LCC m2 weights),IMD RF25/TMAX1/TMIN1
Puducherry,PUDUCHERRY,2020,1,16.0,30.95,22.29,31,1,VERIFIED,area-weighted state mean (LCC m2 weights),IMD RF25/TMAX1/TMIN1
Puducherry,PUDUCHERRY,2020,2,2.6,32.33,22.64,29,1,VERIFIED,area-weighted state mean (LCC m2 weights),IMD RF25/TMAX1/TMIN1
Puducherry,PUDUCHERRY,2020,3,1.0,34.32,24.47,31,1,VERIFIED,area-weighted state mean (LCC m2 weights),IMD RF25/TMAX1/TMIN1
Puducherry,PUDUCHERRY,2020,4,12.3,35.88,26.37,30,1,VERIFIED,area-weighted state mean (LCC m2 weights),IMD RF25/TMAX1/TMIN1
Puducherry,PUDUCHERRY,2020,5,22.3,37.17,27.75,31,1,VERIFIED,area-weighted state mean (LCC m2 weights),IMD RF25/TMAX1/TMIN1
Puducherry,PUDUCHERRY,2020,6,59.7,36.85,27.09,30,1,VERIFIED,area-weighted state mean (LCC m2 weights),IMD RF25/TMAX1/TMIN1
Puducherry,PUDUCHERRY,2020,7,144.5,34.54,25.76,31,1,VERIFIED,area-weighted state mean (LCC m2 weights),IMD RF25/TMAX1/TMIN1
Puducherry,PUDUCHERRY,2020,8,85.9,34.57,25.89,31,1,VERIFIED,area-weighted state mean (LCC m2 weights),IMD RF25/TMAX1/TMIN1
Puducherry,PUDUCHERRY,2020,9,138.4,33.28,25.17,30,1,VERIFIED,area-weighted state mean (LCC m2 weights),IMD RF25/TMAX1/TMIN1
Puducherry,PUDUCHERRY,2020,10,159.6,33.34,24.81,31,1,VERIFIED,area-weighted state mean (LCC m2 weights),IMD RF25/TMAX1/TMIN1
Puducherry,PUDUCHERRY,2020,11,372.7,30.79,23.79,30,1,VERIFIED,area-weighted state mean (LCC m2 weights),IMD RF25/TMAX1/TMIN1
Puducherry,PUDUCHERRY,2020,12,523.0,28.83,22.46,31,1,VERIFIED,area-weighted state mean (LCC m2 weights),IMD RF25/TMAX1/TMIN1
Rajasthan,RAJASTHAN,2020,1,5.4,21.65,8.22,31,1,VERIFIED,area-weighted state mean (LCC m2 weights),IMD RF25/TMAX1/TMIN1
Rajasthan,RAJASTHAN,2020,2,0.2,27.32,10.9,29,1,VERIFIED,area-weighted state mean (LCC m2 weights),IMD RF25/TMAX1/TMIN1
Rajasthan,RAJASTHAN,2020,3,20.7,29.8,15.9,31,1,VERIFIED,area-weighted state mean (LCC m2 weights),IMD RF25/TMAX1/TMIN1
Rajasthan,RAJASTHAN,2020,4,4.6,37.47,22.06,30,1,VERIFIED,area-weighted state mean (LCC m2 weights),IMD RF25/TMAX1/TMIN1
Rajasthan,RAJASTHAN,2020,5,19.4,41.03,25.74,31,1,VERIFIED,area-weighted state mean (LCC m2 weights),IMD RF25/TMAX1/TMIN1
Rajasthan,RAJASTHAN,2020,6,53.6,39.14,26.86,30,1,VERIFIED,area-weighted state mean (LCC m2 weights),IMD RF25/TMAX1/TMIN1
Rajasthan,RAJASTHAN,2020,7,100.4,36.32,26.56,31,1,VERIFIED,area-weighted state mean (LCC m2 weights),IMD RF25/TMAX1/TMIN1
Rajasthan,RAJASTHAN,2020,8,215.4,33.16,25.48,31,1,VERIFIED,area-weighted state mean (LCC m2 weights),IMD RF25/TMAX1/TMIN1
Rajasthan,RAJASTHAN,2020,9,71.8,35.14,24.75,30,1,VERIFIED,area-weighted state mean (LCC m2 weights),IMD RF25/TMAX1/TMIN1
Rajasthan,RAJASTHAN,2020,10,3.4,35.21,19.66,31,1,VERIFIED,area-weighted state mean (LCC m2 weights),IMD RF25/TMAX1/TMIN1
Rajasthan,RAJASTHAN,2020,11,2.4,28.95,12.3,30,1,VERIFIED,area-weighted state mean (LCC m2 weights),IMD RF25/TMAX1/TMIN1
Rajasthan,RAJASTHAN,2020,12,0.4,25.51,9.09,31,1,VERIFIED,area-weighted state mean (LCC m2 weights),IMD RF25/TMAX1/TMIN1
Tamil Nadu,TAMIL NADU,2020,1,10.0,30.9,20.75,31,1,VERIFIED,area-weighted state mean (LCC m2 weights),IMD RF25/TMAX1/TMIN1
Tamil Nadu,TAMIL NADU,2020,2,1.3,32.47,21.21,29,1,VERIFIED,area-weighted state mean (LCC m2 weights),IMD RF25/TMAX1/TMIN1
Tamil Nadu,TAMIL NADU,2020,3,3.0,34.66,23.22,31,1,VERIFIED,area-weighted state mean (LCC m2 weights),IMD RF25/TMAX1/TMIN1
Tamil Nadu,TAMIL NADU,2020,4,31.5,35.87,24.81,30,1,VERIFIED,area-weighted state mean (LCC m2 weights),IMD RF25/TMAX1/TMIN1
Tamil Nadu,TAMIL NADU,2020,5,36.7,36.37,25.96,31,1,VERIFIED,area-weighted state mean (LCC m2 weights),IMD RF25/TMAX1/TMIN1
Tamil Nadu,TAMIL NADU,2020,6,55.7,34.76,25.09,30,1,VERIFIED,area-weighted state mean (LCC m2 weights),IMD RF25/TMAX1/TMIN1
Tamil Nadu,TAMIL NADU,2020,7,132.7,32.95,24.1,31,1,VERIFIED,area-weighted state mean (LCC m2 weights),IMD RF25/TMAX1/TMIN1
Tamil Nadu,TAMIL NADU,2020,8,88.5,32.9,24.14,31,1,VERIFIED,area-weighted state mean (LCC m2 weights),IMD RF25/TMAX1/TMIN1
Tamil Nadu,TAMIL NADU,2020,9,138.4,31.85,23.53,30,1,VERIFIED,area-weighted state mean (LCC m2 weights),IMD RF25/TMAX1/TMIN1
Tamil Nadu,TAMIL NADU,2020,10,106.6,32.2,23.15,31,1,VERIFIED,area-weighted state mean (LCC m2 weights),IMD RF25/TMAX1/TMIN1
Tamil Nadu,TAMIL NADU,2020,11,221.6,30.22,22.32,30,1,VERIFIED,area-weighted state mean (LCC m2 weights),IMD RF25/TMAX1/TMIN1
Tamil Nadu,TAMIL NADU,2020,12,192.6,28.51,21.08,31,1,VERIFIED,area-weighted state mean (LCC m2 weights),IMD RF25/TMAX1/TMIN1
Telangana,TELANGANA,2020,1,6.9,30.01,17.67,31,1,VERIFIED,area-weighted state mean (LCC m2 weights),IMD RF25/TMAX1/TMIN1
Telangana,TELANGANA,2020,2,8.7,31.95,18.5,29,1,VERIFIED,area-weighted state mean (LCC m2 weights),IMD RF25/TMAX1/TMIN1
Telangana,TELANGANA,2020,3,17.5,35.24,21.99,31,1,VERIFIED,area-weighted state mean (LCC m2 weights),IMD RF25/TMAX1/TMIN1
Telangana,TELANGANA,2020,4,21.5,38.73,24.7,30,1,VERIFIED,area-weighted state mean (LCC m2 weights),IMD RF25/TMAX1/TMIN1
Telangana,TELANGANA,2020,5,25.8,40.66,26.73,31,1,VERIFIED,area-weighted state mean (LCC m2 weights),IMD RF25/TMAX1/TMIN1
Telangana,TELANGANA,2020,6,176.5,34.86,24.59,30,1,VERIFIED,area-weighted state mean (LCC m2 weights),IMD RF25/TMAX1/TMIN1
Telangana,TELANGANA,2020,7,281.6,31.96,23.39,31,1,VERIFIED,area-weighted state mean (LCC m2 weights),IMD RF25/TMAX1/TMIN1
Telangana,TELANGANA,2020,8,433.0,29.95,23.02,31,1,VERIFIED,area-weighted state mean (LCC m2 weights),IMD RF25/TMAX1/TMIN1
Telangana,TELANGANA,2020,9,255.3,31.37,23.3,30,1,VERIFIED,area-weighted state mean (LCC m2 weights),IMD RF25/TMAX1/TMIN1
Telangana,TELANGANA,2020,10,169.9,31.3,22.14,31,1,VERIFIED,area-weighted state mean (LCC m2 weights),IMD RF25/TMAX1/TMIN1
Telangana,TELANGANA,2020,11,14.1,30.71,18.45,30,1,VERIFIED,area-weighted state mean (LCC m2 weights),IMD RF25/TMAX1/TMIN1
Telangana,TELANGANA,2020,12,0.2,30.02,15.82,31,1,VERIFIED,area-weighted state mean (LCC m2 weights),IMD RF25/TMAX1/TMIN1
Tripura,TRIPURA,2020,1,35.5,21.92,9.65,31,1,VERIFIED,area-weighted state mean (LCC m2 weights),IMD RF25/TMAX1/TMIN1
Tripura,TRIPURA,2020,2,2.8,24.63,10.9,29,1,VERIFIED,area-weighted state mean (LCC m2 weights),IMD RF25/TMAX1/TMIN1
Tripura,TRIPURA,2020,3,6.5,28.43,15.7,31,1,VERIFIED,area-weighted state mean (LCC m2 weights),IMD RF25/TMAX1/TMIN1
Tripura,TRIPURA,2020,4,212.2,29.77,18.62,30,1,VERIFIED,area-weighted state mean (LCC m2 weights),IMD RF25/TMAX1/TMIN1
Tripura,TRIPURA,2020,5,318.7,29.7,20.75,31,1,VERIFIED,area-weighted state mean (LCC m2 weights),IMD RF25/TMAX1/TMIN1
Tripura,TRIPURA,2020,6,423.1,30.97,23.36,30,1,VERIFIED,area-weighted state mean (LCC m2 weights),IMD RF25/TMAX1/TMIN1
Tripura,TRIPURA,2020,7,369.0,30.89,24.1,31,1,VERIFIED,area-weighted state mean (LCC m2 weights),IMD RF25/TMAX1/TMIN1
Tripura,TRIPURA,2020,8,216.5,32.13,24.08,31,1,VERIFIED,area-weighted state mean (LCC m2 weights),IMD RF25/TMAX1/TMIN1
Tripura,TRIPURA,2020,9,268.3,31.23,23.36,30,1,VERIFIED,area-weighted state mean (LCC m2 weights),IMD RF25/TMAX1/TMIN1
Tripura,TRIPURA,2020,10,276.7,31.47,22.26,31,1,VERIFIED,area-weighted state mean (LCC m2 weights),IMD RF25/TMAX1/TMIN1
Tripura,TRIPURA,2020,11,30.7,28.43,15.65,30,1,VERIFIED,area-weighted state mean (LCC m2 weights),IMD RF25/TMAX1/TMIN1
Tripura,TRIPURA,2020,12,0.0,24.12,10.8,31,1,VERIFIED,area-weighted state mean (LCC m2 weights),IMD RF25/TMAX1/TMIN1
Uttarakhand,UTTARAKHAND,2020,1,134.9,14.58,5.18,31,1,VERIFIED,area-weighted state mean (LCC m2 weights),IMD RF25/TMAX1/TMIN1
Uttarakhand,UTTARAKHAND,2020,2,37.8,19.03,6.98,29,1,VERIFIED,area-weighted state mean (LCC m2 weights),IMD RF25/TMAX1/TMIN1
Uttarakhand,UTTARAKHAND,2020,3,113.1,21.99,10.72,31,1,VERIFIED,area-weighted state mean (LCC m2 weights),IMD RF25/TMAX1/TMIN1
Uttarakhand,UTTARAKHAND,2020,4,51.0,28.62,15.19,30,1,VERIFIED,area-weighted state mean (LCC m2 weights),IMD RF25/TMAX1/TMIN1
Uttarakhand,UTTARAKHAND,2020,5,81.7,31.56,18.73,31,1,VERIFIED,area-weighted state mean (LCC m2 weights),IMD RF25/TMAX1/TMIN1
Uttarakhand,UTTARAKHAND,2020,6,167.1,31.23,21.59,30,1,VERIFIED,area-weighted state mean (LCC m2 weights),IMD RF25/TMAX1/TMIN1
Uttarakhand,UTTARAKHAND,2020,7,418.2,30.04,22.25,31,1,VERIFIED,area-weighted state mean (LCC m2 weights),IMD RF25/TMAX1/TMIN1
Uttarakhand,UTTARAKHAND,2020,8,398.9,29.37,22.68,31,1,VERIFIED,area-weighted state mean (LCC m2 weights),IMD RF25/TMAX1/TMIN1
Uttarakhand,UTTARAKHAND,2020,9,69.4,30.6,21.63,30,1,VERIFIED,area-weighted state mean (LCC m2 weights),IMD RF25/TMAX1/TMIN1
Uttarakhand,UTTARAKHAND,2020,10,0.2,29.21,15.57,31,1,VERIFIED,area-weighted state mean (LCC m2 weights),IMD RF25/TMAX1/TMIN1
Uttarakhand,UTTARAKHAND,2020,11,9.6,22.59,9.41,30,1,VERIFIED,area-weighted state mean (LCC m2 weights),IMD RF25/TMAX1/TMIN1
Uttarakhand,UTTARAKHAND,2020,12,7.3,18.71,6.49,31,1,VERIFIED,area-weighted state mean (LCC m2 weights),IMD RF25/TMAX1/TMIN1
Dadra & Nagar Haveli and Daman & Diu,DADRA & NAGAR HAVELI & DAMAN & DIU,2021,1,2.6,29.26,16.52,31,1,VERIFIED,area-weighted state mean (LCC m2 weights),IMD RF25/TMAX1/TMIN1
Dadra & Nagar Haveli and Daman & Diu,DADRA & NAGAR HAVELI & DAMAN & DIU,2021,2,0.2,32.06,16.96,28,1,VERIFIED,area-weighted state mean (LCC m2 weights),IMD RF25/TMAX1/TMIN1
Dadra & Nagar Haveli and Daman & Diu,DADRA & NAGAR HAVELI & DAMAN & DIU,2021,3,0.0,35.67,20.51,31,1,VERIFIED,area-weighted state mean (LCC m2 weights),IMD RF25/TMAX1/TMIN1
Dadra & Nagar Haveli and Daman & Diu,DADRA & NAGAR HAVELI & DAMAN & DIU,2021,4,0.5,36.55,23.49,30,1,VERIFIED,area-weighted state mean (LCC m2 weights),IMD RF25/TMAX1/TMIN1
Dadra & Nagar Haveli and Daman & Diu,DADRA & NAGAR HAVELI & DAMAN & DIU,2021,5,143.2,35.61,25.73,31,1,VERIFIED,area-weighted state mean (LCC m2 weights),IMD RF25/TMAX1/TMIN1
Dadra & Nagar Haveli and Daman & Diu,DADRA & NAGAR HAVELI & DAMAN & DIU,2021,6,362.3,33.16,25.52,30,1,VERIFIED,area-weighted state mean (LCC m2 weights),IMD RF25/TMAX1/TMIN1
Dadra & Nagar Haveli and Daman & Diu,DADRA & NAGAR HAVELI & DAMAN & DIU,2021,7,726.0,31.76,25.44,31,1,VERIFIED,area-weighted state mean (LCC m2 weights),IMD RF25/TMAX1/TMIN1
Dadra & Nagar Haveli and Daman & Diu,DADRA & NAGAR HAVELI & DAMAN & DIU,2021,8,354.6,30.87,24.44,31,1,VERIFIED,area-weighted state mean (LCC m2 weights),IMD RF25/TMAX1/TMIN1
Dadra & Nagar Haveli and Daman & Diu,DADRA & NAGAR HAVELI & DAMAN & DIU,2021,9,1014.2,30.68,24.16,30,1,VERIFIED,area-weighted state mean (LCC m2 weights),IMD RF25/TMAX1/TMIN1
Dadra & Nagar Haveli and Daman & Diu,DADRA & NAGAR HAVELI & DAMAN & DIU,2021,10,99.3,33.21,22.97,31,1,VERIFIED,area-weighted state mean (LCC m2 weights),IMD RF25/TMAX1/TMIN1
Dadra & Nagar Haveli and Daman & Diu,DADRA & NAGAR HAVELI & DAMAN & DIU,2021,11,53.6,32.59,20.3,30,1,VERIFIED,area-weighted state mean (LCC m2 weights),IMD RF25/TMAX1/TMIN1
Dadra & Nagar Haveli and Daman & Diu,DADRA & NAGAR HAVELI & DAMAN & DIU,2021,12,79.5,29.06,17.01,31,1,VERIFIED,area-weighted state mean (LCC m2 weights),IMD RF25/TMAX1/TMIN1
Jammu & Kashmir,JAMMU AND KASHMIR,2021,1,119.5,11.51,0.9,31,1,VERIFIED,area-weighted state mean (LCC m2 weights),IMD RF25/TMAX1/TMIN1
Jammu & Kashmir,JAMMU AND KASHMIR,2021,2,46.4,16.81,4.01,28,1,VERIFIED,area-weighted state mean (LCC m2 weights),IMD RF25/TMAX1/TMIN1
Jammu & Kashmir,JAMMU AND KASHMIR,2021,3,126.7,20.18,8.09,31,1,VERIFIED,area-weighted state mean (LCC m2 weights),IMD RF25/TMAX1/TMIN1
Jammu & Kashmir,JAMMU AND KASHMIR,2021,4,115.6,23.97,10.12,30,1,VERIFIED,area-weighted state mean (LCC m2 weights),IMD RF25/TMAX1/TMIN1
Jammu & Kashmir,JAMMU AND KASHMIR,2021,5,73.6,27.6,14.25,31,1,VERIFIED,area-weighted state mean (LCC m2 weights),IMD RF25/TMAX1/TMIN1
Jammu & Kashmir,JAMMU AND KASHMIR,2021,6,46.7,30.8,17.86,30,1,VERIFIED,area-weighted state mean (LCC m2 weights),IMD RF25/TMAX1/TMIN1
Jammu & Kashmir,JAMMU AND KASHMIR,2021,7,232.6,30.37,20.62,31,1,VERIFIED,area-weighted state mean (LCC m2 weights),IMD RF25/TMAX1/TMIN1
Jammu & Kashmir,JAMMU AND KASHMIR,2021,8,83.8,30.28,19.78,31,1,VERIFIED,area-weighted state mean (LCC m2 weights),IMD RF25/TMAX1/TMIN1
Jammu & Kashmir,JAMMU AND KASHMIR,2021,9,88.1,28.86,18.1,30,1,VERIFIED,area-weighted state mean (LCC m2 weights),IMD RF25/TMAX1/TMIN1
Jammu & Kashmir,JAMMU AND KASHMIR,2021,10,108.2,24.79,11.91,31,1,VERIFIED,area-weighted state mean (LCC m2 weights),IMD RF25/TMAX1/TMIN1
Jammu & Kashmir,JAMMU AND KASHMIR,2021,11,3.7,19.94,5.01,30,1,VERIFIED,area-weighted state mean (LCC m2 weights),IMD RF25/TMAX1/TMIN1
Jammu & Kashmir,JAMMU AND KASHMIR,2021,12,19.4,13.97,1.76,31,1,VERIFIED,area-weighted state mean (LCC m2 weights),IMD RF25/TMAX1/TMIN1
Ladakh,LADAKH,2021,1,22.1,10.11,-1.05,31,1,VERIFIED,area-weighted state mean (LCC m2 weights),IMD RF25/TMAX1/TMIN1
Ladakh,LADAKH,2021,2,17.0,14.98,2.21,28,1,VERIFIED,area-weighted state mean (LCC m2 weights),IMD RF25/TMAX1/TMIN1
Ladakh,LADAKH,2021,3,46.1,18.09,6.13,31,1,VERIFIED,area-weighted state mean (LCC m2 weights),IMD RF25/TMAX1/TMIN1
Ladakh,LADAKH,2021,4,51.6,21.44,7.96,30,1,VERIFIED,area-weighted state mean (LCC m2 weights),IMD RF25/TMAX1/TMIN1
Ladakh,LADAKH,2021,5,15.4,25.11,11.84,31,1,VERIFIED,area-weighted state mean (LCC m2 weights),IMD RF25/TMAX1/TMIN1
Ladakh,LADAKH,2021,6,6.5,28.72,15.74,30,1,VERIFIED,area-weighted state mean (LCC m2 weights),IMD RF25/TMAX1/TMIN1
Ladakh,LADAKH,2021,7,42.5,28.93,18.9,31,1,VERIFIED,area-weighted state mean (LCC m2 weights),IMD RF25/TMAX1/TMIN1
Ladakh,LADAKH,2021,8,15.9,29.07,18.1,31,1,VERIFIED,area-weighted state mean (LCC m2 weights),IMD RF25/TMAX1/TMIN1
Ladakh,LADAKH,2021,9,32.8,27.69,16.23,30,1,VERIFIED,area-weighted state mean (LCC m2 weights),IMD RF25/TMAX1/TMIN1
Ladakh,LADAKH,2021,10,32.1,22.74,9.67,31,1,VERIFIED,area-weighted state mean (LCC m2 weights),IMD RF25/TMAX1/TMIN1
Ladakh,LADAKH,2021,11,1.0,17.77,2.96,30,1,VERIFIED,area-weighted state mean (LCC m2 weights),IMD RF25/TMAX1/TMIN1
Ladakh,LADAKH,2021,12,5.6,12.29,-0.14,31,1,VERIFIED,area-weighted state mean (LCC m2 weights),IMD RF25/TMAX1/TMIN1
Himachal Pradesh,HIMACHAL PRADESH,2021,1,39.6,15.41,4.38,31,1,VERIFIED,area-weighted state mean (LCC m2 weights),IMD RF25/TMAX1/TMIN1
Himachal Pradesh,HIMACHAL PRADESH,2021,2,23.0,19.94,6.71,28,1,VERIFIED,area-weighted state mean (LCC m2 weights),IMD RF25/TMAX1/TMIN1
Himachal Pradesh,HIMACHAL PRADESH,2021,3,42.6,24.29,10.72,31,1,VERIFIED,area-weighted state mean (LCC m2 weights),IMD RF25/TMAX1/TMIN1
Himachal Pradesh,HIMACHAL PRADESH,2021,4,126.6,27.95,12.73,30,1,VERIFIED,area-weighted state mean (LCC m2 weights),IMD RF25/TMAX1/TMIN1
Himachal Pradesh,HIMACHAL PRADESH,2021,5,78.6,29.72,16.43,31,1,VERIFIED,area-weighted state mean (LCC m2 weights),IMD RF25/TMAX1/TMIN1
Himachal Pradesh,HIMACHAL PRADESH,2021,6,75.8,31.6,19.65,30,1,VERIFIED,area-weighted state mean (LCC m2 weights),IMD RF25/TMAX1/TMIN1
Himachal Pradesh,HIMACHAL PRADESH,2021,7,272.0,30.32,21.74,31,1,VERIFIED,area-weighted state mean (LCC m2 weights),IMD RF25/TMAX1/TMIN1
Himachal Pradesh,HIMACHAL PRADESH,2021,8,137.5,29.92,21.36,31,1,VERIFIED,area-weighted state mean (LCC m2 weights),IMD RF25/TMAX1/TMIN1
Himachal Pradesh,HIMACHAL PRADESH,2021,9,169.1,28.77,20.03,30,1,VERIFIED,area-weighted state mean (LCC m2 weights),IMD RF25/TMAX1/TMIN1
Himachal Pradesh,HIMACHAL PRADESH,2021,10,60.0,26.82,14.68,31,1,VERIFIED,area-weighted state mean (LCC m2 weights),IMD RF25/TMAX1/TMIN1
Himachal Pradesh,HIMACHAL PRADESH,2021,11,0.9,22.49,7.88,30,1,VERIFIED,area-weighted state mean (LCC m2 weights),IMD RF25/TMAX1/TMIN1
Himachal Pradesh,HIMACHAL PRADESH,2021,12,20.3,16.91,4.46,31,1,VERIFIED,area-weighted state mean (LCC m2 weights),IMD RF25/TMAX1/TMIN1
Arunachal Pradesh,ARUNACHAL PRADESH,2021,1,22.5,24.12,10.91,31,1,VERIFIED,area-weighted state mean (LCC m2 weights),IMD RF25/TMAX1/TMIN1
Arunachal Pradesh,ARUNACHAL PRADESH,2021,2,13.6,27.56,12.51,28,1,VERIFIED,area-weighted state mean (LCC m2 weights),IMD RF25/TMAX1/TMIN1
Arunachal Pradesh,ARUNACHAL PRADESH,2021,3,101.8,29.9,16.68,31,1,VERIFIED,area-weighted state mean (LCC m2 weights),IMD RF25/TMAX1/TMIN1
Arunachal Pradesh,ARUNACHAL PRADESH,2021,4,180.8,31.35,18.87,30,1,VERIFIED,area-weighted state mean (LCC m2 weights),IMD RF25/TMAX1/TMIN1
Arunachal Pradesh,ARUNACHAL PRADESH,2021,5,317.5,30.61,21.71,31,1,VERIFIED,area-weighted state mean (LCC m2 weights),IMD RF25/TMAX1/TMIN1
Arunachal Pradesh,ARUNACHAL PRADESH,2021,6,367.0,32.06,23.98,30,1,VERIFIED,area-weighted state mean (LCC m2 weights),IMD RF25/TMAX1/TMIN1
Arunachal Pradesh,ARUNACHAL PRADESH,2021,7,270.8,32.71,24.69,31,1,VERIFIED,area-weighted state mean (LCC m2 weights),IMD RF25/TMAX1/TMIN1
Arunachal Pradesh,ARUNACHAL PRADESH,2021,8,477.8,32.08,24.38,31,1,VERIFIED,area-weighted state mean (LCC m2 weights),IMD RF25/TMAX1/TMIN1
Arunachal Pradesh,ARUNACHAL PRADESH,2021,9,142.1,33.95,24.28,30,1,VERIFIED,area-weighted state mean (LCC m2 weights),IMD RF25/TMAX1/TMIN1
Arunachal Pradesh,ARUNACHAL PRADESH,2021,10,112.8,32.88,22.25,31,1,VERIFIED,area-weighted state mean (LCC m2 weights),IMD RF25/TMAX1/TMIN1
Arunachal Pradesh,ARUNACHAL PRADESH,2021,11,13.2,29.11,14.95,30,1,VERIFIED,area-weighted state mean (LCC m2 weights),IMD RF25/TMAX1/TMIN1
Arunachal Pradesh,ARUNACHAL PRADESH,2021,12,14.8,26.14,11.75,31,1,VERIFIED,area-weighted state mean (LCC m2 weights),IMD RF25/TMAX1/TMIN1
Assam,ASSAM,2021,1,11.7,23.17,10.47,31,1,VERIFIED,area-weighted state mean (LCC m2 weights),IMD RF25/TMAX1/TMIN1
Assam,ASSAM,2021,2,3.3,26.79,11.82,28,1,VERIFIED,area-weighted state mean (LCC m2 weights),IMD RF25/TMAX1/TMIN1
Assam,ASSAM,2021,3,41.4,29.54,16.24,31,1,VERIFIED,area-weighted state mean (LCC m2 weights),IMD RF25/TMAX1/TMIN1
Assam,ASSAM,2021,4,68.2,31.18,18.68,30,1,VERIFIED,area-weighted state mean (LCC m2 weights),IMD RF25/TMAX1/TMIN1
Assam,ASSAM,2021,5,220.1,30.19,21.28,31,1,VERIFIED,area-weighted state mean (LCC m2 weights),IMD RF25/TMAX1/TMIN1
Assam,ASSAM,2021,6,373.1,31.29,23.61,30,1,VERIFIED,area-weighted state mean (LCC m2 weights),IMD RF25/TMAX1/TMIN1
Assam,ASSAM,2021,7,296.4,31.82,24.23,31,1,VERIFIED,area-weighted state mean (LCC m2 weights),IMD RF25/TMAX1/TMIN1
Assam,ASSAM,2021,8,301.6,31.45,24.05,31,1,VERIFIED,area-weighted state mean (LCC m2 weights),IMD RF25/TMAX1/TMIN1
Assam,ASSAM,2021,9,164.7,32.97,23.75,30,1,VERIFIED,area-weighted state mean (LCC m2 weights),IMD RF25/TMAX1/TMIN1
Assam,ASSAM,2021,10,105.4,31.83,21.81,31,1,VERIFIED,area-weighted state mean (LCC m2 weights),IMD RF25/TMAX1/TMIN1
Assam,ASSAM,2021,11,4.5,28.17,14.57,30,1,VERIFIED,area-weighted state mean (LCC m2 weights),IMD RF25/TMAX1/TMIN1
Assam,ASSAM,2021,12,12.6,25.28,11.28,31,1,VERIFIED,area-weighted state mean (LCC m2 weights),IMD RF25/TMAX1/TMIN1
Manipur,MANIPUR,2021,1,5.2,23.42,10.11,31,1,VERIFIED,area-weighted state mean (LCC m2 weights),IMD RF25/TMAX1/TMIN1
Manipur,MANIPUR,2021,2,0.0,27.35,11.78,28,1,VERIFIED,area-weighted state mean (LCC m2 weights),IMD RF25/TMAX1/TMIN1
Manipur,MANIPUR,2021,3,45.9,30.18,16.41,31,1,VERIFIED,area-weighted state mean (LCC m2 weights),IMD RF25/TMAX1/TMIN1
Manipur,MANIPUR,2021,4,42.8,31.88,18.78,30,1,VERIFIED,area-weighted state mean (LCC m2 weights),IMD RF25/TMAX1/TMIN1
Manipur,MANIPUR,2021,5,126.9,30.31,21.09,31,1,VERIFIED,area-weighted state mean (LCC m2 weights),IMD RF25/TMAX1/TMIN1
Manipur,MANIPUR,2021,6,140.5,31.06,23.1,30,1,VERIFIED,area-weighted state mean (LCC m2 weights),IMD RF25/TMAX1/TMIN1
Manipur,MANIPUR,2021,7,161.5,31.65,23.73,31,1,VERIFIED,area-weighted state mean (LCC m2 weights),IMD RF25/TMAX1/TMIN1
Manipur,MANIPUR,2021,8,253.3,30.96,23.37,31,1,VERIFIED,area-weighted state mean (LCC m2 weights),IMD RF25/TMAX1/TMIN1
Manipur,MANIPUR,2021,9,93.3,32.84,23.17,30,1,VERIFIED,area-weighted state mean (LCC m2 weights),IMD RF25/TMAX1/TMIN1
Manipur,MANIPUR,2021,10,68.0,31.86,21.56,31,1,VERIFIED,area-weighted state mean (LCC m2 weights),IMD RF25/TMAX1/TMIN1
Manipur,MANIPUR,2021,11,0.2,28.32,14.83,30,1,VERIFIED,area-weighted state mean (LCC m2 weights),IMD RF25/TMAX1/TMIN1
Manipur,MANIPUR,2021,12,49.7,25.39,11.39,31,1,VERIFIED,area-weighted state mean (LCC m2 weights),IMD RF25/TMAX1/TMIN1
Meghalaya,MEGHALAYA,2021,1,2.1,22.88,10.62,31,1,VERIFIED,area-weighted state mean (LCC m2 weights),IMD RF25/TMAX1/TMIN1
Meghalaya,MEGHALAYA,2021,2,1.6,26.59,11.74,28,1,VERIFIED,area-weighted state mean (LCC m2 weights),IMD RF25/TMAX1/TMIN1
Meghalaya,MEGHALAYA,2021,3,58.7,29.74,16.47,31,1,VERIFIED,area-weighted state mean (LCC m2 weights),IMD RF25/TMAX1/TMIN1
Meghalaya,MEGHALAYA,2021,4,156.4,31.43,19.09,30,1,VERIFIED,area-weighted state mean (LCC m2 weights),IMD RF25/TMAX1/TMIN1
Meghalaya,MEGHALAYA,2021,5,500.5,30.18,21.4,31,1,VERIFIED,area-weighted state mean (LCC m2 weights),IMD RF25/TMAX1/TMIN1
Meghalaya,MEGHALAYA,2021,6,947.2,30.88,23.61,30,1,VERIFIED,area-weighted state mean (LCC m2 weights),IMD RF25/TMAX1/TMIN1
Meghalaya,MEGHALAYA,2021,7,566.9,31.35,24.14,31,1,VERIFIED,area-weighted state mean (LCC m2 weights),IMD RF25/TMAX1/TMIN1
Meghalaya,MEGHALAYA,2021,8,1016.4,31.21,24.04,31,1,VERIFIED,area-weighted state mean (LCC m2 weights),IMD RF25/TMAX1/TMIN1
Meghalaya,MEGHALAYA,2021,9,183.5,32.51,23.72,30,1,VERIFIED,area-weighted state mean (LCC m2 weights),IMD RF25/TMAX1/TMIN1
Meghalaya,MEGHALAYA,2021,10,215.5,31.33,21.89,31,1,VERIFIED,area-weighted state mean (LCC m2 weights),IMD RF25/TMAX1/TMIN1
Meghalaya,MEGHALAYA,2021,11,0.2,27.94,14.87,30,1,VERIFIED,area-weighted state mean (LCC m2 weights),IMD RF25/TMAX1/TMIN1
Meghalaya,MEGHALAYA,2021,12,12.1,25.21,11.51,31,1,VERIFIED,area-weighted state mean (LCC m2 weights),IMD RF25/TMAX1/TMIN1
Mizoram,MIZORAM,2021,1,4.5,23.05,10.04,31,1,VERIFIED,area-weighted state mean (LCC m2 weights),IMD RF25/TMAX1/TMIN1
Mizoram,MIZORAM,2021,2,0.0,26.78,11.52,28,1,VERIFIED,area-weighted state mean (LCC m2 weights),IMD RF25/TMAX1/TMIN1
Mizoram,MIZORAM,2021,3,25.2,30.36,16.44,31,1,VERIFIED,area-weighted state mean (LCC m2 weights),IMD RF25/TMAX1/TMIN1
Mizoram,MIZORAM,2021,4,35.5,31.9,19.22,30,1,VERIFIED,area-weighted state mean (LCC m2 weights),IMD RF25/TMAX1/TMIN1
Mizoram,MIZORAM,2021,5,168.1,30.34,21.29,31,1,VERIFIED,area-weighted state mean (LCC m2 weights),IMD RF25/TMAX1/TMIN1
Mizoram,MIZORAM,2021,6,315.4,30.61,23.21,30,1,VERIFIED,area-weighted state mean (LCC m2 weights),IMD RF25/TMAX1/TMIN1
Mizoram,MIZORAM,2021,7,375.2,31.22,23.64,31,1,VERIFIED,area-weighted state mean (LCC m2 weights),IMD RF25/TMAX1/TMIN1
Mizoram,MIZORAM,2021,8,375.6,31.05,23.51,31,1,VERIFIED,area-weighted state mean (LCC m2 weights),IMD RF25/TMAX1/TMIN1
Mizoram,MIZORAM,2021,9,294.0,31.98,23.14,30,1,VERIFIED,area-weighted state mean (LCC m2 weights),IMD RF25/TMAX1/TMIN1
Mizoram,MIZORAM,2021,10,126.6,31.23,21.64,31,1,VERIFIED,area-weighted state mean (LCC m2 weights),IMD RF25/TMAX1/TMIN1
Mizoram,MIZORAM,2021,11,32.9,27.61,14.84,30,1,VERIFIED,area-weighted state mean (LCC m2 weights),IMD RF25/TMAX1/TMIN1
Mizoram,MIZORAM,2021,12,60.5,24.72,11.36,31,1,VERIFIED,area-weighted state mean (LCC m2 weights),IMD RF25/TMAX1/TMIN1
Nagaland,NAGALAND,2021,1,5.2,23.93,10.29,31,1,VERIFIED,area-weighted state mean (LCC m2 weights),IMD RF25/TMAX1/TMIN1
Nagaland,NAGALAND,2021,2,1.6,27.54,12.14,28,1,VERIFIED,area-weighted state mean (LCC m2 weights),IMD RF25/TMAX1/TMIN1
Nagaland,NAGALAND,2021,3,34.8,30.13,16.59,31,1,VERIFIED,area-weighted state mean (LCC m2 weights),IMD RF25/TMAX1/TMIN1
Nagaland,NAGALAND,2021,4,33.7,31.67,18.89,30,1,VERIFIED,area-weighted state mean (LCC m2 weights),IMD RF25/TMAX1/TMIN1
Nagaland,NAGALAND,2021,5,123.7,30.77,21.57,31,1,VERIFIED,area-weighted state mean (LCC m2 weights),IMD RF25/TMAX1/TMIN1
Nagaland,NAGALAND,2021,6,206.9,31.93,23.75,30,1,VERIFIED,area-weighted state mean (LCC m2 weights),IMD RF25/TMAX1/TMIN1
Nagaland,NAGALAND,2021,7,219.9,32.51,24.44,31,1,VERIFIED,area-weighted state mean (LCC m2 weights),IMD RF25/TMAX1/TMIN1
Nagaland,NAGALAND,2021,8,243.5,31.92,24.13,31,1,VERIFIED,area-weighted state mean (LCC m2 weights),IMD RF25/TMAX1/TMIN1
Nagaland,NAGALAND,2021,9,112.1,33.59,23.83,30,1,VERIFIED,area-weighted state mean (LCC m2 weights),IMD RF25/TMAX1/TMIN1
Nagaland,NAGALAND,2021,10,80.9,32.61,21.98,31,1,VERIFIED,area-weighted state mean (LCC m2 weights),IMD RF25/TMAX1/TMIN1
Nagaland,NAGALAND,2021,11,1.9,28.92,14.76,30,1,VERIFIED,area-weighted state mean (LCC m2 weights),IMD RF25/TMAX1/TMIN1
Nagaland,NAGALAND,2021,12,11.0,25.85,11.37,31,1,VERIFIED,area-weighted state mean (LCC m2 weights),IMD RF25/TMAX1/TMIN1
Sikkim,SIKKIM,2021,1,22.9,19.8,9.72,31,1,VERIFIED,area-weighted state mean (LCC m2 weights),IMD RF25/TMAX1/TMIN1
Sikkim,SIKKIM,2021,2,40.5,23.89,11.07,28,1,VERIFIED,area-weighted state mean (LCC m2 weights),IMD RF25/TMAX1/TMIN1
Sikkim,SIKKIM,2021,3,172.3,27.68,15.96,31,1,VERIFIED,area-weighted state mean (LCC m2 weights),IMD RF25/TMAX1/TMIN1
Sikkim,SIKKIM,2021,4,246.9,30.22,18.88,30,1,VERIFIED,area-weighted state mean (LCC m2 weights),IMD RF25/TMAX1/TMIN1
Sikkim,SIKKIM,2021,5,418.5,27.82,20.38,31,1,VERIFIED,area-weighted state mean (LCC m2 weights),IMD RF25/TMAX1/TMIN1
Sikkim,SIKKIM,2021,6,584.5,29.03,22.82,30,1,VERIFIED,area-weighted state mean (LCC m2 weights),IMD RF25/TMAX1/TMIN1
Sikkim,SIKKIM,2021,7,488.6,29.52,23.59,31,1,VERIFIED,area-weighted state mean (LCC m2 weights),IMD RF25/TMAX1/TMIN1
Sikkim,SIKKIM,2021,8,598.9,29.24,23.55,31,1,VERIFIED,area-weighted state mean (LCC m2 weights),IMD RF25/TMAX1/TMIN1
Sikkim,SIKKIM,2021,9,321.9,30.39,22.99,30,1,VERIFIED,area-weighted state mean (LCC m2 weights),IMD RF25/TMAX1/TMIN1
Sikkim,SIKKIM,2021,10,275.9,28.97,20.87,31,1,VERIFIED,area-weighted state mean (LCC m2 weights),IMD RF25/TMAX1/TMIN1
Sikkim,SIKKIM,2021,11,14.3,25.58,13.98,30,1,VERIFIED,area-weighted state mean (LCC m2 weights),IMD RF25/TMAX1/TMIN1
Sikkim,SIKKIM,2021,12,33.0,22.61,10.82,31,1,VERIFIED,area-weighted state mean (LCC m2 weights),IMD RF25/TMAX1/TMIN1
Lakshadweep,LAKSHADWEEP,2021,1,,,,31,0,INSUFFICIENT_COVERAGE,area-weighted state mean (LCC m2 weights),IMD RF25/TMAX1/TMIN1
Lakshadweep,LAKSHADWEEP,2021,2,,,,28,0,INSUFFICIENT_COVERAGE,area-weighted state mean (LCC m2 weights),IMD RF25/TMAX1/TMIN1
Lakshadweep,LAKSHADWEEP,2021,3,,,,31,0,INSUFFICIENT_COVERAGE,area-weighted state mean (LCC m2 weights),IMD RF25/TMAX1/TMIN1
Lakshadweep,LAKSHADWEEP,2021,4,,,,30,0,INSUFFICIENT_COVERAGE,area-weighted state mean (LCC m2 weights),IMD RF25/TMAX1/TMIN1
Lakshadweep,LAKSHADWEEP,2021,5,,,,31,0,INSUFFICIENT_COVERAGE,area-weighted state mean (LCC m2 weights),IMD RF25/TMAX1/TMIN1
Lakshadweep,LAKSHADWEEP,2021,6,,,,30,0,INSUFFICIENT_COVERAGE,area-weighted state mean (LCC m2 weights),IMD RF25/TMAX1/TMIN1
Lakshadweep,LAKSHADWEEP,2021,7,,,,31,0,INSUFFICIENT_COVERAGE,area-weighted state mean (LCC m2 weights),IMD RF25/TMAX1/TMIN1
Lakshadweep,LAKSHADWEEP,2021,8,,,,31,0,INSUFFICIENT_COVERAGE,area-weighted state mean (LCC m2 weights),IMD RF25/TMAX1/TMIN1
Lakshadweep,LAKSHADWEEP,2021,9,,,,30,0,INSUFFICIENT_COVERAGE,area-weighted state mean (LCC m2 weights),IMD RF25/TMAX1/TMIN1
Lakshadweep,LAKSHADWEEP,2021,10,,,,31,0,INSUFFICIENT_COVERAGE,area-weighted state mean (LCC m2 weights),IMD RF25/TMAX1/TMIN1
Lakshadweep,LAKSHADWEEP,2021,11,,,,30,0,INSUFFICIENT_COVERAGE,area-weighted state mean (LCC m2 weights),IMD RF25/TMAX1/TMIN1
Lakshadweep,LAKSHADWEEP,2021,12,,,,31,0,INSUFFICIENT_COVERAGE,area-weighted state mean (LCC m2 weights),IMD RF25/TMAX1/TMIN1
Andaman & Nicobar Islands,ANDAMAN & NICOBAR,2021,1,,,,31,0,INSUFFICIENT_COVERAGE,area-weighted state mean (LCC m2 weights),IMD RF25/TMAX1/TMIN1
Andaman & Nicobar Islands,ANDAMAN & NICOBAR,2021,2,,,,28,0,INSUFFICIENT_COVERAGE,area-weighted state mean (LCC m2 weights),IMD RF25/TMAX1/TMIN1
Andaman & Nicobar Islands,ANDAMAN & NICOBAR,2021,3,,,,31,0,INSUFFICIENT_COVERAGE,area-weighted state mean (LCC m2 weights),IMD RF25/TMAX1/TMIN1
Andaman & Nicobar Islands,ANDAMAN & NICOBAR,2021,4,,,,30,0,INSUFFICIENT_COVERAGE,area-weighted state mean (LCC m2 weights),IMD RF25/TMAX1/TMIN1
Andaman & Nicobar Islands,ANDAMAN & NICOBAR,2021,5,,,,31,0,INSUFFICIENT_COVERAGE,area-weighted state mean (LCC m2 weights),IMD RF25/TMAX1/TMIN1
Andaman & Nicobar Islands,ANDAMAN & NICOBAR,2021,6,,,,30,0,INSUFFICIENT_COVERAGE,area-weighted state mean (LCC m2 weights),IMD RF25/TMAX1/TMIN1
Andaman & Nicobar Islands,ANDAMAN & NICOBAR,2021,7,,,,31,0,INSUFFICIENT_COVERAGE,area-weighted state mean (LCC m2 weights),IMD RF25/TMAX1/TMIN1
Andaman & Nicobar Islands,ANDAMAN & NICOBAR,2021,8,,,,31,0,INSUFFICIENT_COVERAGE,area-weighted state mean (LCC m2 weights),IMD RF25/TMAX1/TMIN1
Andaman & Nicobar Islands,ANDAMAN & NICOBAR,2021,9,,,,30,0,INSUFFICIENT_COVERAGE,area-weighted state mean (LCC m2 weights),IMD RF25/TMAX1/TMIN1
Andaman & Nicobar Islands,ANDAMAN & NICOBAR,2021,10,,,,31,0,INSUFFICIENT_COVERAGE,area-weighted state mean (LCC m2 weights),IMD RF25/TMAX1/TMIN1
Andaman & Nicobar Islands,ANDAMAN & NICOBAR,2021,11,,,,30,0,INSUFFICIENT_COVERAGE,area-weighted state mean (LCC m2 weights),IMD RF25/TMAX1/TMIN1
Andaman & Nicobar Islands,ANDAMAN & NICOBAR,2021,12,,,,31,0,INSUFFICIENT_COVERAGE,area-weighted state mean (LCC m2 weights),IMD RF25/TMAX1/TMIN1
West Bengal,WEST BENGAL,2021,1,1.3,24.19,12.55,31,1,VERIFIED,area-weighted state mean (LCC m2 weights),IMD RF25/TMAX1/TMIN1
West Bengal,WEST BENGAL,2021,2,1.8,28.42,14.22,28,1,VERIFIED,area-weighted state mean (LCC m2 weights),IMD RF25/TMAX1/TMIN1
West Bengal,WEST BENGAL,2021,3,10.4,33.55,20.15,31,1,VERIFIED,area-weighted state mean (LCC m2 weights),IMD RF25/TMAX1/TMIN1
West Bengal,WEST BENGAL,2021,4,32.5,35.66,23.56,30,1,VERIFIED,area-weighted state mean (LCC m2 weights),IMD RF25/TMAX1/TMIN1
West Bengal,WEST BENGAL,2021,5,258.4,33.34,24.28,31,1,VERIFIED,area-weighted state mean (LCC m2 weights),IMD RF25/TMAX1/TMIN1
West Bengal,WEST BENGAL,2021,6,390.2,32.78,25.64,30,1,VERIFIED,area-weighted state mean (LCC m2 weights),IMD RF25/TMAX1/TMIN1
West Bengal,WEST BENGAL,2021,7,410.6,32.76,25.95,31,1,VERIFIED,area-weighted state mean (LCC m2 weights),IMD RF25/TMAX1/TMIN1
West Bengal,WEST BENGAL,2021,8,354.1,32.55,25.95,31,1,VERIFIED,area-weighted state mean (LCC m2 weights),IMD RF25/TMAX1/TMIN1
West Bengal,WEST BENGAL,2021,9,365.6,32.3,25.5,30,1,VERIFIED,area-weighted state mean (LCC m2 weights),IMD RF25/TMAX1/TMIN1
West Bengal,WEST BENGAL,2021,10,179.4,32.04,23.9,31,1,VERIFIED,area-weighted state mean (LCC m2 weights),IMD RF25/TMAX1/TMIN1
West Bengal,WEST BENGAL,2021,11,18.9,28.42,17.57,30,1,VERIFIED,area-weighted state mean (LCC m2 weights),IMD RF25/TMAX1/TMIN1
West Bengal,WEST BENGAL,2021,12,49.5,24.93,13.79,31,1,VERIFIED,area-weighted state mean (LCC m2 weights),IMD RF25/TMAX1/TMIN1
Kerala,KERALA,2021,1,105.7,28.82,19.97,31,1,VERIFIED,area-weighted state mean (LCC m2 weights),IMD RF25/TMAX1/TMIN1
Kerala,KERALA,2021,2,11.6,30.74,19.67,28,1,VERIFIED,area-weighted state mean (LCC m2 weights),IMD RF25/TMAX1/TMIN1
Kerala,KERALA,2021,3,47.4,32.58,21.22,31,1,VERIFIED,area-weighted state mean (LCC m2 weights),IMD RF25/TMAX1/TMIN1
Kerala,KERALA,2021,4,117.4,32.81,22.55,30,1,VERIFIED,area-weighted state mean (LCC m2 weights),IMD RF25/TMAX1/TMIN1
Kerala,KERALA,2021,5,461.8,31.42,22.29,31,1,VERIFIED,area-weighted state mean (LCC m2 weights),IMD RF25/TMAX1/TMIN1
Kerala,KERALA,2021,6,361.3,29.89,21.74,30,1,VERIFIED,area-weighted state mean (LCC m2 weights),IMD RF25/TMAX1/TMIN1
Kerala,KERALA,2021,7,532.9,28.59,21.37,31,1,VERIFIED,area-weighted state mean (LCC m2 weights),IMD RF25/TMAX1/TMIN1
Kerala,KERALA,2021,8,357.4,28.84,21.35,31,1,VERIFIED,area-weighted state mean (LCC m2 weights),IMD RF25/TMAX1/TMIN1
Kerala,KERALA,2021,9,290.6,29.36,21.62,30,1,VERIFIED,area-weighted state mean (LCC m2 weights),IMD RF25/TMAX1/TMIN1
Kerala,KERALA,2021,10,532.0,29.13,21.5,31,1,VERIFIED,area-weighted state mean (LCC m2 weights),IMD RF25/TMAX1/TMIN1
Kerala,KERALA,2021,11,381.0,27.89,21.0,30,1,VERIFIED,area-weighted state mean (LCC m2 weights),IMD RF25/TMAX1/TMIN1
Kerala,KERALA,2021,12,57.3,29.39,20.04,31,1,VERIFIED,area-weighted state mean (LCC m2 weights),IMD RF25/TMAX1/TMIN1
Chhattisgarh,CHHATTISGARH,2021,1,2.4,28.24,13.73,31,1,VERIFIED,area-weighted state mean (LCC m2 weights),IMD RF25/TMAX1/TMIN1
Chhattisgarh,CHHATTISGARH,2021,2,10.7,30.37,13.81,28,1,VERIFIED,area-weighted state mean (LCC m2 weights),IMD RF25/TMAX1/TMIN1
Chhattisgarh,CHHATTISGARH,2021,3,5.7,35.4,19.03,31,1,VERIFIED,area-weighted state mean (LCC m2 weights),IMD RF25/TMAX1/TMIN1
Chhattisgarh,CHHATTISGARH,2021,4,14.8,38.25,22.4,30,1,VERIFIED,area-weighted state mean (LCC m2 weights),IMD RF25/TMAX1/TMIN1
Chhattisgarh,CHHATTISGARH,2021,5,84.4,36.91,24.19,31,1,VERIFIED,area-weighted state mean (LCC m2 weights),IMD RF25/TMAX1/TMIN1
Chhattisgarh,CHHATTISGARH,2021,6,241.9,33.38,24.13,30,1,VERIFIED,area-weighted state mean (LCC m2 weights),IMD RF25/TMAX1/TMIN1
Chhattisgarh,CHHATTISGARH,2021,7,313.2,31.56,23.92,31,1,VERIFIED,area-weighted state mean (LCC m2 weights),IMD RF25/TMAX1/TMIN1
Chhattisgarh,CHHATTISGARH,2021,8,210.4,31.28,23.81,31,1,VERIFIED,area-weighted state mean (LCC m2 weights),IMD RF25/TMAX1/TMIN1
Chhattisgarh,CHHATTISGARH,2021,9,296.6,31.14,23.53,30,1,VERIFIED,area-weighted state mean (LCC m2 weights),IMD RF25/TMAX1/TMIN1
Chhattisgarh,CHHATTISGARH,2021,10,42.8,31.98,21.26,31,1,VERIFIED,area-weighted state mean (LCC m2 weights),IMD RF25/TMAX1/TMIN1
Chhattisgarh,CHHATTISGARH,2021,11,23.9,29.24,16.78,30,1,VERIFIED,area-weighted state mean (LCC m2 weights),IMD RF25/TMAX1/TMIN1
Chhattisgarh,CHHATTISGARH,2021,12,28.8,26.35,13.09,31,1,VERIFIED,area-weighted state mean (LCC m2 weights),IMD RF25/TMAX1/TMIN1
Odisha,ODISHA,2021,1,1.6,28.85,15.23,31,1,VERIFIED,area-weighted state mean (LCC m2 weights),IMD RF25/TMAX1/TMIN1
Odisha,ODISHA,2021,2,2.5,31.04,15.36,28,1,VERIFIED,area-weighted state mean (LCC m2 weights),IMD RF25/TMAX1/TMIN1
Odisha,ODISHA,2021,3,5.0,35.72,20.92,31,1,VERIFIED,area-weighted state mean (LCC m2 weights),IMD RF25/TMAX1/TMIN1
Odisha,ODISHA,2021,4,26.6,37.41,24.11,30,1,VERIFIED,area-weighted state mean (LCC m2 weights),IMD RF25/TMAX1/TMIN1
Odisha,ODISHA,2021,5,179.0,36.14,24.94,31,1,VERIFIED,area-weighted state mean (LCC m2 weights),IMD RF25/TMAX1/TMIN1
Odisha,ODISHA,2021,6,176.2,33.43,25.19,30,1,VERIFIED,area-weighted state mean (LCC m2 weights),IMD RF25/TMAX1/TMIN1
Odisha,ODISHA,2021,7,275.3,31.9,24.75,31,1,VERIFIED,area-weighted state mean (LCC m2 weights),IMD RF25/TMAX1/TMIN1
Odisha,ODISHA,2021,8,199.1,32.13,24.7,31,1,VERIFIED,area-weighted state mean (LCC m2 weights),IMD RF25/TMAX1/TMIN1
Odisha,ODISHA,2021,9,397.5,31.41,24.11,30,1,VERIFIED,area-weighted state mean (LCC m2 weights),IMD RF25/TMAX1/TMIN1
Odisha,ODISHA,2021,10,90.7,32.19,22.9,31,1,VERIFIED,area-weighted state mean (LCC m2 weights),IMD RF25/TMAX1/TMIN1
Odisha,ODISHA,2021,11,60.2,29.31,18.83,30,1,VERIFIED,area-weighted state mean (LCC m2 weights),IMD RF25/TMAX1/TMIN1
Odisha,ODISHA,2021,12,55.0,26.42,14.72,31,1,VERIFIED,area-weighted state mean (LCC m2 weights),IMD RF25/TMAX1/TMIN1
Chandigarh,CHANDIGARH,2021,1,10.5,18.23,6.5,31,1,VERIFIED,area-weighted state mean (LCC m2 weights),IMD RF25/TMAX1/TMIN1
Chandigarh,CHANDIGARH,2021,2,16.7,23.68,8.99,28,1,VERIFIED,area-weighted state mean (LCC m2 weights),IMD RF25/TMAX1/TMIN1
Chandigarh,CHANDIGARH,2021,3,7.5,28.71,13.7,31,1,VERIFIED,area-weighted state mean (LCC m2 weights),IMD RF25/TMAX1/TMIN1
Chandigarh,CHANDIGARH,2021,4,17.9,33.61,16.23,30,1,VERIFIED,area-weighted state mean (LCC m2 weights),IMD RF25/TMAX1/TMIN1
Chandigarh,CHANDIGARH,2021,5,60.9,34.71,20.6,31,1,VERIFIED,area-weighted state mean (LCC m2 weights),IMD RF25/TMAX1/TMIN1
Chandigarh,CHANDIGARH,2021,6,103.4,35.64,23.55,30,1,VERIFIED,area-weighted state mean (LCC m2 weights),IMD RF25/TMAX1/TMIN1
Chandigarh,CHANDIGARH,2021,7,198.8,33.4,25.18,31,1,VERIFIED,area-weighted state mean (LCC m2 weights),IMD RF25/TMAX1/TMIN1
Chandigarh,CHANDIGARH,2021,8,196.1,32.57,24.75,31,1,VERIFIED,area-weighted state mean (LCC m2 weights),IMD RF25/TMAX1/TMIN1
Chandigarh,CHANDIGARH,2021,9,183.6,31.33,23.46,30,1,VERIFIED,area-weighted state mean (LCC m2 weights),IMD RF25/TMAX1/TMIN1
Chandigarh,CHANDIGARH,2021,10,50.8,30.59,17.89,31,1,VERIFIED,area-weighted state mean (LCC m2 weights),IMD RF25/TMAX1/TMIN1
Chandigarh,CHANDIGARH,2021,11,0.1,26.26,10.41,30,1,VERIFIED,area-weighted state mean (LCC m2 weights),IMD RF25/TMAX1/TMIN1
Chandigarh,CHANDIGARH,2021,12,1.4,20.24,6.5,31,1,VERIFIED,area-weighted state mean (LCC m2 weights),IMD RF25/TMAX1/TMIN1
Delhi,DELHI,2021,1,37.4,19.48,7.39,31,1,VERIFIED,area-weighted state mean (LCC m2 weights),IMD RF25/TMAX1/TMIN1
Delhi,DELHI,2021,2,1.9,26.87,10.54,28,1,VERIFIED,area-weighted state mean (LCC m2 weights),IMD RF25/TMAX1/TMIN1
Delhi,DELHI,2021,3,2.9,32.67,15.85,31,1,VERIFIED,area-weighted state mean (LCC m2 weights),IMD RF25/TMAX1/TMIN1
Delhi,DELHI,2021,4,2.1,37.83,18.78,30,1,VERIFIED,area-weighted state mean (LCC m2 weights),IMD RF25/TMAX1/TMIN1
Delhi,DELHI,2021,5,108.8,37.72,23.21,31,1,VERIFIED,area-weighted state mean (LCC m2 weights),IMD RF25/TMAX1/TMIN1
Delhi,DELHI,2021,6,25.1,38.49,26.03,30,1,VERIFIED,area-weighted state mean (LCC m2 weights),IMD RF25/TMAX1/TMIN1
Delhi,DELHI,2021,7,298.9,36.24,27.12,31,1,VERIFIED,area-weighted state mean (LCC m2 weights),IMD RF25/TMAX1/TMIN1
Delhi,DELHI,2021,8,197.3,34.72,26.22,31,1,VERIFIED,area-weighted state mean (LCC m2 weights),IMD RF25/TMAX1/TMIN1
Delhi,DELHI,2021,9,253.9,33.41,25.11,30,1,VERIFIED,area-weighted state mean (LCC m2 weights),IMD RF25/TMAX1/TMIN1
Delhi,DELHI,2021,10,74.7,33.01,20.03,31,1,VERIFIED,area-weighted state mean (LCC m2 weights),IMD RF25/TMAX1/TMIN1
Delhi,DELHI,2021,11,0.0,28.36,11.78,30,1,VERIFIED,area-weighted state mean (LCC m2 weights),IMD RF25/TMAX1/TMIN1
Delhi,DELHI,2021,12,4.5,22.22,8.11,31,1,VERIFIED,area-weighted state mean (LCC m2 weights),IMD RF25/TMAX1/TMIN1
Gujarat,GUJARAT,2021,1,1.2,27.65,12.52,31,1,VERIFIED,area-weighted state mean (LCC m2 weights),IMD RF25/TMAX1/TMIN1
Gujarat,GUJARAT,2021,2,0.1,31.94,15.5,28,1,VERIFIED,area-weighted state mean (LCC m2 weights),IMD RF25/TMAX1/TMIN1
Gujarat,GUJARAT,2021,3,0.0,36.2,20.05,31,1,VERIFIED,area-weighted state mean (LCC m2 weights),IMD RF25/TMAX1/TMIN1
Gujarat,GUJARAT,2021,4,1.2,37.99,23.54,30,1,VERIFIED,area-weighted state mean (LCC m2 weights),IMD RF25/TMAX1/TMIN1
Gujarat,GUJARAT,2021,5,51.2,37.18,26.17,31,1,VERIFIED,area-weighted state mean (LCC m2 weights),IMD RF25/TMAX1/TMIN1
Gujarat,GUJARAT,2021,6,99.4,35.5,26.63,30,1,VERIFIED,area-weighted state mean (LCC m2 weights),IMD RF25/TMAX1/TMIN1
Gujarat,GUJARAT,2021,7,148.2,32.99,26.14,31,1,VERIFIED,area-weighted state mean (LCC m2 weights),IMD RF25/TMAX1/TMIN1
Gujarat,GUJARAT,2021,8,48.7,32.26,24.96,31,1,VERIFIED,area-weighted state mean (LCC m2 weights),IMD RF25/TMAX1/TMIN1
Gujarat,GUJARAT,2021,9,394.7,31.23,24.63,30,1,VERIFIED,area-weighted state mean (LCC m2 weights),IMD RF25/TMAX1/TMIN1
Gujarat,GUJARAT,2021,10,24.4,33.6,22.58,31,1,VERIFIED,area-weighted state mean (LCC m2 weights),IMD RF25/TMAX1/TMIN1
Gujarat,GUJARAT,2021,11,13.5,32.03,18.21,30,1,VERIFIED,area-weighted state mean (LCC m2 weights),IMD RF25/TMAX1/TMIN1
Gujarat,GUJARAT,2021,12,11.0,27.43,14.72,31,1,VERIFIED,area-weighted state mean (LCC m2 weights),IMD RF25/TMAX1/TMIN1
Haryana,HARYANA,2021,1,23.1,19.26,6.92,31,1,VERIFIED,area-weighted state mean (LCC m2 weights),IMD RF25/TMAX1/TMIN1
Haryana,HARYANA,2021,2,5.9,26.25,10.08,28,1,VERIFIED,area-weighted state mean (LCC m2 weights),IMD RF25/TMAX1/TMIN1
Haryana,HARYANA,2021,3,4.1,31.53,15.39,31,1,VERIFIED,area-weighted state mean (LCC m2 weights),IMD RF25/TMAX1/TMIN1
Haryana,HARYANA,2021,4,5.0,36.45,18.12,30,1,VERIFIED,area-weighted state mean (LCC m2 weights),IMD RF25/TMAX1/TMIN1
Haryana,HARYANA,2021,5,49.9,37.17,22.6,31,1,VERIFIED,area-weighted state mean (LCC m2 weights),IMD RF25/TMAX1/TMIN1
Haryana,HARYANA,2021,6,54.0,37.98,25.39,30,1,VERIFIED,area-weighted state mean (LCC m2 weights),IMD RF25/TMAX1/TMIN1
Haryana,HARYANA,2021,7,275.4,35.65,26.62,31,1,VERIFIED,area-weighted state mean (LCC m2 weights),IMD RF25/TMAX1/TMIN1
Haryana,HARYANA,2021,8,86.4,34.6,25.81,31,1,VERIFIED,area-weighted state mean (LCC m2 weights),IMD RF25/TMAX1/TMIN1
Haryana,HARYANA,2021,9,190.0,32.72,24.47,30,1,VERIFIED,area-weighted state mean (LCC m2 weights),IMD RF25/TMAX1/TMIN1
Haryana,HARYANA,2021,10,28.1,32.42,19.05,31,1,VERIFIED,area-weighted state mean (LCC m2 weights),IMD RF25/TMAX1/TMIN1
Haryana,HARYANA,2021,11,0.0,27.96,10.97,30,1,VERIFIED,area-weighted state mean (LCC m2 weights),IMD RF25/TMAX1/TMIN1
Haryana,HARYANA,2021,12,2.6,21.65,7.33,31,1,VERIFIED,area-weighted state mean (LCC m2 weights),IMD RF25/TMAX1/TMIN1
Punjab,PUNJAB,2021,1,12.2,18.12,6.02,31,1,VERIFIED,area-weighted state mean (LCC m2 weights),IMD RF25/TMAX1/TMIN1
Punjab,PUNJAB,2021,2,4.3,24.01,8.85,28,1,VERIFIED,area-weighted state mean (LCC m2 weights),IMD RF25/TMAX1/TMIN1
Punjab,PUNJAB,2021,3,7.8,28.67,13.72,31,1,VERIFIED,area-weighted state mean (LCC m2 weights),IMD RF25/TMAX1/TMIN1
Punjab,PUNJAB,2021,4,20.7,33.83,16.33,30,1,VERIFIED,area-weighted state mean (LCC m2 weights),IMD RF25/TMAX1/TMIN1
Punjab,PUNJAB,2021,5,25.3,36.11,21.05,31,1,VERIFIED,area-weighted state mean (LCC m2 weights),IMD RF25/TMAX1/TMIN1
Punjab,PUNJAB,2021,6,59.9,37.63,24.41,30,1,VERIFIED,area-weighted state mean (LCC m2 weights),IMD RF25/TMAX1/TMIN1
Punjab,PUNJAB,2021,7,223.5,35.09,26.05,31,1,VERIFIED,area-weighted state mean (LCC m2 weights),IMD RF25/TMAX1/TMIN1
Punjab,PUNJAB,2021,8,85.1,34.24,25.44,31,1,VERIFIED,area-weighted state mean (LCC m2 weights),IMD RF25/TMAX1/TMIN1
Punjab,PUNJAB,2021,9,166.6,32.71,24.04,30,1,VERIFIED,area-weighted state mean (LCC m2 weights),IMD RF25/TMAX1/TMIN1
Punjab,PUNJAB,2021,10,37.6,31.54,18.08,31,1,VERIFIED,area-weighted state mean (LCC m2 weights),IMD RF25/TMAX1/TMIN1
Punjab,PUNJAB,2021,11,0.2,26.86,10.12,30,1,VERIFIED,area-weighted state mean (LCC m2 weights),IMD RF25/TMAX1/TMIN1
Punjab,PUNJAB,2021,12,0.4,20.57,6.22,31,1,VERIFIED,area-weighted state mean (LCC m2 weights),IMD RF25/TMAX1/TMIN1
Uttar Pradesh,UTTAR PRADESH,2021,1,5.2,20.74,8.69,31,1,VERIFIED,area-weighted state mean (LCC m2 weights),IMD RF25/TMAX1/TMIN1
Uttar Pradesh,UTTAR PRADESH,2021,2,2.2,27.38,11.26,28,1,VERIFIED,area-weighted state mean (LCC m2 weights),IMD RF25/TMAX1/TMIN1
Uttar Pradesh,UTTAR PRADESH,2021,3,0.6,33.34,16.79,31,1,VERIFIED,area-weighted state mean (LCC m2 weights),IMD RF25/TMAX1/TMIN1
Uttar Pradesh,UTTAR PRADESH,2021,4,3.5,38.15,20.14,30,1,VERIFIED,area-weighted state mean (LCC m2 weights),IMD RF25/TMAX1/TMIN1
Uttar Pradesh,UTTAR PRADESH,2021,5,105.8,35.59,23.25,31,1,VERIFIED,area-weighted state mean (LCC m2 weights),IMD RF25/TMAX1/TMIN1
Uttar Pradesh,UTTAR PRADESH,2021,6,176.2,35.48,25.51,30,1,VERIFIED,area-weighted state mean (LCC m2 weights),IMD RF25/TMAX1/TMIN1
Uttar Pradesh,UTTAR PRADESH,2021,7,233.8,34.5,26.3,31,1,VERIFIED,area-weighted state mean (LCC m2 weights),IMD RF25/TMAX1/TMIN1
Uttar Pradesh,UTTAR PRADESH,2021,8,233.5,32.93,25.48,31,1,VERIFIED,area-weighted state mean (LCC m2 weights),IMD RF25/TMAX1/TMIN1
Uttar Pradesh,UTTAR PRADESH,2021,9,171.9,32.71,24.92,30,1,VERIFIED,area-weighted state mean (LCC m2 weights),IMD RF25/TMAX1/TMIN1
Uttar Pradesh,UTTAR PRADESH,2021,10,100.5,32.23,20.83,31,1,VERIFIED,area-weighted state mean (LCC m2 weights),IMD RF25/TMAX1/TMIN1
Uttar Pradesh,UTTAR PRADESH,2021,11,0.1,28.01,12.92,30,1,VERIFIED,area-weighted state mean (LCC m2 weights),IMD RF25/TMAX1/TMIN1
Uttar Pradesh,UTTAR PRADESH,2021,12,5.6,22.95,9.55,31,1,VERIFIED,area-weighted state mean (LCC m2 weights),IMD RF25/TMAX1/TMIN1
Karnataka,KARNATAKA,2021,1,24.4,29.98,17.85,31,1,VERIFIED,area-weighted state mean (LCC m2 weights),IMD RF25/TMAX1/TMIN1
Karnataka,KARNATAKA,2021,2,14.5,31.32,17.1,28,1,VERIFIED,area-weighted state mean (LCC m2 weights),IMD RF25/TMAX1/TMIN1
Karnataka,KARNATAKA,2021,3,2.7,34.87,20.18,31,1,VERIFIED,area-weighted state mean (LCC m2 weights),IMD RF25/TMAX1/TMIN1
Karnataka,KARNATAKA,2021,4,49.5,35.5,22.39,30,1,VERIFIED,area-weighted state mean (LCC m2 weights),IMD RF25/TMAX1/TMIN1
Karnataka,KARNATAKA,2021,5,116.7,33.7,22.79,31,1,VERIFIED,area-weighted state mean (LCC m2 weights),IMD RF25/TMAX1/TMIN1
Karnataka,KARNATAKA,2021,6,206.6,30.39,21.56,30,1,VERIFIED,area-weighted state mean (LCC m2 weights),IMD RF25/TMAX1/TMIN1
Karnataka,KARNATAKA,2021,7,296.2,28.51,21.32,31,1,VERIFIED,area-weighted state mean (LCC m2 weights),IMD RF25/TMAX1/TMIN1
Karnataka,KARNATAKA,2021,8,163.1,29.05,21.25,31,1,VERIFIED,area-weighted state mean (LCC m2 weights),IMD RF25/TMAX1/TMIN1
Karnataka,KARNATAKA,2021,9,147.7,29.07,21.17,30,1,VERIFIED,area-weighted state mean (LCC m2 weights),IMD RF25/TMAX1/TMIN1
Karnataka,KARNATAKA,2021,10,186.4,30.33,20.85,31,1,VERIFIED,area-weighted state mean (LCC m2 weights),IMD RF25/TMAX1/TMIN1
Karnataka,KARNATAKA,2021,11,160.2,28.55,20.03,30,1,VERIFIED,area-weighted state mean (LCC m2 weights),IMD RF25/TMAX1/TMIN1
Karnataka,KARNATAKA,2021,12,19.6,28.99,17.24,31,1,VERIFIED,area-weighted state mean (LCC m2 weights),IMD RF25/TMAX1/TMIN1
Andhra Pradesh,ANDHRA PRADESH,2021,1,18.5,30.08,19.33,31,1,VERIFIED,area-weighted state mean (LCC m2 weights),IMD RF25/TMAX1/TMIN1
Andhra Pradesh,ANDHRA PRADESH,2021,2,8.6,31.59,18.61,28,1,VERIFIED,area-weighted state mean (LCC m2 weights),IMD RF25/TMAX1/TMIN1
Andhra Pradesh,ANDHRA PRADESH,2021,3,0.5,35.55,21.56,31,1,VERIFIED,area-weighted state mean (LCC m2 weights),IMD RF25/TMAX1/TMIN1
Andhra Pradesh,ANDHRA PRADESH,2021,4,29.5,36.8,24.92,30,1,VERIFIED,area-weighted state mean (LCC m2 weights),IMD RF25/TMAX1/TMIN1
Andhra Pradesh,ANDHRA PRADESH,2021,5,71.1,36.66,25.92,31,1,VERIFIED,area-weighted state mean (LCC m2 weights),IMD RF25/TMAX1/TMIN1
Andhra Pradesh,ANDHRA PRADESH,2021,6,93.9,34.48,25.3,30,1,VERIFIED,area-weighted state mean (LCC m2 weights),IMD RF25/TMAX1/TMIN1
Andhra Pradesh,ANDHRA PRADESH,2021,7,204.6,32.11,24.35,31,1,VERIFIED,area-weighted state mean (LCC m2 weights),IMD RF25/TMAX1/TMIN1
Andhra Pradesh,ANDHRA PRADESH,2021,8,140.7,32.56,24.41,31,1,VERIFIED,area-weighted state mean (LCC m2 weights),IMD RF25/TMAX1/TMIN1
Andhra Pradesh,ANDHRA PRADESH,2021,9,184.2,31.87,24.09,30,1,VERIFIED,area-weighted state mean (LCC m2 weights),IMD RF25/TMAX1/TMIN1
Andhra Pradesh,ANDHRA PRADESH,2021,10,124.5,32.24,23.68,31,1,VERIFIED,area-weighted state mean (LCC m2 weights),IMD RF25/TMAX1/TMIN1
Andhra Pradesh,ANDHRA PRADESH,2021,11,301.3,28.97,22.13,30,1,VERIFIED,area-weighted state mean (LCC m2 weights),IMD RF25/TMAX1/TMIN1
Andhra Pradesh,ANDHRA PRADESH,2021,12,21.9,29.26,18.95,31,1,VERIFIED,area-weighted state mean (LCC m2 weights),IMD RF25/TMAX1/TMIN1
Bihar,BIHAR,2021,1,0.2,21.57,10.56,31,1,VERIFIED,area-weighted state mean (LCC m2 weights),IMD RF25/TMAX1/TMIN1
Bihar,BIHAR,2021,2,0.6,27.16,12.4,28,1,VERIFIED,area-weighted state mean (LCC m2 weights),IMD RF25/TMAX1/TMIN1
Bihar,BIHAR,2021,3,2.0,32.88,18.04,31,1,VERIFIED,area-weighted state mean (LCC m2 weights),IMD RF25/TMAX1/TMIN1
Bihar,BIHAR,2021,4,6.4,37.0,21.67,30,1,VERIFIED,area-weighted state mean (LCC m2 weights),IMD RF25/TMAX1/TMIN1
Bihar,BIHAR,2021,5,268.9,33.44,23.47,31,1,VERIFIED,area-weighted state mean (LCC m2 weights),IMD RF25/TMAX1/TMIN1
Bihar,BIHAR,2021,6,345.9,33.32,25.34,30,1,VERIFIED,area-weighted state mean (LCC m2 weights),IMD RF25/TMAX1/TMIN1
Bihar,BIHAR,2021,7,279.7,33.17,25.94,31,1,VERIFIED,area-weighted state mean (LCC m2 weights),IMD RF25/TMAX1/TMIN1
Bihar,BIHAR,2021,8,341.1,32.48,25.54,31,1,VERIFIED,area-weighted state mean (LCC m2 weights),IMD RF25/TMAX1/TMIN1
Bihar,BIHAR,2021,9,104.5,32.92,25.41,30,1,VERIFIED,area-weighted state mean (LCC m2 weights),IMD RF25/TMAX1/TMIN1
Bihar,BIHAR,2021,10,197.1,31.87,22.88,31,1,VERIFIED,area-weighted state mean (LCC m2 weights),IMD RF25/TMAX1/TMIN1
Bihar,BIHAR,2021,11,0.1,28.27,15.55,30,1,VERIFIED,area-weighted state mean (LCC m2 weights),IMD RF25/TMAX1/TMIN1
Bihar,BIHAR,2021,12,11.7,24.62,12.04,31,1,VERIFIED,area-weighted state mean (LCC m2 weights),IMD RF25/TMAX1/TMIN1
Goa,GOA,2021,1,22.6,31.77,19.96,31,1,VERIFIED,area-weighted state mean (LCC m2 weights),IMD RF25/TMAX1/TMIN1
Goa,GOA,2021,2,12.3,31.95,18.88,28,1,VERIFIED,area-weighted state mean (LCC m2 weights),IMD RF25/TMAX1/TMIN1
Goa,GOA,2021,3,3.1,33.97,22.14,31,1,VERIFIED,area-weighted state mean (LCC m2 weights),IMD RF25/TMAX1/TMIN1
Goa,GOA,2021,4,18.9,34.17,23.64,30,1,VERIFIED,area-weighted state mean (LCC m2 weights),IMD RF25/TMAX1/TMIN1
Goa,GOA,2021,5,341.3,32.44,24.61,31,1,VERIFIED,area-weighted state mean (LCC m2 weights),IMD RF25/TMAX1/TMIN1
Goa,GOA,2021,6,1005.4,29.56,23.12,30,1,VERIFIED,area-weighted state mean (LCC m2 weights),IMD RF25/TMAX1/TMIN1
Goa,GOA,2021,7,1323.1,28.2,23.08,31,1,VERIFIED,area-weighted state mean (LCC m2 weights),IMD RF25/TMAX1/TMIN1
Goa,GOA,2021,8,422.8,28.95,22.9,31,1,VERIFIED,area-weighted state mean (LCC m2 weights),IMD RF25/TMAX1/TMIN1
Goa,GOA,2021,9,597.9,28.8,22.83,30,1,VERIFIED,area-weighted state mean (LCC m2 weights),IMD RF25/TMAX1/TMIN1
Goa,GOA,2021,10,225.5,31.52,22.57,31,1,VERIFIED,area-weighted state mean (LCC m2 weights),IMD RF25/TMAX1/TMIN1
Goa,GOA,2021,11,173.9,31.23,22.02,30,1,VERIFIED,area-weighted state mean (LCC m2 weights),IMD RF25/TMAX1/TMIN1
Goa,GOA,2021,12,72.9,30.7,19.23,31,1,VERIFIED,area-weighted state mean (LCC m2 weights),IMD RF25/TMAX1/TMIN1
Jharkhand,JHARKHAND,2021,1,0.9,24.78,11.49,31,1,VERIFIED,area-weighted state mean (LCC m2 weights),IMD RF25/TMAX1/TMIN1
Jharkhand,JHARKHAND,2021,2,2.6,28.93,12.89,28,1,VERIFIED,area-weighted state mean (LCC m2 weights),IMD RF25/TMAX1/TMIN1
Jharkhand,JHARKHAND,2021,3,8.4,34.64,18.84,31,1,VERIFIED,area-weighted state mean (LCC m2 weights),IMD RF25/TMAX1/TMIN1
Jharkhand,JHARKHAND,2021,4,8.6,38.06,22.52,30,1,VERIFIED,area-weighted state mean (LCC m2 weights),IMD RF25/TMAX1/TMIN1
Jharkhand,JHARKHAND,2021,5,229.3,34.81,23.69,31,1,VERIFIED,area-weighted state mean (LCC m2 weights),IMD RF25/TMAX1/TMIN1
Jharkhand,JHARKHAND,2021,6,281.3,33.15,24.82,30,1,VERIFIED,area-weighted state mean (LCC m2 weights),IMD RF25/TMAX1/TMIN1
Jharkhand,JHARKHAND,2021,7,313.3,32.45,25.0,31,1,VERIFIED,area-weighted state mean (LCC m2 weights),IMD RF25/TMAX1/TMIN1
Jharkhand,JHARKHAND,2021,8,206.3,32.19,24.72,31,1,VERIFIED,area-weighted state mean (LCC m2 weights),IMD RF25/TMAX1/TMIN1
Jharkhand,JHARKHAND,2021,9,258.7,31.9,24.45,30,1,VERIFIED,area-weighted state mean (LCC m2 weights),IMD RF25/TMAX1/TMIN1
Jharkhand,JHARKHAND,2021,10,117.3,31.75,22.17,31,1,VERIFIED,area-weighted state mean (LCC m2 weights),IMD RF25/TMAX1/TMIN1
Jharkhand,JHARKHAND,2021,11,22.1,28.28,15.96,30,1,VERIFIED,area-weighted state mean (LCC m2 weights),IMD RF25/TMAX1/TMIN1
Jharkhand,JHARKHAND,2021,12,23.2,24.78,12.41,31,1,VERIFIED,area-weighted state mean (LCC m2 weights),IMD RF25/TMAX1/TMIN1
Madhya Pradesh,MADHYA PRADESH,2021,1,3.3,25.91,10.66,31,1,VERIFIED,area-weighted state mean (LCC m2 weights),IMD RF25/TMAX1/TMIN1
Madhya Pradesh,MADHYA PRADESH,2021,2,6.7,30.18,11.88,28,1,VERIFIED,area-weighted state mean (LCC m2 weights),IMD RF25/TMAX1/TMIN1
Madhya Pradesh,MADHYA PRADESH,2021,3,7.6,35.43,17.31,31,1,VERIFIED,area-weighted state mean (LCC m2 weights),IMD RF25/TMAX1/TMIN1
Madhya Pradesh,MADHYA PRADESH,2021,4,1.5,39.38,21.29,30,1,VERIFIED,area-weighted state mean (LCC m2 weights),IMD RF25/TMAX1/TMIN1
Madhya Pradesh,MADHYA PRADESH,2021,5,59.1,38.31,24.07,31,1,VERIFIED,area-weighted state mean (LCC m2 weights),IMD RF25/TMAX1/TMIN1
Madhya Pradesh,MADHYA PRADESH,2021,6,169.5,35.75,24.55,30,1,VERIFIED,area-weighted state mean (LCC m2 weights),IMD RF25/TMAX1/TMIN1
Madhya Pradesh,MADHYA PRADESH,2021,7,277.2,32.99,24.65,31,1,VERIFIED,area-weighted state mean (LCC m2 weights),IMD RF25/TMAX1/TMIN1
Madhya Pradesh,MADHYA PRADESH,2021,8,260.2,30.78,23.49,31,1,VERIFIED,area-weighted state mean (LCC m2 weights),IMD RF25/TMAX1/TMIN1
Madhya Pradesh,MADHYA PRADESH,2021,9,240.9,31.18,23.34,30,1,VERIFIED,area-weighted state mean (LCC m2 weights),IMD RF25/TMAX1/TMIN1
Madhya Pradesh,MADHYA PRADESH,2021,10,54.7,32.35,19.75,31,1,VERIFIED,area-weighted state mean (LCC m2 weights),IMD RF25/TMAX1/TMIN1
Madhya Pradesh,MADHYA PRADESH,2021,11,4.6,29.39,13.62,30,1,VERIFIED,area-weighted state mean (LCC m2 weights),IMD RF25/TMAX1/TMIN1
Madhya Pradesh,MADHYA PRADESH,2021,12,13.2,24.97,10.53,31,1,VERIFIED,area-weighted state mean (LCC m2 weights),IMD RF25/TMAX1/TMIN1
Maharashtra,MAHARASHTRA,2021,1,8.6,30.41,16.25,31,1,VERIFIED,area-weighted state mean (LCC m2 weights),IMD RF25/TMAX1/TMIN1
Maharashtra,MAHARASHTRA,2021,2,6.3,32.16,15.29,28,1,VERIFIED,area-weighted state mean (LCC m2 weights),IMD RF25/TMAX1/TMIN1
Maharashtra,MAHARASHTRA,2021,3,6.5,36.52,19.45,31,1,VERIFIED,area-weighted state mean (LCC m2 weights),IMD RF25/TMAX1/TMIN1
Maharashtra,MAHARASHTRA,2021,4,10.2,38.42,22.68,30,1,VERIFIED,area-weighted state mean (LCC m2 weights),IMD RF25/TMAX1/TMIN1
Maharashtra,MAHARASHTRA,2021,5,55.8,37.48,24.6,31,1,VERIFIED,area-weighted state mean (LCC m2 weights),IMD RF25/TMAX1/TMIN1
Maharashtra,MAHARASHTRA,2021,6,253.0,32.89,23.26,30,1,VERIFIED,area-weighted state mean (LCC m2 weights),IMD RF25/TMAX1/TMIN1
Maharashtra,MAHARASHTRA,2021,7,375.9,30.78,23.07,31,1,VERIFIED,area-weighted state mean (LCC m2 weights),IMD RF25/TMAX1/TMIN1
Maharashtra,MAHARASHTRA,2021,8,177.5,30.16,22.44,31,1,VERIFIED,area-weighted state mean (LCC m2 weights),IMD RF25/TMAX1/TMIN1
Maharashtra,MAHARASHTRA,2021,9,339.9,30.09,22.36,30,1,VERIFIED,area-weighted state mean (LCC m2 weights),IMD RF25/TMAX1/TMIN1
Maharashtra,MAHARASHTRA,2021,10,86.1,32.19,20.64,31,1,VERIFIED,area-weighted state mean (LCC m2 weights),IMD RF25/TMAX1/TMIN1
Maharashtra,MAHARASHTRA,2021,11,26.7,30.9,18.6,30,1,VERIFIED,area-weighted state mean (LCC m2 weights),IMD RF25/TMAX1/TMIN1
Maharashtra,MAHARASHTRA,2021,12,29.2,28.55,15.17,31,1,VERIFIED,area-weighted state mean (LCC m2 weights),IMD RF25/TMAX1/TMIN1
Puducherry,PUDUCHERRY,2021,1,190.5,29.52,22.67,31,1,VERIFIED,area-weighted state mean (LCC m2 weights),IMD RF25/TMAX1/TMIN1
Puducherry,PUDUCHERRY,2021,2,110.2,31.38,21.64,28,1,VERIFIED,area-weighted state mean (LCC m2 weights),IMD RF25/TMAX1/TMIN1
Puducherry,PUDUCHERRY,2021,3,1.0,34.35,23.79,31,1,VERIFIED,area-weighted state mean (LCC m2 weights),IMD RF25/TMAX1/TMIN1
Puducherry,PUDUCHERRY,2021,4,6.1,36.04,26.46,30,1,VERIFIED,area-weighted state mean (LCC m2 weights),IMD RF25/TMAX1/TMIN1
Puducherry,PUDUCHERRY,2021,5,52.2,36.2,26.88,31,1,VERIFIED,area-weighted state mean (LCC m2 weights),IMD RF25/TMAX1/TMIN1
Puducherry,PUDUCHERRY,2021,6,46.8,36.12,26.45,30,1,VERIFIED,area-weighted state mean (LCC m2 weights),IMD RF25/TMAX1/TMIN1
Puducherry,PUDUCHERRY,2021,7,153.2,34.8,25.71,31,1,VERIFIED,area-weighted state mean (LCC m2 weights),IMD RF25/TMAX1/TMIN1
Puducherry,PUDUCHERRY,2021,8,136.1,34.64,25.64,31,1,VERIFIED,area-weighted state mean (LCC m2 weights),IMD RF25/TMAX1/TMIN1
Puducherry,PUDUCHERRY,2021,9,140.0,34.19,25.19,30,1,VERIFIED,area-weighted state mean (LCC m2 weights),IMD RF25/TMAX1/TMIN1
Puducherry,PUDUCHERRY,2021,10,318.1,32.45,24.9,31,1,VERIFIED,area-weighted state mean (LCC m2 weights),IMD RF25/TMAX1/TMIN1
Puducherry,PUDUCHERRY,2021,11,932.3,29.18,23.72,30,1,VERIFIED,area-weighted state mean (LCC m2 weights),IMD RF25/TMAX1/TMIN1
Puducherry,PUDUCHERRY,2021,12,78.4,30.1,22.53,31,1,VERIFIED,area-weighted state mean (LCC m2 weights),IMD RF25/TMAX1/TMIN1
Rajasthan,RAJASTHAN,2021,1,9.0,23.38,8.1,31,1,VERIFIED,area-weighted state mean (LCC m2 weights),IMD RF25/TMAX1/TMIN1
Rajasthan,RAJASTHAN,2021,2,0.1,29.92,11.9,28,1,VERIFIED,area-weighted state mean (LCC m2 weights),IMD RF25/TMAX1/TMIN1
Rajasthan,RAJASTHAN,2021,3,2.2,35.06,17.87,31,1,VERIFIED,area-weighted state mean (LCC m2 weights),IMD RF25/TMAX1/TMIN1
Rajasthan,RAJASTHAN,2021,4,2.0,38.52,21.41,30,1,VERIFIED,area-weighted state mean (LCC m2 weights),IMD RF25/TMAX1/TMIN1
Rajasthan,RAJASTHAN,2021,5,48.6,38.51,24.86,31,1,VERIFIED,area-weighted state mean (LCC m2 weights),IMD RF25/TMAX1/TMIN1
Rajasthan,RAJASTHAN,2021,6,51.7,38.29,26.2,30,1,VERIFIED,area-weighted state mean (LCC m2 weights),IMD RF25/TMAX1/TMIN1
Rajasthan,RAJASTHAN,2021,7,134.4,35.58,26.39,31,1,VERIFIED,area-weighted state mean (LCC m2 weights),IMD RF25/TMAX1/TMIN1
Rajasthan,RAJASTHAN,2021,8,131.6,34.13,24.88,31,1,VERIFIED,area-weighted state mean (LCC m2 weights),IMD RF25/TMAX1/TMIN1
Rajasthan,RAJASTHAN,2021,9,173.6,32.62,24.36,30,1,VERIFIED,area-weighted state mean (LCC m2 weights),IMD RF25/TMAX1/TMIN1
Rajasthan,RAJASTHAN,2021,10,21.8,33.41,20.1,31,1,VERIFIED,area-weighted state mean (LCC m2 weights),IMD RF25/TMAX1/TMIN1
Rajasthan,RAJASTHAN,2021,11,10.1,29.73,13.06,30,1,VERIFIED,area-weighted state mean (LCC m2 weights),IMD RF25/TMAX1/TMIN1
Rajasthan,RAJASTHAN,2021,12,5.0,24.02,9.52,31,1,VERIFIED,area-weighted state mean (LCC m2 weights),IMD RF25/TMAX1/TMIN1
Tamil Nadu,TAMIL NADU,2021,1,150.3,29.13,20.98,31,1,VERIFIED,area-weighted state mean (LCC m2 weights),IMD RF25/TMAX1/TMIN1
Tamil Nadu,TAMIL NADU,2021,2,13.8,31.55,20.31,28,1,VERIFIED,area-weighted state mean (LCC m2 weights),IMD RF25/TMAX1/TMIN1
Tamil Nadu,TAMIL NADU,2021,3,6.4,34.5,22.34,31,1,VERIFIED,area-weighted state mean (LCC m2 weights),IMD RF25/TMAX1/TMIN1
Tamil Nadu,TAMIL NADU,2021,4,35.5,35.73,24.75,30,1,VERIFIED,area-weighted state mean (LCC m2 weights),IMD RF25/TMAX1/TMIN1
Tamil Nadu,TAMIL NADU,2021,5,71.4,35.13,25.0,31,1,VERIFIED,area-weighted state mean (LCC m2 weights),IMD RF25/TMAX1/TMIN1
Tamil Nadu,TAMIL NADU,2021,6,58.1,34.31,24.58,30,1,VERIFIED,area-weighted state mean (LCC m2 weights),IMD RF25/TMAX1/TMIN1
Tamil Nadu,TAMIL NADU,2021,7,123.0,32.91,23.97,31,1,VERIFIED,area-weighted state mean (LCC m2 weights),IMD RF25/TMAX1/TMIN1
Tamil Nadu,TAMIL NADU,2021,8,93.1,32.89,23.91,31,1,VERIFIED,area-weighted state mean (LCC m2 weights),IMD RF25/TMAX1/TMIN1
Tamil Nadu,TAMIL NADU,2021,9,121.3,32.8,23.66,30,1,VERIFIED,area-weighted state mean (LCC m2 weights),IMD RF25/TMAX1/TMIN1
Tamil Nadu,TAMIL NADU,2021,10,232.9,31.35,23.3,31,1,VERIFIED,area-weighted state mean (LCC m2 weights),IMD RF25/TMAX1/TMIN1
Tamil Nadu,TAMIL NADU,2021,11,457.4,28.53,22.26,30,1,VERIFIED,area-weighted state mean (LCC m2 weights),IMD RF25/TMAX1/TMIN1
Tamil Nadu,TAMIL NADU,2021,12,59.8,29.61,21.03,31,1,VERIFIED,area-weighted state mean (LCC m2 weights),IMD RF25/TMAX1/TMIN1
Telangana,TELANGANA,2021,1,1.4,30.8,17.97,31,1,VERIFIED,area-weighted state mean (LCC m2 weights),IMD RF25/TMAX1/TMIN1
Telangana,TELANGANA,2021,2,1.9,32.21,17.07,28,1,VERIFIED,area-weighted state mean (LCC m2 weights),IMD RF25/TMAX1/TMIN1
Telangana,TELANGANA,2021,3,0.1,36.65,20.72,31,1,VERIFIED,area-weighted state mean (LCC m2 weights),IMD RF25/TMAX1/TMIN1
Telangana,TELANGANA,2021,4,25.5,38.32,24.05,30,1,VERIFIED,area-weighted state mean (LCC m2 weights),IMD RF25/TMAX1/TMIN1
Telangana,TELANGANA,2021,5,42.7,38.15,25.61,31,1,VERIFIED,area-weighted state mean (LCC m2 weights),IMD RF25/TMAX1/TMIN1
Telangana,TELANGANA,2021,6,194.4,33.9,24.09,30,1,VERIFIED,area-weighted state mean (LCC m2 weights),IMD RF25/TMAX1/TMIN1
Telangana,TELANGANA,2021,7,365.5,31.16,23.29,31,1,VERIFIED,area-weighted state mean (LCC m2 weights),IMD RF25/TMAX1/TMIN1
Telangana,TELANGANA,2021,8,193.6,31.39,23.27,31,1,VERIFIED,area-weighted state mean (LCC m2 weights),IMD RF25/TMAX1/TMIN1
Telangana,TELANGANA,2021,9,287.7,30.65,22.92,30,1,VERIFIED,area-weighted state mean (LCC m2 weights),IMD RF25/TMAX1/TMIN1
Telangana,TELANGANA,2021,10,60.2,32.25,21.91,31,1,VERIFIED,area-weighted state mean (LCC m2 weights),IMD RF25/TMAX1/TMIN1
Telangana,TELANGANA,2021,11,38.6,30.05,20.38,30,1,VERIFIED,area-weighted state mean (LCC m2 weights),IMD RF25/TMAX1/TMIN1
Telangana,TELANGANA,2021,12,2.1,29.49,16.72,31,1,VERIFIED,area-weighted state mean (LCC m2 weights),IMD RF25/TMAX1/TMIN1
Tripura,TRIPURA,2021,1,6.2,23.04,10.13,31,1,VERIFIED,area-weighted state mean (LCC m2 weights),IMD RF25/TMAX1/TMIN1
Tripura,TRIPURA,2021,2,0.0,26.77,11.66,28,1,VERIFIED,area-weighted state mean (LCC m2 weights),IMD RF25/TMAX1/TMIN1
Tripura,TRIPURA,2021,3,44.9,30.43,16.74,31,1,VERIFIED,area-weighted state mean (LCC m2 weights),IMD RF25/TMAX1/TMIN1
Tripura,TRIPURA,2021,4,46.7,31.99,19.54,30,1,VERIFIED,area-weighted state mean (LCC m2 weights),IMD RF25/TMAX1/TMIN1
Tripura,TRIPURA,2021,5,193.1,30.45,21.5,31,1,VERIFIED,area-weighted state mean (LCC m2 weights),IMD RF25/TMAX1/TMIN1
Tripura,TRIPURA,2021,6,301.1,30.7,23.36,30,1,VERIFIED,area-weighted state mean (LCC m2 weights),IMD RF25/TMAX1/TMIN1
Tripura,TRIPURA,2021,7,372.6,31.26,23.75,31,1,VERIFIED,area-weighted state mean (LCC m2 weights),IMD RF25/TMAX1/TMIN1
Tripura,TRIPURA,2021,8,370.7,31.12,23.71,31,1,VERIFIED,area-weighted state mean (LCC m2 weights),IMD RF25/TMAX1/TMIN1
Tripura,TRIPURA,2021,9,250.0,31.89,23.3,30,1,VERIFIED,area-weighted state mean (LCC m2 weights),IMD RF25/TMAX1/TMIN1
Tripura,TRIPURA,2021,10,132.2,31.18,21.83,31,1,VERIFIED,area-weighted state mean (LCC m2 weights),IMD RF25/TMAX1/TMIN1
Tripura,TRIPURA,2021,11,21.7,27.54,14.85,30,1,VERIFIED,area-weighted state mean (LCC m2 weights),IMD RF25/TMAX1/TMIN1
Tripura,TRIPURA,2021,12,100.3,24.79,11.43,31,1,VERIFIED,area-weighted state mean (LCC m2 weights),IMD RF25/TMAX1/TMIN1
Uttarakhand,UTTARAKHAND,2021,1,29.3,16.93,6.4,31,1,VERIFIED,area-weighted state mean (LCC m2 weights),IMD RF25/TMAX1/TMIN1
Uttarakhand,UTTARAKHAND,2021,2,16.5,21.87,8.49,28,1,VERIFIED,area-weighted state mean (LCC m2 weights),IMD RF25/TMAX1/TMIN1
Uttarakhand,UTTARAKHAND,2021,3,13.8,27.12,12.85,31,1,VERIFIED,area-weighted state mean (LCC m2 weights),IMD RF25/TMAX1/TMIN1
Uttarakhand,UTTARAKHAND,2021,4,65.6,30.87,14.93,30,1,VERIFIED,area-weighted state mean (LCC m2 weights),IMD RF25/TMAX1/TMIN1
Uttarakhand,UTTARAKHAND,2021,5,186.6,30.32,18.37,31,1,VERIFIED,area-weighted state mean (LCC m2 weights),IMD RF25/TMAX1/TMIN1
Uttarakhand,UTTARAKHAND,2021,6,293.8,31.06,21.1,30,1,VERIFIED,area-weighted state mean (LCC m2 weights),IMD RF25/TMAX1/TMIN1
Uttarakhand,UTTARAKHAND,2021,7,379.9,30.01,22.62,31,1,VERIFIED,area-weighted state mean (LCC m2 weights),IMD RF25/TMAX1/TMIN1
Uttarakhand,UTTARAKHAND,2021,8,343.6,29.48,22.38,31,1,VERIFIED,area-weighted state mean (LCC m2 weights),IMD RF25/TMAX1/TMIN1
Uttarakhand,UTTARAKHAND,2021,9,216.9,28.47,21.31,30,1,VERIFIED,area-weighted state mean (LCC m2 weights),IMD RF25/TMAX1/TMIN1
Uttarakhand,UTTARAKHAND,2021,10,228.4,27.41,16.99,31,1,VERIFIED,area-weighted state mean (LCC m2 weights),IMD RF25/TMAX1/TMIN1
Uttarakhand,UTTARAKHAND,2021,11,2.4,23.24,9.99,30,1,VERIFIED,area-weighted state mean (LCC m2 weights),IMD RF25/TMAX1/TMIN1
Uttarakhand,UTTARAKHAND,2021,12,18.1,18.16,6.51,31,1,VERIFIED,area-weighted state mean (LCC m2 weights),IMD RF25/TMAX1/TMIN1
Dadra & Nagar Haveli and Daman & Diu,DADRA & NAGAR HAVELI & DAMAN & DIU,2022,1,0.2,27.69,14.68,31,1,VERIFIED,area-weighted state mean (LCC m2 weights),IMD RF25/TMAX1/TMIN1
Dadra & Nagar Haveli and Daman & Diu,DADRA & NAGAR HAVELI & DAMAN & DIU,2022,2,0.0,31.12,15.9,28,1,VERIFIED,area-weighted state mean (LCC m2 weights),IMD RF25/TMAX1/TMIN1
Dadra & Nagar Haveli and Daman & Diu,DADRA & NAGAR HAVELI & DAMAN & DIU,2022,3,0.0,35.92,21.14,31,1,VERIFIED,area-weighted state mean (LCC m2 weights),IMD RF25/TMAX1/TMIN1
Dadra & Nagar Haveli and Daman & Diu,DADRA & NAGAR HAVELI & DAMAN & DIU,2022,4,0.1,37.73,23.8,30,1,VERIFIED,area-weighted state mean (LCC m2 weights),IMD RF25/TMAX1/TMIN1
Dadra & Nagar Haveli and Daman & Diu,DADRA & NAGAR HAVELI & DAMAN & DIU,2022,5,0.1,37.15,25.9,31,1,VERIFIED,area-weighted state mean (LCC m2 weights),IMD RF25/TMAX1/TMIN1
Dadra & Nagar Haveli and Daman & Diu,DADRA & NAGAR HAVELI & DAMAN & DIU,2022,6,173.3,34.83,25.82,30,1,VERIFIED,area-weighted state mean (LCC m2 weights),IMD RF25/TMAX1/TMIN1
Dadra & Nagar Haveli and Daman & Diu,DADRA & NAGAR HAVELI & DAMAN & DIU,2022,7,1942.7,30.08,24.37,31,1,VERIFIED,area-weighted state mean (LCC m2 weights),IMD RF25/TMAX1/TMIN1
Dadra & Nagar Haveli and Daman & Diu,DADRA & NAGAR HAVELI & DAMAN & DIU,2022,8,559.5,30.7,24.32,31,1,VERIFIED,area-weighted state mean (LCC m2 weights),IMD RF25/TMAX1/TMIN1
Dadra & Nagar Haveli and Daman & Diu,DADRA & NAGAR HAVELI & DAMAN & DIU,2022,9,603.1,31.5,24.03,30,1,VERIFIED,area-weighted state mean (LCC m2 weights),IMD RF25/TMAX1/TMIN1
Dadra & Nagar Haveli and Daman & Diu,DADRA & NAGAR HAVELI & DAMAN & DIU,2022,10,113.5,32.92,22.27,31,1,VERIFIED,area-weighted state mean (LCC m2 weights),IMD RF25/TMAX1/TMIN1
Dadra & Nagar Haveli and Daman & Diu,DADRA & NAGAR HAVELI & DAMAN & DIU,2022,11,0.0,32.83,17.76,30,1,VERIFIED,area-weighted state mean (LCC m2 weights),IMD RF25/TMAX1/TMIN1
Dadra & Nagar Haveli and Daman & Diu,DADRA & NAGAR HAVELI & DAMAN & DIU,2022,12,0.2,31.86,17.75,31,1,VERIFIED,area-weighted state mean (LCC m2 weights),IMD RF25/TMAX1/TMIN1
Jammu & Kashmir,JAMMU AND KASHMIR,2022,1,181.6,10.0,1.84,31,1,VERIFIED,area-weighted state mean (LCC m2 weights),IMD RF25/TMAX1/TMIN1
Jammu & Kashmir,JAMMU AND KASHMIR,2022,2,85.6,14.35,2.13,28,1,VERIFIED,area-weighted state mean (LCC m2 weights),IMD RF25/TMAX1/TMIN1
Jammu & Kashmir,JAMMU AND KASHMIR,2022,3,23.9,23.68,9.55,31,1,VERIFIED,area-weighted state mean (LCC m2 weights),IMD RF25/TMAX1/TMIN1
Jammu & Kashmir,JAMMU AND KASHMIR,2022,4,28.2,29.53,13.95,30,1,VERIFIED,area-weighted state mean (LCC m2 weights),IMD RF25/TMAX1/TMIN1
Jammu & Kashmir,JAMMU AND KASHMIR,2022,5,77.4,30.09,16.32,31,1,VERIFIED,area-weighted state mean (LCC m2 weights),IMD RF25/TMAX1/TMIN1
Jammu & Kashmir,JAMMU AND KASHMIR,2022,6,121.6,31.5,18.32,30,1,VERIFIED,area-weighted state mean (LCC m2 weights),IMD RF25/TMAX1/TMIN1
Jammu & Kashmir,JAMMU AND KASHMIR,2022,7,222.2,29.45,20.68,31,1,VERIFIED,area-weighted state mean (LCC m2 weights),IMD RF25/TMAX1/TMIN1
Jammu & Kashmir,JAMMU AND KASHMIR,2022,8,168.9,29.62,20.01,31,1,VERIFIED,area-weighted state mean (LCC m2 weights),IMD RF25/TMAX1/TMIN1
Jammu & Kashmir,JAMMU AND KASHMIR,2022,9,75.4,28.98,16.98,30,1,VERIFIED,area-weighted state mean (LCC m2 weights),IMD RF25/TMAX1/TMIN1
Jammu & Kashmir,JAMMU AND KASHMIR,2022,10,40.9,25.28,10.88,31,1,VERIFIED,area-weighted state mean (LCC m2 weights),IMD RF25/TMAX1/TMIN1
Jammu & Kashmir,JAMMU AND KASHMIR,2022,11,66.3,19.23,5.96,30,1,VERIFIED,area-weighted state mean (LCC m2 weights),IMD RF25/TMAX1/TMIN1
Jammu & Kashmir,JAMMU AND KASHMIR,2022,12,18.5,15.1,2.25,31,1,VERIFIED,area-weighted state mean (LCC m2 weights),IMD RF25/TMAX1/TMIN1
Ladakh,LADAKH,2022,1,33.2,8.78,-0.1,31,1,VERIFIED,area-weighted state mean (LCC m2 weights),IMD RF25/TMAX1/TMIN1
Ladakh,LADAKH,2022,2,27.9,12.42,0.21,28,1,VERIFIED,area-weighted state mean (LCC m2 weights),IMD RF25/TMAX1/TMIN1
Ladakh,LADAKH,2022,3,10.4,21.83,7.61,31,1,VERIFIED,area-weighted state mean (LCC m2 weights),IMD RF25/TMAX1/TMIN1
Ladakh,LADAKH,2022,4,8.6,26.99,11.87,30,1,VERIFIED,area-weighted state mean (LCC m2 weights),IMD RF25/TMAX1/TMIN1
Ladakh,LADAKH,2022,5,12.6,27.47,13.76,31,1,VERIFIED,area-weighted state mean (LCC m2 weights),IMD RF25/TMAX1/TMIN1
Ladakh,LADAKH,2022,6,16.8,29.17,16.2,30,1,VERIFIED,area-weighted state mean (LCC m2 weights),IMD RF25/TMAX1/TMIN1
Ladakh,LADAKH,2022,7,85.3,28.07,19.19,31,1,VERIFIED,area-weighted state mean (LCC m2 weights),IMD RF25/TMAX1/TMIN1
Ladakh,LADAKH,2022,8,46.9,28.45,18.49,31,1,VERIFIED,area-weighted state mean (LCC m2 weights),IMD RF25/TMAX1/TMIN1
Ladakh,LADAKH,2022,9,24.8,27.43,15.09,30,1,VERIFIED,area-weighted state mean (LCC m2 weights),IMD RF25/TMAX1/TMIN1
Ladakh,LADAKH,2022,10,5.8,23.36,8.74,31,1,VERIFIED,area-weighted state mean (LCC m2 weights),IMD RF25/TMAX1/TMIN1
Ladakh,LADAKH,2022,11,19.2,17.12,3.93,30,1,VERIFIED,area-weighted state mean (LCC m2 weights),IMD RF25/TMAX1/TMIN1
Ladakh,LADAKH,2022,12,7.6,13.64,0.44,31,1,VERIFIED,area-weighted state mean (LCC m2 weights),IMD RF25/TMAX1/TMIN1
Himachal Pradesh,HIMACHAL PRADESH,2022,1,150.6,13.3,4.63,31,1,VERIFIED,area-weighted state mean (LCC m2 weights),IMD RF25/TMAX1/TMIN1
Himachal Pradesh,HIMACHAL PRADESH,2022,2,69.3,17.27,4.84,28,1,VERIFIED,area-weighted state mean (LCC m2 weights),IMD RF25/TMAX1/TMIN1
Himachal Pradesh,HIMACHAL PRADESH,2022,3,7.0,26.78,12.17,31,1,VERIFIED,area-weighted state mean (LCC m2 weights),IMD RF25/TMAX1/TMIN1
Himachal Pradesh,HIMACHAL PRADESH,2022,4,10.4,32.7,16.64,30,1,VERIFIED,area-weighted state mean (LCC m2 weights),IMD RF25/TMAX1/TMIN1
Himachal Pradesh,HIMACHAL PRADESH,2022,5,60.0,32.22,18.73,31,1,VERIFIED,area-weighted state mean (LCC m2 weights),IMD RF25/TMAX1/TMIN1
Himachal Pradesh,HIMACHAL PRADESH,2022,6,62.9,33.25,20.72,30,1,VERIFIED,area-weighted state mean (LCC m2 weights),IMD RF25/TMAX1/TMIN1
Himachal Pradesh,HIMACHAL PRADESH,2022,7,282.9,29.6,21.6,31,1,VERIFIED,area-weighted state mean (LCC m2 weights),IMD RF25/TMAX1/TMIN1
Himachal Pradesh,HIMACHAL PRADESH,2022,8,245.0,29.79,21.44,31,1,VERIFIED,area-weighted state mean (LCC m2 weights),IMD RF25/TMAX1/TMIN1
Himachal Pradesh,HIMACHAL PRADESH,2022,9,138.6,28.83,19.17,30,1,VERIFIED,area-weighted state mean (LCC m2 weights),IMD RF25/TMAX1/TMIN1
Himachal Pradesh,HIMACHAL PRADESH,2022,10,39.9,26.54,13.74,31,1,VERIFIED,area-weighted state mean (LCC m2 weights),IMD RF25/TMAX1/TMIN1
Himachal Pradesh,HIMACHAL PRADESH,2022,11,17.7,22.12,8.83,30,1,VERIFIED,area-weighted state mean (LCC m2 weights),IMD RF25/TMAX1/TMIN1
Himachal Pradesh,HIMACHAL PRADESH,2022,12,6.2,18.01,5.08,31,1,VERIFIED,area-weighted state mean (LCC m2 weights),IMD RF25/TMAX1/TMIN1
Arunachal Pradesh,ARUNACHAL PRADESH,2022,1,50.3,23.71,10.41,31,1,VERIFIED,area-weighted state mean (LCC m2 weights),IMD RF25/TMAX1/TMIN1
Arunachal Pradesh,ARUNACHAL PRADESH,2022,2,88.3,23.51,10.44,28,1,VERIFIED,area-weighted state mean (LCC m2 weights),IMD RF25/TMAX1/TMIN1
Arunachal Pradesh,ARUNACHAL PRADESH,2022,3,105.1,31.23,17.06,31,1,VERIFIED,area-weighted state mean (LCC m2 weights),IMD RF25/TMAX1/TMIN1
Arunachal Pradesh,ARUNACHAL PRADESH,2022,4,511.0,27.77,19.43,30,1,VERIFIED,area-weighted state mean (LCC m2 weights),IMD RF25/TMAX1/TMIN1
Arunachal Pradesh,ARUNACHAL PRADESH,2022,5,356.4,30.45,21.77,31,1,VERIFIED,area-weighted state mean (LCC m2 weights),IMD RF25/TMAX1/TMIN1
Arunachal Pradesh,ARUNACHAL PRADESH,2022,6,599.7,30.64,23.76,30,1,VERIFIED,area-weighted state mean (LCC m2 weights),IMD RF25/TMAX1/TMIN1
Arunachal Pradesh,ARUNACHAL PRADESH,2022,7,321.5,33.85,25.09,31,1,VERIFIED,area-weighted state mean (LCC m2 weights),IMD RF25/TMAX1/TMIN1
Arunachal Pradesh,ARUNACHAL PRADESH,2022,8,192.3,34.31,25.17,31,1,VERIFIED,area-weighted state mean (LCC m2 weights),IMD RF25/TMAX1/TMIN1
Arunachal Pradesh,ARUNACHAL PRADESH,2022,9,295.0,32.4,24.29,30,1,VERIFIED,area-weighted state mean (LCC m2 weights),IMD RF25/TMAX1/TMIN1
Arunachal Pradesh,ARUNACHAL PRADESH,2022,10,343.1,30.74,21.39,31,1,VERIFIED,area-weighted state mean (LCC m2 weights),IMD RF25/TMAX1/TMIN1
Arunachal Pradesh,ARUNACHAL PRADESH,2022,11,0.8,29.85,14.82,30,1,VERIFIED,area-weighted state mean (LCC m2 weights),IMD RF25/TMAX1/TMIN1
Arunachal Pradesh,ARUNACHAL PRADESH,2022,12,22.6,26.07,12.39,31,1,VERIFIED,area-weighted state mean (LCC m2 weights),IMD RF25/TMAX1/TMIN1
Assam,ASSAM,2022,1,26.4,22.87,10.02,31,1,VERIFIED,area-weighted state mean (LCC m2 weights),IMD RF25/TMAX1/TMIN1
Assam,ASSAM,2022,2,53.8,23.03,9.97,28,1,VERIFIED,area-weighted state mean (LCC m2 weights),IMD RF25/TMAX1/TMIN1
Assam,ASSAM,2022,3,39.9,30.73,16.7,31,1,VERIFIED,area-weighted state mean (LCC m2 weights),IMD RF25/TMAX1/TMIN1
Assam,ASSAM,2022,4,310.9,28.17,19.55,30,1,VERIFIED,area-weighted state mean (LCC m2 weights),IMD RF25/TMAX1/TMIN1
Assam,ASSAM,2022,5,384.5,30.02,21.39,31,1,VERIFIED,area-weighted state mean (LCC m2 weights),IMD RF25/TMAX1/TMIN1
Assam,ASSAM,2022,6,628.8,30.05,23.36,30,1,VERIFIED,area-weighted state mean (LCC m2 weights),IMD RF25/TMAX1/TMIN1
Assam,ASSAM,2022,7,308.8,33.06,24.57,31,1,VERIFIED,area-weighted state mean (LCC m2 weights),IMD RF25/TMAX1/TMIN1
Assam,ASSAM,2022,8,227.3,33.45,24.71,31,1,VERIFIED,area-weighted state mean (LCC m2 weights),IMD RF25/TMAX1/TMIN1
Assam,ASSAM,2022,9,203.1,31.83,23.94,30,1,VERIFIED,area-weighted state mean (LCC m2 weights),IMD RF25/TMAX1/TMIN1
Assam,ASSAM,2022,10,199.3,30.35,21.03,31,1,VERIFIED,area-weighted state mean (LCC m2 weights),IMD RF25/TMAX1/TMIN1
Assam,ASSAM,2022,11,0.1,29.07,14.95,30,1,VERIFIED,area-weighted state mean (LCC m2 weights),IMD RF25/TMAX1/TMIN1
Assam,ASSAM,2022,12,7.2,25.34,12.12,31,1,VERIFIED,area-weighted state mean (LCC m2 weights),IMD RF25/TMAX1/TMIN1
Manipur,MANIPUR,2022,1,22.7,23.0,9.78,31,1,VERIFIED,area-weighted state mean (LCC m2 weights),IMD RF25/TMAX1/TMIN1
Manipur,MANIPUR,2022,2,40.5,23.55,9.94,28,1,VERIFIED,area-weighted state mean (LCC m2 weights),IMD RF25/TMAX1/TMIN1
Manipur,MANIPUR,2022,3,13.8,31.25,16.68,31,1,VERIFIED,area-weighted state mean (LCC m2 weights),IMD RF25/TMAX1/TMIN1
Manipur,MANIPUR,2022,4,133.6,28.77,19.55,30,1,VERIFIED,area-weighted state mean (LCC m2 weights),IMD RF25/TMAX1/TMIN1
Manipur,MANIPUR,2022,5,310.3,29.84,21.1,31,1,VERIFIED,area-weighted state mean (LCC m2 weights),IMD RF25/TMAX1/TMIN1
Manipur,MANIPUR,2022,6,342.3,29.8,22.85,30,1,VERIFIED,area-weighted state mean (LCC m2 weights),IMD RF25/TMAX1/TMIN1
Manipur,MANIPUR,2022,7,199.8,32.89,24.03,31,1,VERIFIED,area-weighted state mean (LCC m2 weights),IMD RF25/TMAX1/TMIN1
Manipur,MANIPUR,2022,8,111.2,33.06,24.0,31,1,VERIFIED,area-weighted state mean (LCC m2 weights),IMD RF25/TMAX1/TMIN1
Manipur,MANIPUR,2022,9,145.8,31.65,23.25,30,1,VERIFIED,area-weighted state mean (LCC m2 weights),IMD RF25/TMAX1/TMIN1
Manipur,MANIPUR,2022,10,116.3,30.19,20.74,31,1,VERIFIED,area-weighted state mean (LCC m2 weights),IMD RF25/TMAX1/TMIN1
Manipur,MANIPUR,2022,11,0.2,29.2,15.08,30,1,VERIFIED,area-weighted state mean (LCC m2 weights),IMD RF25/TMAX1/TMIN1
Manipur,MANIPUR,2022,12,11.7,25.52,12.09,31,1,VERIFIED,area-weighted state mean (LCC m2 weights),IMD RF25/TMAX1/TMIN1
Meghalaya,MEGHALAYA,2022,1,25.5,22.71,10.19,31,1,VERIFIED,area-weighted state mean (LCC m2 weights),IMD RF25/TMAX1/TMIN1
Meghalaya,MEGHALAYA,2022,2,49.9,23.12,10.17,28,1,VERIFIED,area-weighted state mean (LCC m2 weights),IMD RF25/TMAX1/TMIN1
Meghalaya,MEGHALAYA,2022,3,137.4,30.68,16.94,31,1,VERIFIED,area-weighted state mean (LCC m2 weights),IMD RF25/TMAX1/TMIN1
Meghalaya,MEGHALAYA,2022,4,661.8,28.75,20.25,30,1,VERIFIED,area-weighted state mean (LCC m2 weights),IMD RF25/TMAX1/TMIN1
Meghalaya,MEGHALAYA,2022,5,1092.3,30.08,21.6,31,1,VERIFIED,area-weighted state mean (LCC m2 weights),IMD RF25/TMAX1/TMIN1
Meghalaya,MEGHALAYA,2022,6,1904.7,29.71,23.31,30,1,VERIFIED,area-weighted state mean (LCC m2 weights),IMD RF25/TMAX1/TMIN1
Meghalaya,MEGHALAYA,2022,7,391.3,32.65,24.47,31,1,VERIFIED,area-weighted state mean (LCC m2 weights),IMD RF25/TMAX1/TMIN1
Meghalaya,MEGHALAYA,2022,8,352.8,33.02,24.64,31,1,VERIFIED,area-weighted state mean (LCC m2 weights),IMD RF25/TMAX1/TMIN1
Meghalaya,MEGHALAYA,2022,9,402.7,31.73,24.05,30,1,VERIFIED,area-weighted state mean (LCC m2 weights),IMD RF25/TMAX1/TMIN1
Meghalaya,MEGHALAYA,2022,10,342.9,30.4,21.15,31,1,VERIFIED,area-weighted state mean (LCC m2 weights),IMD RF25/TMAX1/TMIN1
Meghalaya,MEGHALAYA,2022,11,1.5,28.94,15.56,30,1,VERIFIED,area-weighted state mean (LCC m2 weights),IMD RF25/TMAX1/TMIN1
Meghalaya,MEGHALAYA,2022,12,5.2,25.36,12.46,31,1,VERIFIED,area-weighted state mean (LCC m2 weights),IMD RF25/TMAX1/TMIN1
Mizoram,MIZORAM,2022,1,9.4,22.46,9.89,31,1,VERIFIED,area-weighted state mean (LCC m2 weights),IMD RF25/TMAX1/TMIN1
Mizoram,MIZORAM,2022,2,24.6,23.35,10.21,28,1,VERIFIED,area-weighted state mean (LCC m2 weights),IMD RF25/TMAX1/TMIN1
Mizoram,MIZORAM,2022,3,18.3,30.71,16.68,31,1,VERIFIED,area-weighted state mean (LCC m2 weights),IMD RF25/TMAX1/TMIN1
Mizoram,MIZORAM,2022,4,59.5,29.52,20.39,30,1,VERIFIED,area-weighted state mean (LCC m2 weights),IMD RF25/TMAX1/TMIN1
Mizoram,MIZORAM,2022,5,337.0,29.73,21.33,31,1,VERIFIED,area-weighted state mean (LCC m2 weights),IMD RF25/TMAX1/TMIN1
Mizoram,MIZORAM,2022,6,357.7,29.95,23.08,30,1,VERIFIED,area-weighted state mean (LCC m2 weights),IMD RF25/TMAX1/TMIN1
Mizoram,MIZORAM,2022,7,378.1,32.27,24.02,31,1,VERIFIED,area-weighted state mean (LCC m2 weights),IMD RF25/TMAX1/TMIN1
Mizoram,MIZORAM,2022,8,335.3,32.42,24.01,31,1,VERIFIED,area-weighted state mean (LCC m2 weights),IMD RF25/TMAX1/TMIN1
Mizoram,MIZORAM,2022,9,250.7,31.37,23.36,30,1,VERIFIED,area-weighted state mean (LCC m2 weights),IMD RF25/TMAX1/TMIN1
Mizoram,MIZORAM,2022,10,209.0,30.03,20.82,31,1,VERIFIED,area-weighted state mean (LCC m2 weights),IMD RF25/TMAX1/TMIN1
Mizoram,MIZORAM,2022,11,0.9,28.57,15.34,30,1,VERIFIED,area-weighted state mean (LCC m2 weights),IMD RF25/TMAX1/TMIN1
Mizoram,MIZORAM,2022,12,5.6,25.21,12.03,31,1,VERIFIED,area-weighted state mean (LCC m2 weights),IMD RF25/TMAX1/TMIN1
Nagaland,NAGALAND,2022,1,32.0,23.46,9.9,31,1,VERIFIED,area-weighted state mean (LCC m2 weights),IMD RF25/TMAX1/TMIN1
Nagaland,NAGALAND,2022,2,54.3,23.65,10.24,28,1,VERIFIED,area-weighted state mean (LCC m2 weights),IMD RF25/TMAX1/TMIN1
Nagaland,NAGALAND,2022,3,17.8,31.24,16.89,31,1,VERIFIED,area-weighted state mean (LCC m2 weights),IMD RF25/TMAX1/TMIN1
Nagaland,NAGALAND,2022,4,172.5,28.45,19.57,30,1,VERIFIED,area-weighted state mean (LCC m2 weights),IMD RF25/TMAX1/TMIN1
Nagaland,NAGALAND,2022,5,187.7,30.33,21.57,31,1,VERIFIED,area-weighted state mean (LCC m2 weights),IMD RF25/TMAX1/TMIN1
Nagaland,NAGALAND,2022,6,278.0,30.64,23.5,30,1,VERIFIED,area-weighted state mean (LCC m2 weights),IMD RF25/TMAX1/TMIN1
Nagaland,NAGALAND,2022,7,281.1,33.7,24.75,31,1,VERIFIED,area-weighted state mean (LCC m2 weights),IMD RF25/TMAX1/TMIN1
Nagaland,NAGALAND,2022,8,218.4,34.03,24.82,31,1,VERIFIED,area-weighted state mean (LCC m2 weights),IMD RF25/TMAX1/TMIN1
Nagaland,NAGALAND,2022,9,242.0,32.3,23.9,30,1,VERIFIED,area-weighted state mean (LCC m2 weights),IMD RF25/TMAX1/TMIN1
Nagaland,NAGALAND,2022,10,121.5,30.79,21.18,31,1,VERIFIED,area-weighted state mean (LCC m2 weights),IMD RF25/TMAX1/TMIN1
Nagaland,NAGALAND,2022,11,0.0,29.77,14.93,30,1,VERIFIED,area-weighted state mean (LCC m2 weights),IMD RF25/TMAX1/TMIN1
Nagaland,NAGALAND,2022,12,15.3,25.96,12.03,31,1,VERIFIED,area-weighted state mean (LCC m2 weights),IMD RF25/TMAX1/TMIN1
Sikkim,SIKKIM,2022,1,43.6,19.7,9.31,31,1,VERIFIED,area-weighted state mean (LCC m2 weights),IMD RF25/TMAX1/TMIN1
Sikkim,SIKKIM,2022,2,114.0,20.58,9.32,28,1,VERIFIED,area-weighted state mean (LCC m2 weights),IMD RF25/TMAX1/TMIN1
Sikkim,SIKKIM,2022,3,112.5,28.76,16.92,31,1,VERIFIED,area-weighted state mean (LCC m2 weights),IMD RF25/TMAX1/TMIN1
Sikkim,SIKKIM,2022,4,404.0,28.49,20.06,30,1,VERIFIED,area-weighted state mean (LCC m2 weights),IMD RF25/TMAX1/TMIN1
Sikkim,SIKKIM,2022,5,413.7,28.97,21.1,31,1,VERIFIED,area-weighted state mean (LCC m2 weights),IMD RF25/TMAX1/TMIN1
Sikkim,SIKKIM,2022,6,806.8,28.82,22.87,30,1,VERIFIED,area-weighted state mean (LCC m2 weights),IMD RF25/TMAX1/TMIN1
Sikkim,SIKKIM,2022,7,386.5,30.98,24.08,31,1,VERIFIED,area-weighted state mean (LCC m2 weights),IMD RF25/TMAX1/TMIN1
Sikkim,SIKKIM,2022,8,501.9,30.89,24.08,31,1,VERIFIED,area-weighted state mean (LCC m2 weights),IMD RF25/TMAX1/TMIN1
Sikkim,SIKKIM,2022,9,562.5,29.6,23.24,30,1,VERIFIED,area-weighted state mean (LCC m2 weights),IMD RF25/TMAX1/TMIN1
Sikkim,SIKKIM,2022,10,319.7,28.77,19.84,31,1,VERIFIED,area-weighted state mean (LCC m2 weights),IMD RF25/TMAX1/TMIN1
Sikkim,SIKKIM,2022,11,5.3,26.7,14.22,30,1,VERIFIED,area-weighted state mean (LCC m2 weights),IMD RF25/TMAX1/TMIN1
Sikkim,SIKKIM,2022,12,3.0,22.58,11.29,31,1,VERIFIED,area-weighted state mean (LCC m2 weights),IMD RF25/TMAX1/TMIN1
Lakshadweep,LAKSHADWEEP,2022,1,,,,31,0,INSUFFICIENT_COVERAGE,area-weighted state mean (LCC m2 weights),IMD RF25/TMAX1/TMIN1
Lakshadweep,LAKSHADWEEP,2022,2,,,,28,0,INSUFFICIENT_COVERAGE,area-weighted state mean (LCC m2 weights),IMD RF25/TMAX1/TMIN1
Lakshadweep,LAKSHADWEEP,2022,3,,,,31,0,INSUFFICIENT_COVERAGE,area-weighted state mean (LCC m2 weights),IMD RF25/TMAX1/TMIN1
Lakshadweep,LAKSHADWEEP,2022,4,,,,30,0,INSUFFICIENT_COVERAGE,area-weighted state mean (LCC m2 weights),IMD RF25/TMAX1/TMIN1
Lakshadweep,LAKSHADWEEP,2022,5,,,,31,0,INSUFFICIENT_COVERAGE,area-weighted state mean (LCC m2 weights),IMD RF25/TMAX1/TMIN1
Lakshadweep,LAKSHADWEEP,2022,6,,,,30,0,INSUFFICIENT_COVERAGE,area-weighted state mean (LCC m2 weights),IMD RF25/TMAX1/TMIN1
Lakshadweep,LAKSHADWEEP,2022,7,,,,31,0,INSUFFICIENT_COVERAGE,area-weighted state mean (LCC m2 weights),IMD RF25/TMAX1/TMIN1
Lakshadweep,LAKSHADWEEP,2022,8,,,,31,0,INSUFFICIENT_COVERAGE,area-weighted state mean (LCC m2 weights),IMD RF25/TMAX1/TMIN1
Lakshadweep,LAKSHADWEEP,2022,9,,,,30,0,INSUFFICIENT_COVERAGE,area-weighted state mean (LCC m2 weights),IMD RF25/TMAX1/TMIN1
Lakshadweep,LAKSHADWEEP,2022,10,,,,31,0,INSUFFICIENT_COVERAGE,area-weighted state mean (LCC m2 weights),IMD RF25/TMAX1/TMIN1
Lakshadweep,LAKSHADWEEP,2022,11,,,,30,0,INSUFFICIENT_COVERAGE,area-weighted state mean (LCC m2 weights),IMD RF25/TMAX1/TMIN1
Lakshadweep,LAKSHADWEEP,2022,12,,,,31,0,INSUFFICIENT_COVERAGE,area-weighted state mean (LCC m2 weights),IMD RF25/TMAX1/TMIN1
Andaman & Nicobar Islands,ANDAMAN & NICOBAR,2022,1,,,,31,0,INSUFFICIENT_COVERAGE,area-weighted state mean (LCC m2 weights),IMD RF25/TMAX1/TMIN1
Andaman & Nicobar Islands,ANDAMAN & NICOBAR,2022,2,,,,28,0,INSUFFICIENT_COVERAGE,area-weighted state mean (LCC m2 weights),IMD RF25/TMAX1/TMIN1
Andaman & Nicobar Islands,ANDAMAN & NICOBAR,2022,3,,,,31,0,INSUFFICIENT_COVERAGE,area-weighted state mean (LCC m2 weights),IMD RF25/TMAX1/TMIN1
Andaman & Nicobar Islands,ANDAMAN & NICOBAR,2022,4,,,,30,0,INSUFFICIENT_COVERAGE,area-weighted state mean (LCC m2 weights),IMD RF25/TMAX1/TMIN1
Andaman & Nicobar Islands,ANDAMAN & NICOBAR,2022,5,,,,31,0,INSUFFICIENT_COVERAGE,area-weighted state mean (LCC m2 weights),IMD RF25/TMAX1/TMIN1
Andaman & Nicobar Islands,ANDAMAN & NICOBAR,2022,6,,,,30,0,INSUFFICIENT_COVERAGE,area-weighted state mean (LCC m2 weights),IMD RF25/TMAX1/TMIN1
Andaman & Nicobar Islands,ANDAMAN & NICOBAR,2022,7,,,,31,0,INSUFFICIENT_COVERAGE,area-weighted state mean (LCC m2 weights),IMD RF25/TMAX1/TMIN1
Andaman & Nicobar Islands,ANDAMAN & NICOBAR,2022,8,,,,31,0,INSUFFICIENT_COVERAGE,area-weighted state mean (LCC m2 weights),IMD RF25/TMAX1/TMIN1
Andaman & Nicobar Islands,ANDAMAN & NICOBAR,2022,9,,,,30,0,INSUFFICIENT_COVERAGE,area-weighted state mean (LCC m2 weights),IMD RF25/TMAX1/TMIN1
Andaman & Nicobar Islands,ANDAMAN & NICOBAR,2022,10,,,,31,0,INSUFFICIENT_COVERAGE,area-weighted state mean (LCC m2 weights),IMD RF25/TMAX1/TMIN1
Andaman & Nicobar Islands,ANDAMAN & NICOBAR,2022,11,,,,30,0,INSUFFICIENT_COVERAGE,area-weighted state mean (LCC m2 weights),IMD RF25/TMAX1/TMIN1
Andaman & Nicobar Islands,ANDAMAN & NICOBAR,2022,12,,,,31,0,INSUFFICIENT_COVERAGE,area-weighted state mean (LCC m2 weights),IMD RF25/TMAX1/TMIN1
West Bengal,WEST BENGAL,2022,1,19.4,22.82,12.24,31,1,VERIFIED,area-weighted state mean (LCC m2 weights),IMD RF25/TMAX1/TMIN1
West Bengal,WEST BENGAL,2022,2,44.4,25.48,13.81,28,1,VERIFIED,area-weighted state mean (LCC m2 weights),IMD RF25/TMAX1/TMIN1
West Bengal,WEST BENGAL,2022,3,6.1,33.05,20.35,31,1,VERIFIED,area-weighted state mean (LCC m2 weights),IMD RF25/TMAX1/TMIN1
West Bengal,WEST BENGAL,2022,4,64.5,35.24,24.99,30,1,VERIFIED,area-weighted state mean (LCC m2 weights),IMD RF25/TMAX1/TMIN1
West Bengal,WEST BENGAL,2022,5,188.7,34.25,24.72,31,1,VERIFIED,area-weighted state mean (LCC m2 weights),IMD RF25/TMAX1/TMIN1
West Bengal,WEST BENGAL,2022,6,298.7,33.81,25.82,30,1,VERIFIED,area-weighted state mean (LCC m2 weights),IMD RF25/TMAX1/TMIN1
West Bengal,WEST BENGAL,2022,7,230.6,33.33,26.21,31,1,VERIFIED,area-weighted state mean (LCC m2 weights),IMD RF25/TMAX1/TMIN1
West Bengal,WEST BENGAL,2022,8,308.6,32.63,26.02,31,1,VERIFIED,area-weighted state mean (LCC m2 weights),IMD RF25/TMAX1/TMIN1
West Bengal,WEST BENGAL,2022,9,260.0,32.46,25.72,30,1,VERIFIED,area-weighted state mean (LCC m2 weights),IMD RF25/TMAX1/TMIN1
West Bengal,WEST BENGAL,2022,10,127.3,31.52,22.94,31,1,VERIFIED,area-weighted state mean (LCC m2 weights),IMD RF25/TMAX1/TMIN1
West Bengal,WEST BENGAL,2022,11,0.3,29.33,17.07,30,1,VERIFIED,area-weighted state mean (LCC m2 weights),IMD RF25/TMAX1/TMIN1
West Bengal,WEST BENGAL,2022,12,0.5,26.23,13.75,31,1,VERIFIED,area-weighted state mean (LCC m2 weights),IMD RF25/TMAX1/TMIN1
Kerala,KERALA,2022,1,9.2,30.03,19.66,31,1,VERIFIED,area-weighted state mean (LCC m2 weights),IMD RF25/TMAX1/TMIN1
Kerala,KERALA,2022,2,9.4,31.06,20.17,28,1,VERIFIED,area-weighted state mean (LCC m2 weights),IMD RF25/TMAX1/TMIN1
Kerala,KERALA,2022,3,46.6,32.64,21.32,31,1,VERIFIED,area-weighted state mean (LCC m2 weights),IMD RF25/TMAX1/TMIN1
Kerala,KERALA,2022,4,185.9,32.44,22.31,30,1,VERIFIED,area-weighted state mean (LCC m2 weights),IMD RF25/TMAX1/TMIN1
Kerala,KERALA,2022,5,336.8,30.23,21.81,31,1,VERIFIED,area-weighted state mean (LCC m2 weights),IMD RF25/TMAX1/TMIN1
Kerala,KERALA,2022,6,253.1,29.91,21.54,30,1,VERIFIED,area-weighted state mean (LCC m2 weights),IMD RF25/TMAX1/TMIN1
Kerala,KERALA,2022,7,676.1,28.18,21.13,31,1,VERIFIED,area-weighted state mean (LCC m2 weights),IMD RF25/TMAX1/TMIN1
Kerala,KERALA,2022,8,576.9,28.19,21.03,31,1,VERIFIED,area-weighted state mean (LCC m2 weights),IMD RF25/TMAX1/TMIN1
Kerala,KERALA,2022,9,231.6,29.66,21.17,30,1,VERIFIED,area-weighted state mean (LCC m2 weights),IMD RF25/TMAX1/TMIN1
Kerala,KERALA,2022,10,223.0,29.65,20.95,31,1,VERIFIED,area-weighted state mean (LCC m2 weights),IMD RF25/TMAX1/TMIN1
Kerala,KERALA,2022,11,180.2,29.17,20.26,30,1,VERIFIED,area-weighted state mean (LCC m2 weights),IMD RF25/TMAX1/TMIN1
Kerala,KERALA,2022,12,85.5,29.26,19.8,31,1,VERIFIED,area-weighted state mean (LCC m2 weights),IMD RF25/TMAX1/TMIN1
Chhattisgarh,CHHATTISGARH,2022,1,40.1,25.02,12.62,31,1,VERIFIED,area-weighted state mean (LCC m2 weights),IMD RF25/TMAX1/TMIN1
Chhattisgarh,CHHATTISGARH,2022,2,11.5,28.92,13.93,28,1,VERIFIED,area-weighted state mean (LCC m2 weights),IMD RF25/TMAX1/TMIN1
Chhattisgarh,CHHATTISGARH,2022,3,1.0,35.62,19.21,31,1,VERIFIED,area-weighted state mean (LCC m2 weights),IMD RF25/TMAX1/TMIN1
Chhattisgarh,CHHATTISGARH,2022,4,10.4,40.02,24.11,30,1,VERIFIED,area-weighted state mean (LCC m2 weights),IMD RF25/TMAX1/TMIN1
Chhattisgarh,CHHATTISGARH,2022,5,27.4,39.6,25.63,31,1,VERIFIED,area-weighted state mean (LCC m2 weights),IMD RF25/TMAX1/TMIN1
Chhattisgarh,CHHATTISGARH,2022,6,134.9,37.26,25.62,30,1,VERIFIED,area-weighted state mean (LCC m2 weights),IMD RF25/TMAX1/TMIN1
Chhattisgarh,CHHATTISGARH,2022,7,432.3,31.33,23.89,31,1,VERIFIED,area-weighted state mean (LCC m2 weights),IMD RF25/TMAX1/TMIN1
Chhattisgarh,CHHATTISGARH,2022,8,440.8,30.84,23.78,31,1,VERIFIED,area-weighted state mean (LCC m2 weights),IMD RF25/TMAX1/TMIN1
Chhattisgarh,CHHATTISGARH,2022,9,223.9,31.39,23.54,30,1,VERIFIED,area-weighted state mean (LCC m2 weights),IMD RF25/TMAX1/TMIN1
Chhattisgarh,CHHATTISGARH,2022,10,71.6,30.76,20.38,31,1,VERIFIED,area-weighted state mean (LCC m2 weights),IMD RF25/TMAX1/TMIN1
Chhattisgarh,CHHATTISGARH,2022,11,0.0,29.15,14.63,30,1,VERIFIED,area-weighted state mean (LCC m2 weights),IMD RF25/TMAX1/TMIN1
Chhattisgarh,CHHATTISGARH,2022,12,2.3,28.33,13.83,31,1,VERIFIED,area-weighted state mean (LCC m2 weights),IMD RF25/TMAX1/TMIN1
Odisha,ODISHA,2022,1,44.2,25.99,14.01,31,1,VERIFIED,area-weighted state mean (LCC m2 weights),IMD RF25/TMAX1/TMIN1
Odisha,ODISHA,2022,2,12.2,29.47,15.7,28,1,VERIFIED,area-weighted state mean (LCC m2 weights),IMD RF25/TMAX1/TMIN1
Odisha,ODISHA,2022,3,1.2,35.31,20.8,31,1,VERIFIED,area-weighted state mean (LCC m2 weights),IMD RF25/TMAX1/TMIN1
Odisha,ODISHA,2022,4,13.2,38.12,25.3,30,1,VERIFIED,area-weighted state mean (LCC m2 weights),IMD RF25/TMAX1/TMIN1
Odisha,ODISHA,2022,5,83.1,37.4,25.6,31,1,VERIFIED,area-weighted state mean (LCC m2 weights),IMD RF25/TMAX1/TMIN1
Odisha,ODISHA,2022,6,128.7,35.59,25.96,30,1,VERIFIED,area-weighted state mean (LCC m2 weights),IMD RF25/TMAX1/TMIN1
Odisha,ODISHA,2022,7,367.6,31.68,24.71,31,1,VERIFIED,area-weighted state mean (LCC m2 weights),IMD RF25/TMAX1/TMIN1
Odisha,ODISHA,2022,8,466.3,31.28,24.56,31,1,VERIFIED,area-weighted state mean (LCC m2 weights),IMD RF25/TMAX1/TMIN1
Odisha,ODISHA,2022,9,208.7,32.05,24.44,30,1,VERIFIED,area-weighted state mean (LCC m2 weights),IMD RF25/TMAX1/TMIN1
Odisha,ODISHA,2022,10,135.2,31.32,21.93,31,1,VERIFIED,area-weighted state mean (LCC m2 weights),IMD RF25/TMAX1/TMIN1
Odisha,ODISHA,2022,11,1.5,29.74,17.08,30,1,VERIFIED,area-weighted state mean (LCC m2 weights),IMD RF25/TMAX1/TMIN1
Odisha,ODISHA,2022,12,0.7,28.73,15.52,31,1,VERIFIED,area-weighted state mean (LCC m2 weights),IMD RF25/TMAX1/TMIN1
Chandigarh,CHANDIGARH,2022,1,205.5,16.34,6.89,31,1,VERIFIED,area-weighted state mean (LCC m2 weights),IMD RF25/TMAX1/TMIN1
Chandigarh,CHANDIGARH,2022,2,37.6,21.34,7.45,28,1,VERIFIED,area-weighted state mean (LCC m2 weights),IMD RF25/TMAX1/TMIN1
Chandigarh,CHANDIGARH,2022,3,0.0,30.83,15.08,31,1,VERIFIED,area-weighted state mean (LCC m2 weights),IMD RF25/TMAX1/TMIN1
Chandigarh,CHANDIGARH,2022,4,0.4,37.99,19.95,30,1,VERIFIED,area-weighted state mean (LCC m2 weights),IMD RF25/TMAX1/TMIN1
Chandigarh,CHANDIGARH,2022,5,33.0,37.29,23.0,31,1,VERIFIED,area-weighted state mean (LCC m2 weights),IMD RF25/TMAX1/TMIN1
Chandigarh,CHANDIGARH,2022,6,75.1,37.56,24.73,30,1,VERIFIED,area-weighted state mean (LCC m2 weights),IMD RF25/TMAX1/TMIN1
Chandigarh,CHANDIGARH,2022,7,453.8,32.54,24.69,31,1,VERIFIED,area-weighted state mean (LCC m2 weights),IMD RF25/TMAX1/TMIN1
Chandigarh,CHANDIGARH,2022,8,191.7,32.39,24.62,31,1,VERIFIED,area-weighted state mean (LCC m2 weights),IMD RF25/TMAX1/TMIN1
Chandigarh,CHANDIGARH,2022,9,220.7,31.87,22.81,30,1,VERIFIED,area-weighted state mean (LCC m2 weights),IMD RF25/TMAX1/TMIN1
Chandigarh,CHANDIGARH,2022,10,40.1,29.95,17.01,31,1,VERIFIED,area-weighted state mean (LCC m2 weights),IMD RF25/TMAX1/TMIN1
Chandigarh,CHANDIGARH,2022,11,0.1,26.17,11.42,30,1,VERIFIED,area-weighted state mean (LCC m2 weights),IMD RF25/TMAX1/TMIN1
Chandigarh,CHANDIGARH,2022,12,0.0,20.94,7.1,31,1,VERIFIED,area-weighted state mean (LCC m2 weights),IMD RF25/TMAX1/TMIN1
Delhi,DELHI,2022,1,71.4,17.96,7.99,31,1,VERIFIED,area-weighted state mean (LCC m2 weights),IMD RF25/TMAX1/TMIN1
Delhi,DELHI,2022,2,17.6,23.88,9.28,28,1,VERIFIED,area-weighted state mean (LCC m2 weights),IMD RF25/TMAX1/TMIN1
Delhi,DELHI,2022,3,0.0,33.69,16.67,31,1,VERIFIED,area-weighted state mean (LCC m2 weights),IMD RF25/TMAX1/TMIN1
Delhi,DELHI,2022,4,0.1,41.06,21.88,30,1,VERIFIED,area-weighted state mean (LCC m2 weights),IMD RF25/TMAX1/TMIN1
Delhi,DELHI,2022,5,54.6,40.34,25.82,31,1,VERIFIED,area-weighted state mean (LCC m2 weights),IMD RF25/TMAX1/TMIN1
Delhi,DELHI,2022,6,22.5,40.51,27.34,30,1,VERIFIED,area-weighted state mean (LCC m2 weights),IMD RF25/TMAX1/TMIN1
Delhi,DELHI,2022,7,197.3,35.2,26.87,31,1,VERIFIED,area-weighted state mean (LCC m2 weights),IMD RF25/TMAX1/TMIN1
Delhi,DELHI,2022,8,57.5,34.56,26.39,31,1,VERIFIED,area-weighted state mean (LCC m2 weights),IMD RF25/TMAX1/TMIN1
Delhi,DELHI,2022,9,161.3,34.15,25.09,30,1,VERIFIED,area-weighted state mean (LCC m2 weights),IMD RF25/TMAX1/TMIN1
Delhi,DELHI,2022,10,99.0,31.97,19.14,31,1,VERIFIED,area-weighted state mean (LCC m2 weights),IMD RF25/TMAX1/TMIN1
Delhi,DELHI,2022,11,0.0,28.66,13.15,30,1,VERIFIED,area-weighted state mean (LCC m2 weights),IMD RF25/TMAX1/TMIN1
Delhi,DELHI,2022,12,0.0,22.72,8.12,31,1,VERIFIED,area-weighted state mean (LCC m2 weights),IMD RF25/TMAX1/TMIN1
Gujarat,GUJARAT,2022,1,1.8,26.22,12.71,31,1,VERIFIED,area-weighted state mean (LCC m2 weights),IMD RF25/TMAX1/TMIN1
Gujarat,GUJARAT,2022,2,0.0,30.66,15.04,28,1,VERIFIED,area-weighted state mean (LCC m2 weights),IMD RF25/TMAX1/TMIN1
Gujarat,GUJARAT,2022,3,0.0,36.51,20.56,31,1,VERIFIED,area-weighted state mean (LCC m2 weights),IMD RF25/TMAX1/TMIN1
Gujarat,GUJARAT,2022,4,0.0,39.03,23.99,30,1,VERIFIED,area-weighted state mean (LCC m2 weights),IMD RF25/TMAX1/TMIN1
Gujarat,GUJARAT,2022,5,0.1,38.62,26.67,31,1,VERIFIED,area-weighted state mean (LCC m2 weights),IMD RF25/TMAX1/TMIN1
Gujarat,GUJARAT,2022,6,51.1,36.91,26.89,30,1,VERIFIED,area-weighted state mean (LCC m2 weights),IMD RF25/TMAX1/TMIN1
Gujarat,GUJARAT,2022,7,482.6,31.04,25.1,31,1,VERIFIED,area-weighted state mean (LCC m2 weights),IMD RF25/TMAX1/TMIN1
Gujarat,GUJARAT,2022,8,244.5,31.03,24.83,31,1,VERIFIED,area-weighted state mean (LCC m2 weights),IMD RF25/TMAX1/TMIN1
Gujarat,GUJARAT,2022,9,134.0,32.71,24.46,30,1,VERIFIED,area-weighted state mean (LCC m2 weights),IMD RF25/TMAX1/TMIN1
Gujarat,GUJARAT,2022,10,21.3,34.27,22.1,31,1,VERIFIED,area-weighted state mean (LCC m2 weights),IMD RF25/TMAX1/TMIN1
Gujarat,GUJARAT,2022,11,0.0,32.75,17.58,30,1,VERIFIED,area-weighted state mean (LCC m2 weights),IMD RF25/TMAX1/TMIN1
Gujarat,GUJARAT,2022,12,0.2,29.97,15.41,31,1,VERIFIED,area-weighted state mean (LCC m2 weights),IMD RF25/TMAX1/TMIN1
Haryana,HARYANA,2022,1,81.1,17.36,7.54,31,1,VERIFIED,area-weighted state mean (LCC m2 weights),IMD RF25/TMAX1/TMIN1
Haryana,HARYANA,2022,2,19.9,23.38,8.87,28,1,VERIFIED,area-weighted state mean (LCC m2 weights),IMD RF25/TMAX1/TMIN1
Haryana,HARYANA,2022,3,0.2,32.81,16.31,31,1,VERIFIED,area-weighted state mean (LCC m2 weights),IMD RF25/TMAX1/TMIN1
Haryana,HARYANA,2022,4,0.5,40.16,21.35,30,1,VERIFIED,area-weighted state mean (LCC m2 weights),IMD RF25/TMAX1/TMIN1
Haryana,HARYANA,2022,5,38.0,39.86,25.16,31,1,VERIFIED,area-weighted state mean (LCC m2 weights),IMD RF25/TMAX1/TMIN1
Haryana,HARYANA,2022,6,41.4,39.65,26.5,30,1,VERIFIED,area-weighted state mean (LCC m2 weights),IMD RF25/TMAX1/TMIN1
Haryana,HARYANA,2022,7,246.4,34.33,26.15,31,1,VERIFIED,area-weighted state mean (LCC m2 weights),IMD RF25/TMAX1/TMIN1
Haryana,HARYANA,2022,8,76.4,33.85,25.76,31,1,VERIFIED,area-weighted state mean (LCC m2 weights),IMD RF25/TMAX1/TMIN1
Haryana,HARYANA,2022,9,158.0,33.86,24.25,30,1,VERIFIED,area-weighted state mean (LCC m2 weights),IMD RF25/TMAX1/TMIN1
Haryana,HARYANA,2022,10,38.4,31.72,18.1,31,1,VERIFIED,area-weighted state mean (LCC m2 weights),IMD RF25/TMAX1/TMIN1
Haryana,HARYANA,2022,11,0.2,28.06,12.24,30,1,VERIFIED,area-weighted state mean (LCC m2 weights),IMD RF25/TMAX1/TMIN1
Haryana,HARYANA,2022,12,0.1,22.27,7.38,31,1,VERIFIED,area-weighted state mean (LCC m2 weights),IMD RF25/TMAX1/TMIN1
Punjab,PUNJAB,2022,1,121.3,16.4,6.87,31,1,VERIFIED,area-weighted state mean (LCC m2 weights),IMD RF25/TMAX1/TMIN1
Punjab,PUNJAB,2022,2,26.6,21.62,7.4,28,1,VERIFIED,area-weighted state mean (LCC m2 weights),IMD RF25/TMAX1/TMIN1
Punjab,PUNJAB,2022,3,0.6,30.95,15.05,31,1,VERIFIED,area-weighted state mean (LCC m2 weights),IMD RF25/TMAX1/TMIN1
Punjab,PUNJAB,2022,4,0.4,38.64,20.06,30,1,VERIFIED,area-weighted state mean (LCC m2 weights),IMD RF25/TMAX1/TMIN1
Punjab,PUNJAB,2022,5,23.8,38.82,23.54,31,1,VERIFIED,area-weighted state mean (LCC m2 weights),IMD RF25/TMAX1/TMIN1
Punjab,PUNJAB,2022,6,49.4,39.28,25.33,30,1,VERIFIED,area-weighted state mean (LCC m2 weights),IMD RF25/TMAX1/TMIN1
Punjab,PUNJAB,2022,7,266.9,33.94,25.57,31,1,VERIFIED,area-weighted state mean (LCC m2 weights),IMD RF25/TMAX1/TMIN1
Punjab,PUNJAB,2022,8,82.9,33.63,25.29,31,1,VERIFIED,area-weighted state mean (LCC m2 weights),IMD RF25/TMAX1/TMIN1
Punjab,PUNJAB,2022,9,127.7,33.56,23.31,30,1,VERIFIED,area-weighted state mean (LCC m2 weights),IMD RF25/TMAX1/TMIN1
Punjab,PUNJAB,2022,10,15.2,31.33,17.07,31,1,VERIFIED,area-weighted state mean (LCC m2 weights),IMD RF25/TMAX1/TMIN1
Punjab,PUNJAB,2022,11,1.8,26.56,11.17,30,1,VERIFIED,area-weighted state mean (LCC m2 weights),IMD RF25/TMAX1/TMIN1
Punjab,PUNJAB,2022,12,0.7,21.25,6.51,31,1,VERIFIED,area-weighted state mean (LCC m2 weights),IMD RF25/TMAX1/TMIN1
Uttar Pradesh,UTTAR PRADESH,2022,1,42.6,18.63,8.63,31,1,VERIFIED,area-weighted state mean (LCC m2 weights),IMD RF25/TMAX1/TMIN1
Uttar Pradesh,UTTAR PRADESH,2022,2,17.5,24.29,10.01,28,1,VERIFIED,area-weighted state mean (LCC m2 weights),IMD RF25/TMAX1/TMIN1
Uttar Pradesh,UTTAR PRADESH,2022,3,0.0,33.7,16.98,31,1,VERIFIED,area-weighted state mean (LCC m2 weights),IMD RF25/TMAX1/TMIN1
Uttar Pradesh,UTTAR PRADESH,2022,4,0.3,40.44,22.33,30,1,VERIFIED,area-weighted state mean (LCC m2 weights),IMD RF25/TMAX1/TMIN1
Uttar Pradesh,UTTAR PRADESH,2022,5,28.3,39.06,25.41,31,1,VERIFIED,area-weighted state mean (LCC m2 weights),IMD RF25/TMAX1/TMIN1
Uttar Pradesh,UTTAR PRADESH,2022,6,50.9,39.13,26.9,30,1,VERIFIED,area-weighted state mean (LCC m2 weights),IMD RF25/TMAX1/TMIN1
Uttar Pradesh,UTTAR PRADESH,2022,7,159.7,34.76,26.14,31,1,VERIFIED,area-weighted state mean (LCC m2 weights),IMD RF25/TMAX1/TMIN1
Uttar Pradesh,UTTAR PRADESH,2022,8,160.4,33.26,25.36,31,1,VERIFIED,area-weighted state mean (LCC m2 weights),IMD RF25/TMAX1/TMIN1
Uttar Pradesh,UTTAR PRADESH,2022,9,220.3,32.58,24.6,30,1,VERIFIED,area-weighted state mean (LCC m2 weights),IMD RF25/TMAX1/TMIN1
Uttar Pradesh,UTTAR PRADESH,2022,10,156.8,31.02,19.74,31,1,VERIFIED,area-weighted state mean (LCC m2 weights),IMD RF25/TMAX1/TMIN1
Uttar Pradesh,UTTAR PRADESH,2022,11,0.1,28.55,13.43,30,1,VERIFIED,area-weighted state mean (LCC m2 weights),IMD RF25/TMAX1/TMIN1
Uttar Pradesh,UTTAR PRADESH,2022,12,0.1,24.0,9.18,31,1,VERIFIED,area-weighted state mean (LCC m2 weights),IMD RF25/TMAX1/TMIN1
Karnataka,KARNATAKA,2022,1,0.8,29.6,16.43,31,1,VERIFIED,area-weighted state mean (LCC m2 weights),IMD RF25/TMAX1/TMIN1
Karnataka,KARNATAKA,2022,2,0.0,31.98,17.37,28,1,VERIFIED,area-weighted state mean (LCC m2 weights),IMD RF25/TMAX1/TMIN1
Karnataka,KARNATAKA,2022,3,13.5,34.87,20.41,31,1,VERIFIED,area-weighted state mean (LCC m2 weights),IMD RF25/TMAX1/TMIN1
Karnataka,KARNATAKA,2022,4,56.0,35.85,22.77,30,1,VERIFIED,area-weighted state mean (LCC m2 weights),IMD RF25/TMAX1/TMIN1
Karnataka,KARNATAKA,2022,5,175.4,33.13,22.5,31,1,VERIFIED,area-weighted state mean (LCC m2 weights),IMD RF25/TMAX1/TMIN1
Karnataka,KARNATAKA,2022,6,144.2,31.29,21.62,30,1,VERIFIED,area-weighted state mean (LCC m2 weights),IMD RF25/TMAX1/TMIN1
Karnataka,KARNATAKA,2022,7,365.8,28.1,21.04,31,1,VERIFIED,area-weighted state mean (LCC m2 weights),IMD RF25/TMAX1/TMIN1
Karnataka,KARNATAKA,2022,8,305.8,28.38,20.98,31,1,VERIFIED,area-weighted state mean (LCC m2 weights),IMD RF25/TMAX1/TMIN1
Karnataka,KARNATAKA,2022,9,178.6,29.26,20.68,30,1,VERIFIED,area-weighted state mean (LCC m2 weights),IMD RF25/TMAX1/TMIN1
Karnataka,KARNATAKA,2022,10,186.6,29.66,19.76,31,1,VERIFIED,area-weighted state mean (LCC m2 weights),IMD RF25/TMAX1/TMIN1
Karnataka,KARNATAKA,2022,11,22.4,29.75,18.13,30,1,VERIFIED,area-weighted state mean (LCC m2 weights),IMD RF25/TMAX1/TMIN1
Karnataka,KARNATAKA,2022,12,28.2,29.81,17.55,31,1,VERIFIED,area-weighted state mean (LCC m2 weights),IMD RF25/TMAX1/TMIN1
Andhra Pradesh,ANDHRA PRADESH,2022,1,24.1,29.46,18.75,31,1,VERIFIED,area-weighted state mean (LCC m2 weights),IMD RF25/TMAX1/TMIN1
Andhra Pradesh,ANDHRA PRADESH,2022,2,0.5,31.7,19.26,28,1,VERIFIED,area-weighted state mean (LCC m2 weights),IMD RF25/TMAX1/TMIN1
Andhra Pradesh,ANDHRA PRADESH,2022,3,3.1,35.56,22.28,31,1,VERIFIED,area-weighted state mean (LCC m2 weights),IMD RF25/TMAX1/TMIN1
Andhra Pradesh,ANDHRA PRADESH,2022,4,6.6,37.1,25.46,30,1,VERIFIED,area-weighted state mean (LCC m2 weights),IMD RF25/TMAX1/TMIN1
Andhra Pradesh,ANDHRA PRADESH,2022,5,111.9,36.38,25.87,31,1,VERIFIED,area-weighted state mean (LCC m2 weights),IMD RF25/TMAX1/TMIN1
Andhra Pradesh,ANDHRA PRADESH,2022,6,111.6,35.4,25.44,30,1,VERIFIED,area-weighted state mean (LCC m2 weights),IMD RF25/TMAX1/TMIN1
Andhra Pradesh,ANDHRA PRADESH,2022,7,157.7,31.57,24.11,31,1,VERIFIED,area-weighted state mean (LCC m2 weights),IMD RF25/TMAX1/TMIN1
Andhra Pradesh,ANDHRA PRADESH,2022,8,162.5,32.13,24.24,31,1,VERIFIED,area-weighted state mean (LCC m2 weights),IMD RF25/TMAX1/TMIN1
Andhra Pradesh,ANDHRA PRADESH,2022,9,155.3,32.0,23.98,30,1,VERIFIED,area-weighted state mean (LCC m2 weights),IMD RF25/TMAX1/TMIN1
Andhra Pradesh,ANDHRA PRADESH,2022,10,174.5,30.98,22.38,31,1,VERIFIED,area-weighted state mean (LCC m2 weights),IMD RF25/TMAX1/TMIN1
Andhra Pradesh,ANDHRA PRADESH,2022,11,75.4,29.88,20.38,30,1,VERIFIED,area-weighted state mean (LCC m2 weights),IMD RF25/TMAX1/TMIN1
Andhra Pradesh,ANDHRA PRADESH,2022,12,87.4,29.75,19.8,31,1,VERIFIED,area-weighted state mean (LCC m2 weights),IMD RF25/TMAX1/TMIN1
Bihar,BIHAR,2022,1,11.1,20.57,10.87,31,1,VERIFIED,area-weighted state mean (LCC m2 weights),IMD RF25/TMAX1/TMIN1
Bihar,BIHAR,2022,2,30.0,24.25,11.49,28,1,VERIFIED,area-weighted state mean (LCC m2 weights),IMD RF25/TMAX1/TMIN1
Bihar,BIHAR,2022,3,0.5,33.13,18.38,31,1,VERIFIED,area-weighted state mean (LCC m2 weights),IMD RF25/TMAX1/TMIN1
Bihar,BIHAR,2022,4,14.4,37.29,23.22,30,1,VERIFIED,area-weighted state mean (LCC m2 weights),IMD RF25/TMAX1/TMIN1
Bihar,BIHAR,2022,5,91.8,35.9,24.41,31,1,VERIFIED,area-weighted state mean (LCC m2 weights),IMD RF25/TMAX1/TMIN1
Bihar,BIHAR,2022,6,202.4,35.8,26.08,30,1,VERIFIED,area-weighted state mean (LCC m2 weights),IMD RF25/TMAX1/TMIN1
Bihar,BIHAR,2022,7,145.1,34.8,26.37,31,1,VERIFIED,area-weighted state mean (LCC m2 weights),IMD RF25/TMAX1/TMIN1
Bihar,BIHAR,2022,8,179.4,33.56,25.95,31,1,VERIFIED,area-weighted state mean (LCC m2 weights),IMD RF25/TMAX1/TMIN1
Bihar,BIHAR,2022,9,209.0,32.71,25.3,30,1,VERIFIED,area-weighted state mean (LCC m2 weights),IMD RF25/TMAX1/TMIN1
Bihar,BIHAR,2022,10,90.7,31.73,21.77,31,1,VERIFIED,area-weighted state mean (LCC m2 weights),IMD RF25/TMAX1/TMIN1
Bihar,BIHAR,2022,11,0.0,29.02,15.06,30,1,VERIFIED,area-weighted state mean (LCC m2 weights),IMD RF25/TMAX1/TMIN1
Bihar,BIHAR,2022,12,0.1,24.9,11.21,31,1,VERIFIED,area-weighted state mean (LCC m2 weights),IMD RF25/TMAX1/TMIN1
Goa,GOA,2022,1,0.7,30.39,17.66,31,1,VERIFIED,area-weighted state mean (LCC m2 weights),IMD RF25/TMAX1/TMIN1
Goa,GOA,2022,2,0.0,31.92,18.37,28,1,VERIFIED,area-weighted state mean (LCC m2 weights),IMD RF25/TMAX1/TMIN1
Goa,GOA,2022,3,5.9,33.75,22.13,31,1,VERIFIED,area-weighted state mean (LCC m2 weights),IMD RF25/TMAX1/TMIN1
Goa,GOA,2022,4,37.8,34.45,24.15,30,1,VERIFIED,area-weighted state mean (LCC m2 weights),IMD RF25/TMAX1/TMIN1
Goa,GOA,2022,5,113.4,32.67,24.65,31,1,VERIFIED,area-weighted state mean (LCC m2 weights),IMD RF25/TMAX1/TMIN1
Goa,GOA,2022,6,739.7,30.64,23.26,30,1,VERIFIED,area-weighted state mean (LCC m2 weights),IMD RF25/TMAX1/TMIN1
Goa,GOA,2022,7,1498.6,28.08,22.92,31,1,VERIFIED,area-weighted state mean (LCC m2 weights),IMD RF25/TMAX1/TMIN1
Goa,GOA,2022,8,634.3,28.33,22.85,31,1,VERIFIED,area-weighted state mean (LCC m2 weights),IMD RF25/TMAX1/TMIN1
Goa,GOA,2022,9,434.0,29.21,22.45,30,1,VERIFIED,area-weighted state mean (LCC m2 weights),IMD RF25/TMAX1/TMIN1
Goa,GOA,2022,10,163.8,30.41,21.56,31,1,VERIFIED,area-weighted state mean (LCC m2 weights),IMD RF25/TMAX1/TMIN1
Goa,GOA,2022,11,12.1,32.2,20.07,30,1,VERIFIED,area-weighted state mean (LCC m2 weights),IMD RF25/TMAX1/TMIN1
Goa,GOA,2022,12,7.4,32.24,19.67,31,1,VERIFIED,area-weighted state mean (LCC m2 weights),IMD RF25/TMAX1/TMIN1
Jharkhand,JHARKHAND,2022,1,23.9,22.56,11.46,31,1,VERIFIED,area-weighted state mean (LCC m2 weights),IMD RF25/TMAX1/TMIN1
Jharkhand,JHARKHAND,2022,2,43.5,26.33,12.57,28,1,VERIFIED,area-weighted state mean (LCC m2 weights),IMD RF25/TMAX1/TMIN1
Jharkhand,JHARKHAND,2022,3,1.3,34.36,18.88,31,1,VERIFIED,area-weighted state mean (LCC m2 weights),IMD RF25/TMAX1/TMIN1
Jharkhand,JHARKHAND,2022,4,4.3,39.2,24.28,30,1,VERIFIED,area-weighted state mean (LCC m2 weights),IMD RF25/TMAX1/TMIN1
Jharkhand,JHARKHAND,2022,5,74.1,37.32,24.77,31,1,VERIFIED,area-weighted state mean (LCC m2 weights),IMD RF25/TMAX1/TMIN1
Jharkhand,JHARKHAND,2022,6,99.9,36.34,25.82,30,1,VERIFIED,area-weighted state mean (LCC m2 weights),IMD RF25/TMAX1/TMIN1
Jharkhand,JHARKHAND,2022,7,156.9,33.41,25.28,31,1,VERIFIED,area-weighted state mean (LCC m2 weights),IMD RF25/TMAX1/TMIN1
Jharkhand,JHARKHAND,2022,8,305.0,32.06,24.8,31,1,VERIFIED,area-weighted state mean (LCC m2 weights),IMD RF25/TMAX1/TMIN1
Jharkhand,JHARKHAND,2022,9,221.0,32.2,24.44,30,1,VERIFIED,area-weighted state mean (LCC m2 weights),IMD RF25/TMAX1/TMIN1
Jharkhand,JHARKHAND,2022,10,91.2,31.23,21.08,31,1,VERIFIED,area-weighted state mean (LCC m2 weights),IMD RF25/TMAX1/TMIN1
Jharkhand,JHARKHAND,2022,11,0.0,28.87,14.62,30,1,VERIFIED,area-weighted state mean (LCC m2 weights),IMD RF25/TMAX1/TMIN1
Jharkhand,JHARKHAND,2022,12,0.2,26.31,11.69,31,1,VERIFIED,area-weighted state mean (LCC m2 weights),IMD RF25/TMAX1/TMIN1
Madhya Pradesh,MADHYA PRADESH,2022,1,31.3,22.77,9.19,31,1,VERIFIED,area-weighted state mean (LCC m2 weights),IMD RF25/TMAX1/TMIN1
Madhya Pradesh,MADHYA PRADESH,2022,2,3.0,28.31,11.38,28,1,VERIFIED,area-weighted state mean (LCC m2 weights),IMD RF25/TMAX1/TMIN1
Madhya Pradesh,MADHYA PRADESH,2022,3,1.6,35.68,17.46,31,1,VERIFIED,area-weighted state mean (LCC m2 weights),IMD RF25/TMAX1/TMIN1
Madhya Pradesh,MADHYA PRADESH,2022,4,0.1,41.63,22.88,30,1,VERIFIED,area-weighted state mean (LCC m2 weights),IMD RF25/TMAX1/TMIN1
Madhya Pradesh,MADHYA PRADESH,2022,5,8.7,41.61,25.92,31,1,VERIFIED,area-weighted state mean (LCC m2 weights),IMD RF25/TMAX1/TMIN1
Madhya Pradesh,MADHYA PRADESH,2022,6,113.1,38.83,25.94,30,1,VERIFIED,area-weighted state mean (LCC m2 weights),IMD RF25/TMAX1/TMIN1
Madhya Pradesh,MADHYA PRADESH,2022,7,398.2,31.8,23.76,31,1,VERIFIED,area-weighted state mean (LCC m2 weights),IMD RF25/TMAX1/TMIN1
Madhya Pradesh,MADHYA PRADESH,2022,8,446.5,30.69,23.36,31,1,VERIFIED,area-weighted state mean (LCC m2 weights),IMD RF25/TMAX1/TMIN1
Madhya Pradesh,MADHYA PRADESH,2022,9,224.4,31.55,23.08,30,1,VERIFIED,area-weighted state mean (LCC m2 weights),IMD RF25/TMAX1/TMIN1
Madhya Pradesh,MADHYA PRADESH,2022,10,93.1,31.48,18.81,31,1,VERIFIED,area-weighted state mean (LCC m2 weights),IMD RF25/TMAX1/TMIN1
Madhya Pradesh,MADHYA PRADESH,2022,11,0.0,29.65,12.48,30,1,VERIFIED,area-weighted state mean (LCC m2 weights),IMD RF25/TMAX1/TMIN1
Madhya Pradesh,MADHYA PRADESH,2022,12,1.3,26.97,10.91,31,1,VERIFIED,area-weighted state mean (LCC m2 weights),IMD RF25/TMAX1/TMIN1
Maharashtra,MAHARASHTRA,2022,1,10.0,27.83,13.77,31,1,VERIFIED,area-weighted state mean (LCC m2 weights),IMD RF25/TMAX1/TMIN1
Maharashtra,MAHARASHTRA,2022,2,0.3,31.73,15.23,28,1,VERIFIED,area-weighted state mean (LCC m2 weights),IMD RF25/TMAX1/TMIN1
Maharashtra,MAHARASHTRA,2022,3,1.5,36.79,20.33,31,1,VERIFIED,area-weighted state mean (LCC m2 weights),IMD RF25/TMAX1/TMIN1
Maharashtra,MAHARASHTRA,2022,4,4.2,39.92,24.04,30,1,VERIFIED,area-weighted state mean (LCC m2 weights),IMD RF25/TMAX1/TMIN1
Maharashtra,MAHARASHTRA,2022,5,8.0,39.14,25.48,31,1,VERIFIED,area-weighted state mean (LCC m2 weights),IMD RF25/TMAX1/TMIN1
Maharashtra,MAHARASHTRA,2022,6,141.0,35.39,24.41,30,1,VERIFIED,area-weighted state mean (LCC m2 weights),IMD RF25/TMAX1/TMIN1
Maharashtra,MAHARASHTRA,2022,7,528.3,29.16,22.61,31,1,VERIFIED,area-weighted state mean (LCC m2 weights),IMD RF25/TMAX1/TMIN1
Maharashtra,MAHARASHTRA,2022,8,279.5,30.06,22.65,31,1,VERIFIED,area-weighted state mean (LCC m2 weights),IMD RF25/TMAX1/TMIN1
Maharashtra,MAHARASHTRA,2022,9,267.3,30.6,22.32,30,1,VERIFIED,area-weighted state mean (LCC m2 weights),IMD RF25/TMAX1/TMIN1
Maharashtra,MAHARASHTRA,2022,10,134.6,31.09,20.02,31,1,VERIFIED,area-weighted state mean (LCC m2 weights),IMD RF25/TMAX1/TMIN1
Maharashtra,MAHARASHTRA,2022,11,0.3,30.98,15.46,30,1,VERIFIED,area-weighted state mean (LCC m2 weights),IMD RF25/TMAX1/TMIN1
Maharashtra,MAHARASHTRA,2022,12,1.2,30.72,16.06,31,1,VERIFIED,area-weighted state mean (LCC m2 weights),IMD RF25/TMAX1/TMIN1
Puducherry,PUDUCHERRY,2022,1,65.3,30.6,22.54,31,1,VERIFIED,area-weighted state mean (LCC m2 weights),IMD RF25/TMAX1/TMIN1
Puducherry,PUDUCHERRY,2022,2,31.4,31.66,22.29,28,1,VERIFIED,area-weighted state mean (LCC m2 weights),IMD RF25/TMAX1/TMIN1
Puducherry,PUDUCHERRY,2022,3,17.5,34.21,24.0,31,1,VERIFIED,area-weighted state mean (LCC m2 weights),IMD RF25/TMAX1/TMIN1
Puducherry,PUDUCHERRY,2022,4,28.2,35.33,26.19,30,1,VERIFIED,area-weighted state mean (LCC m2 weights),IMD RF25/TMAX1/TMIN1
Puducherry,PUDUCHERRY,2022,5,95.2,35.77,26.58,31,1,VERIFIED,area-weighted state mean (LCC m2 weights),IMD RF25/TMAX1/TMIN1
Puducherry,PUDUCHERRY,2022,6,59.1,36.15,26.18,30,1,VERIFIED,area-weighted state mean (LCC m2 weights),IMD RF25/TMAX1/TMIN1
Puducherry,PUDUCHERRY,2022,7,104.1,34.64,25.59,31,1,VERIFIED,area-weighted state mean (LCC m2 weights),IMD RF25/TMAX1/TMIN1
Puducherry,PUDUCHERRY,2022,8,127.7,34.21,25.22,31,1,VERIFIED,area-weighted state mean (LCC m2 weights),IMD RF25/TMAX1/TMIN1
Puducherry,PUDUCHERRY,2022,9,85.3,34.15,25.06,30,1,VERIFIED,area-weighted state mean (LCC m2 weights),IMD RF25/TMAX1/TMIN1
Puducherry,PUDUCHERRY,2022,10,191.7,32.21,24.21,31,1,VERIFIED,area-weighted state mean (LCC m2 weights),IMD RF25/TMAX1/TMIN1
Puducherry,PUDUCHERRY,2022,11,336.8,30.2,22.78,30,1,VERIFIED,area-weighted state mean (LCC m2 weights),IMD RF25/TMAX1/TMIN1
Puducherry,PUDUCHERRY,2022,12,138.2,29.9,22.64,31,1,VERIFIED,area-weighted state mean (LCC m2 weights),IMD RF25/TMAX1/TMIN1
Rajasthan,RAJASTHAN,2022,1,24.8,21.13,8.35,31,1,VERIFIED,area-weighted state mean (LCC m2 weights),IMD RF25/TMAX1/TMIN1
Rajasthan,RAJASTHAN,2022,2,1.2,27.52,11.21,28,1,VERIFIED,area-weighted state mean (LCC m2 weights),IMD RF25/TMAX1/TMIN1
Rajasthan,RAJASTHAN,2022,3,2.1,35.71,18.4,31,1,VERIFIED,area-weighted state mean (LCC m2 weights),IMD RF25/TMAX1/TMIN1
Rajasthan,RAJASTHAN,2022,4,0.2,41.23,23.72,30,1,VERIFIED,area-weighted state mean (LCC m2 weights),IMD RF25/TMAX1/TMIN1
Rajasthan,RAJASTHAN,2022,5,6.0,41.73,27.24,31,1,VERIFIED,area-weighted state mean (LCC m2 weights),IMD RF25/TMAX1/TMIN1
Rajasthan,RAJASTHAN,2022,6,54.8,39.79,27.19,30,1,VERIFIED,area-weighted state mean (LCC m2 weights),IMD RF25/TMAX1/TMIN1
Rajasthan,RAJASTHAN,2022,7,262.7,33.15,25.15,31,1,VERIFIED,area-weighted state mean (LCC m2 weights),IMD RF25/TMAX1/TMIN1
Rajasthan,RAJASTHAN,2022,8,211.3,32.02,24.42,31,1,VERIFIED,area-weighted state mean (LCC m2 weights),IMD RF25/TMAX1/TMIN1
Rajasthan,RAJASTHAN,2022,9,55.5,34.32,24.12,30,1,VERIFIED,area-weighted state mean (LCC m2 weights),IMD RF25/TMAX1/TMIN1
Rajasthan,RAJASTHAN,2022,10,33.2,33.68,19.2,31,1,VERIFIED,area-weighted state mean (LCC m2 weights),IMD RF25/TMAX1/TMIN1
Rajasthan,RAJASTHAN,2022,11,1.1,30.56,13.51,30,1,VERIFIED,area-weighted state mean (LCC m2 weights),IMD RF25/TMAX1/TMIN1
Rajasthan,RAJASTHAN,2022,12,0.0,25.94,9.26,31,1,VERIFIED,area-weighted state mean (LCC m2 weights),IMD RF25/TMAX1/TMIN1
Tamil Nadu,TAMIL NADU,2022,1,37.1,30.45,20.88,31,1,VERIFIED,area-weighted state mean (LCC m2 weights),IMD RF25/TMAX1/TMIN1
Tamil Nadu,TAMIL NADU,2022,2,9.1,31.86,21.0,28,1,VERIFIED,area-weighted state mean (LCC m2 weights),IMD RF25/TMAX1/TMIN1
Tamil Nadu,TAMIL NADU,2022,3,12.0,34.37,22.59,31,1,VERIFIED,area-weighted state mean (LCC m2 weights),IMD RF25/TMAX1/TMIN1
Tamil Nadu,TAMIL NADU,2022,4,64.6,35.09,24.47,30,1,VERIFIED,area-weighted state mean (LCC m2 weights),IMD RF25/TMAX1/TMIN1
Tamil Nadu,TAMIL NADU,2022,5,85.2,34.33,24.58,31,1,VERIFIED,area-weighted state mean (LCC m2 weights),IMD RF25/TMAX1/TMIN1
Tamil Nadu,TAMIL NADU,2022,6,74.8,34.25,24.27,30,1,VERIFIED,area-weighted state mean (LCC m2 weights),IMD RF25/TMAX1/TMIN1
Tamil Nadu,TAMIL NADU,2022,7,129.0,32.67,23.81,31,1,VERIFIED,area-weighted state mean (LCC m2 weights),IMD RF25/TMAX1/TMIN1
Tamil Nadu,TAMIL NADU,2022,8,165.9,32.36,23.5,31,1,VERIFIED,area-weighted state mean (LCC m2 weights),IMD RF25/TMAX1/TMIN1
Tamil Nadu,TAMIL NADU,2022,9,87.2,32.81,23.4,30,1,VERIFIED,area-weighted state mean (LCC m2 weights),IMD RF25/TMAX1/TMIN1
Tamil Nadu,TAMIL NADU,2022,10,167.4,31.37,22.65,31,1,VERIFIED,area-weighted state mean (LCC m2 weights),IMD RF25/TMAX1/TMIN1
Tamil Nadu,TAMIL NADU,2022,11,191.5,29.67,21.43,30,1,VERIFIED,area-weighted state mean (LCC m2 weights),IMD RF25/TMAX1/TMIN1
Tamil Nadu,TAMIL NADU,2022,12,107.6,29.41,20.99,31,1,VERIFIED,area-weighted state mean (LCC m2 weights),IMD RF25/TMAX1/TMIN1
Telangana,TELANGANA,2022,1,37.6,29.01,16.58,31,1,VERIFIED,area-weighted state mean (LCC m2 weights),IMD RF25/TMAX1/TMIN1
Telangana,TELANGANA,2022,2,0.0,32.09,17.84,28,1,VERIFIED,area-weighted state mean (LCC m2 weights),IMD RF25/TMAX1/TMIN1
Telangana,TELANGANA,2022,3,2.4,36.88,21.78,31,1,VERIFIED,area-weighted state mean (LCC m2 weights),IMD RF25/TMAX1/TMIN1
Telangana,TELANGANA,2022,4,5.8,39.19,25.49,30,1,VERIFIED,area-weighted state mean (LCC m2 weights),IMD RF25/TMAX1/TMIN1
Telangana,TELANGANA,2022,5,38.8,38.97,26.41,31,1,VERIFIED,area-weighted state mean (LCC m2 weights),IMD RF25/TMAX1/TMIN1
Telangana,TELANGANA,2022,6,151.0,36.25,25.25,30,1,VERIFIED,area-weighted state mean (LCC m2 weights),IMD RF25/TMAX1/TMIN1
Telangana,TELANGANA,2022,7,555.9,29.88,22.97,31,1,VERIFIED,area-weighted state mean (LCC m2 weights),IMD RF25/TMAX1/TMIN1
Telangana,TELANGANA,2022,8,197.0,31.12,23.36,31,1,VERIFIED,area-weighted state mean (LCC m2 weights),IMD RF25/TMAX1/TMIN1
Telangana,TELANGANA,2022,9,220.5,31.0,23.01,30,1,VERIFIED,area-weighted state mean (LCC m2 weights),IMD RF25/TMAX1/TMIN1
Telangana,TELANGANA,2022,10,113.4,30.7,21.03,31,1,VERIFIED,area-weighted state mean (LCC m2 weights),IMD RF25/TMAX1/TMIN1
Telangana,TELANGANA,2022,11,1.7,30.35,17.47,30,1,VERIFIED,area-weighted state mean (LCC m2 weights),IMD RF25/TMAX1/TMIN1
Telangana,TELANGANA,2022,12,7.6,30.56,17.9,31,1,VERIFIED,area-weighted state mean (LCC m2 weights),IMD RF25/TMAX1/TMIN1
Tripura,TRIPURA,2022,1,12.5,22.64,10.07,31,1,VERIFIED,area-weighted state mean (LCC m2 weights),IMD RF25/TMAX1/TMIN1
Tripura,TRIPURA,2022,2,27.8,23.44,10.43,28,1,VERIFIED,area-weighted state mean (LCC m2 weights),IMD RF25/TMAX1/TMIN1
Tripura,TRIPURA,2022,3,31.5,30.72,16.94,31,1,VERIFIED,area-weighted state mean (LCC m2 weights),IMD RF25/TMAX1/TMIN1
Tripura,TRIPURA,2022,4,117.0,29.82,20.86,30,1,VERIFIED,area-weighted state mean (LCC m2 weights),IMD RF25/TMAX1/TMIN1
Tripura,TRIPURA,2022,5,417.1,29.86,21.56,31,1,VERIFIED,area-weighted state mean (LCC m2 weights),IMD RF25/TMAX1/TMIN1
Tripura,TRIPURA,2022,6,402.1,30.11,23.27,30,1,VERIFIED,area-weighted state mean (LCC m2 weights),IMD RF25/TMAX1/TMIN1
Tripura,TRIPURA,2022,7,257.0,32.35,24.12,31,1,VERIFIED,area-weighted state mean (LCC m2 weights),IMD RF25/TMAX1/TMIN1
Tripura,TRIPURA,2022,8,288.0,32.45,24.16,31,1,VERIFIED,area-weighted state mean (LCC m2 weights),IMD RF25/TMAX1/TMIN1
Tripura,TRIPURA,2022,9,228.0,31.34,23.49,30,1,VERIFIED,area-weighted state mean (LCC m2 weights),IMD RF25/TMAX1/TMIN1
Tripura,TRIPURA,2022,10,219.4,30.08,20.94,31,1,VERIFIED,area-weighted state mean (LCC m2 weights),IMD RF25/TMAX1/TMIN1
Tripura,TRIPURA,2022,11,0.2,28.54,15.43,30,1,VERIFIED,area-weighted state mean (LCC m2 weights),IMD RF25/TMAX1/TMIN1
Tripura,TRIPURA,2022,12,5.5,25.22,12.06,31,1,VERIFIED,area-weighted state mean (LCC m2 weights),IMD RF25/TMAX1/TMIN1
Uttarakhand,UTTARAKHAND,2022,1,100.2,14.52,6.15,31,1,VERIFIED,area-weighted state mean (LCC m2 weights),IMD RF25/TMAX1/TMIN1
Uttarakhand,UTTARAKHAND,2022,2,54.5,18.36,6.66,28,1,VERIFIED,area-weighted state mean (LCC m2 weights),IMD RF25/TMAX1/TMIN1
Uttarakhand,UTTARAKHAND,2022,3,3.4,28.22,14.09,31,1,VERIFIED,area-weighted state mean (LCC m2 weights),IMD RF25/TMAX1/TMIN1
Uttarakhand,UTTARAKHAND,2022,4,10.5,34.15,18.3,30,1,VERIFIED,area-weighted state mean (LCC m2 weights),IMD RF25/TMAX1/TMIN1
Uttarakhand,UTTARAKHAND,2022,5,99.2,32.62,20.71,31,1,VERIFIED,area-weighted state mean (LCC m2 weights),IMD RF25/TMAX1/TMIN1
Uttarakhand,UTTARAKHAND,2022,6,144.1,33.53,22.54,30,1,VERIFIED,area-weighted state mean (LCC m2 weights),IMD RF25/TMAX1/TMIN1
Uttarakhand,UTTARAKHAND,2022,7,430.5,29.71,22.55,31,1,VERIFIED,area-weighted state mean (LCC m2 weights),IMD RF25/TMAX1/TMIN1
Uttarakhand,UTTARAKHAND,2022,8,326.7,29.83,22.51,31,1,VERIFIED,area-weighted state mean (LCC m2 weights),IMD RF25/TMAX1/TMIN1
Uttarakhand,UTTARAKHAND,2022,9,296.3,28.37,20.9,30,1,VERIFIED,area-weighted state mean (LCC m2 weights),IMD RF25/TMAX1/TMIN1
Uttarakhand,UTTARAKHAND,2022,10,123.7,26.16,16.1,31,1,VERIFIED,area-weighted state mean (LCC m2 weights),IMD RF25/TMAX1/TMIN1
Uttarakhand,UTTARAKHAND,2022,11,2.9,23.47,11.08,30,1,VERIFIED,area-weighted state mean (LCC m2 weights),IMD RF25/TMAX1/TMIN1
Uttarakhand,UTTARAKHAND,2022,12,0.2,19.33,7.17,31,1,VERIFIED,area-weighted state mean (LCC m2 weights),IMD RF25/TMAX1/TMIN1
Dadra & Nagar Haveli and Daman & Diu,DADRA & NAGAR HAVELI & DAMAN & DIU,2023,1,0.0,28.77,14.43,31,1,VERIFIED,area-weighted state mean (LCC m2 weights),IMD RF25/TMAX1/TMIN1
Dadra & Nagar Haveli and Daman & Diu,DADRA & NAGAR HAVELI & DAMAN & DIU,2023,2,0.0,33.21,16.0,28,1,VERIFIED,area-weighted state mean (LCC m2 weights),IMD RF25/TMAX1/TMIN1
Dadra & Nagar Haveli and Daman & Diu,DADRA & NAGAR HAVELI & DAMAN & DIU,2023,3,8.8,33.54,20.03,31,1,VERIFIED,area-weighted state mean (LCC m2 weights),IMD RF25/TMAX1/TMIN1
Dadra & Nagar Haveli and Daman & Diu,DADRA & NAGAR HAVELI & DAMAN & DIU,2023,4,1.1,35.29,22.62,30,1,VERIFIED,area-weighted state mean (LCC m2 weights),IMD RF25/TMAX1/TMIN1
Dadra & Nagar Haveli and Daman & Diu,DADRA & NAGAR HAVELI & DAMAN & DIU,2023,5,10.6,36.47,25.42,31,1,VERIFIED,area-weighted state mean (LCC m2 weights),IMD RF25/TMAX1/TMIN1
Dadra & Nagar Haveli and Daman & Diu,DADRA & NAGAR HAVELI & DAMAN & DIU,2023,6,399.1,34.71,26.34,30,1,VERIFIED,area-weighted state mean (LCC m2 weights),IMD RF25/TMAX1/TMIN1
Dadra & Nagar Haveli and Daman & Diu,DADRA & NAGAR HAVELI & DAMAN & DIU,2023,7,1515.9,30.42,24.61,31,1,VERIFIED,area-weighted state mean (LCC m2 weights),IMD RF25/TMAX1/TMIN1
Dadra & Nagar Haveli and Daman & Diu,DADRA & NAGAR HAVELI & DAMAN & DIU,2023,8,177.7,31.12,24.48,31,1,VERIFIED,area-weighted state mean (LCC m2 weights),IMD RF25/TMAX1/TMIN1
Dadra & Nagar Haveli and Daman & Diu,DADRA & NAGAR HAVELI & DAMAN & DIU,2023,9,359.7,31.77,24.1,30,1,VERIFIED,area-weighted state mean (LCC m2 weights),IMD RF25/TMAX1/TMIN1
Dadra & Nagar Haveli and Daman & Diu,DADRA & NAGAR HAVELI & DAMAN & DIU,2023,10,10.4,34.76,22.62,31,1,VERIFIED,area-weighted state mean (LCC m2 weights),IMD RF25/TMAX1/TMIN1
Dadra & Nagar Haveli and Daman & Diu,DADRA & NAGAR HAVELI & DAMAN & DIU,2023,11,30.4,33.11,19.96,30,1,VERIFIED,area-weighted state mean (LCC m2 weights),IMD RF25/TMAX1/TMIN1
Dadra & Nagar Haveli and Daman & Diu,DADRA & NAGAR HAVELI & DAMAN & DIU,2023,12,0.1,30.77,18.37,31,1,VERIFIED,area-weighted state mean (LCC m2 weights),IMD RF25/TMAX1/TMIN1
Jammu & Kashmir,JAMMU AND KASHMIR,2023,1,143.6,11.0,1.08,31,1,VERIFIED,area-weighted state mean (LCC m2 weights),IMD RF25/TMAX1/TMIN1
Jammu & Kashmir,JAMMU AND KASHMIR,2023,2,40.8,17.47,4.37,28,1,VERIFIED,area-weighted state mean (LCC m2 weights),IMD RF25/TMAX1/TMIN1
Jammu & Kashmir,JAMMU AND KASHMIR,2023,3,72.1,19.82,7.84,31,1,VERIFIED,area-weighted state mean (LCC m2 weights),IMD RF25/TMAX1/TMIN1
Jammu & Kashmir,JAMMU AND KASHMIR,2023,4,144.7,23.55,10.21,30,1,VERIFIED,area-weighted state mean (LCC m2 weights),IMD RF25/TMAX1/TMIN1
Jammu & Kashmir,JAMMU AND KASHMIR,2023,5,121.3,25.98,12.83,31,1,VERIFIED,area-weighted state mean (LCC m2 weights),IMD RF25/TMAX1/TMIN1
Jammu & Kashmir,JAMMU AND KASHMIR,2023,6,87.5,30.07,17.83,30,1,VERIFIED,area-weighted state mean (LCC m2 weights),IMD RF25/TMAX1/TMIN1
Jammu & Kashmir,JAMMU AND KASHMIR,2023,7,237.2,28.86,19.91,31,1,VERIFIED,area-weighted state mean (LCC m2 weights),IMD RF25/TMAX1/TMIN1
Jammu & Kashmir,JAMMU AND KASHMIR,2023,8,86.4,30.57,20.24,31,1,VERIFIED,area-weighted state mean (LCC m2 weights),IMD RF25/TMAX1/TMIN1
Jammu & Kashmir,JAMMU AND KASHMIR,2023,9,57.6,29.99,17.6,30,1,VERIFIED,area-weighted state mean (LCC m2 weights),IMD RF25/TMAX1/TMIN1
Jammu & Kashmir,JAMMU AND KASHMIR,2023,10,70.8,24.91,10.81,31,1,VERIFIED,area-weighted state mean (LCC m2 weights),IMD RF25/TMAX1/TMIN1
Jammu & Kashmir,JAMMU AND KASHMIR,2023,11,31.5,19.92,6.57,30,1,VERIFIED,area-weighted state mean (LCC m2 weights),IMD RF25/TMAX1/TMIN1
Jammu & Kashmir,JAMMU AND KASHMIR,2023,12,11.9,15.3,2.73,31,1,VERIFIED,area-weighted state mean (LCC m2 weights),IMD RF25/TMAX1/TMIN1
Ladakh,LADAKH,2023,1,33.2,9.54,-0.61,31,1,VERIFIED,area-weighted state mean (LCC m2 weights),IMD RF25/TMAX1/TMIN1
Ladakh,LADAKH,2023,2,19.5,15.42,2.42,28,1,VERIFIED,area-weighted state mean (LCC m2 weights),IMD RF25/TMAX1/TMIN1
Ladakh,LADAKH,2023,3,10.1,18.1,5.94,31,1,VERIFIED,area-weighted state mean (LCC m2 weights),IMD RF25/TMAX1/TMIN1
Ladakh,LADAKH,2023,4,41.3,21.31,8.12,30,1,VERIFIED,area-weighted state mean (LCC m2 weights),IMD RF25/TMAX1/TMIN1
Ladakh,LADAKH,2023,5,24.3,23.57,10.61,31,1,VERIFIED,area-weighted state mean (LCC m2 weights),IMD RF25/TMAX1/TMIN1
Ladakh,LADAKH,2023,6,19.6,28.06,15.88,30,1,VERIFIED,area-weighted state mean (LCC m2 weights),IMD RF25/TMAX1/TMIN1
Ladakh,LADAKH,2023,7,63.9,27.52,18.35,31,1,VERIFIED,area-weighted state mean (LCC m2 weights),IMD RF25/TMAX1/TMIN1
Ladakh,LADAKH,2023,8,4.5,29.37,18.72,31,1,VERIFIED,area-weighted state mean (LCC m2 weights),IMD RF25/TMAX1/TMIN1
Ladakh,LADAKH,2023,9,12.3,28.55,15.75,30,1,VERIFIED,area-weighted state mean (LCC m2 weights),IMD RF25/TMAX1/TMIN1
Ladakh,LADAKH,2023,10,10.5,23.01,8.71,31,1,VERIFIED,area-weighted state mean (LCC m2 weights),IMD RF25/TMAX1/TMIN1
Ladakh,LADAKH,2023,11,5.6,18.14,4.46,30,1,VERIFIED,area-weighted state mean (LCC m2 weights),IMD RF25/TMAX1/TMIN1
Ladakh,LADAKH,2023,12,2.5,13.87,0.95,31,1,VERIFIED,area-weighted state mean (LCC m2 weights),IMD RF25/TMAX1/TMIN1
Himachal Pradesh,HIMACHAL PRADESH,2023,1,76.9,14.5,3.99,31,1,VERIFIED,area-weighted state mean (LCC m2 weights),IMD RF25/TMAX1/TMIN1
Himachal Pradesh,HIMACHAL PRADESH,2023,2,29.0,20.91,7.06,28,1,VERIFIED,area-weighted state mean (LCC m2 weights),IMD RF25/TMAX1/TMIN1
Himachal Pradesh,HIMACHAL PRADESH,2023,3,58.5,22.63,10.27,31,1,VERIFIED,area-weighted state mean (LCC m2 weights),IMD RF25/TMAX1/TMIN1
Himachal Pradesh,HIMACHAL PRADESH,2023,4,101.5,26.79,12.78,30,1,VERIFIED,area-weighted state mean (LCC m2 weights),IMD RF25/TMAX1/TMIN1
Himachal Pradesh,HIMACHAL PRADESH,2023,5,108.8,28.6,15.15,31,1,VERIFIED,area-weighted state mean (LCC m2 weights),IMD RF25/TMAX1/TMIN1
Himachal Pradesh,HIMACHAL PRADESH,2023,6,107.9,31.06,19.65,30,1,VERIFIED,area-weighted state mean (LCC m2 weights),IMD RF25/TMAX1/TMIN1
Himachal Pradesh,HIMACHAL PRADESH,2023,7,444.8,28.84,21.11,31,1,VERIFIED,area-weighted state mean (LCC m2 weights),IMD RF25/TMAX1/TMIN1
Himachal Pradesh,HIMACHAL PRADESH,2023,8,223.6,30.04,21.55,31,1,VERIFIED,area-weighted state mean (LCC m2 weights),IMD RF25/TMAX1/TMIN1
Himachal Pradesh,HIMACHAL PRADESH,2023,9,66.6,30.04,19.74,30,1,VERIFIED,area-weighted state mean (LCC m2 weights),IMD RF25/TMAX1/TMIN1
Himachal Pradesh,HIMACHAL PRADESH,2023,10,27.0,26.83,13.37,31,1,VERIFIED,area-weighted state mean (LCC m2 weights),IMD RF25/TMAX1/TMIN1
Himachal Pradesh,HIMACHAL PRADESH,2023,11,10.1,22.4,9.32,30,1,VERIFIED,area-weighted state mean (LCC m2 weights),IMD RF25/TMAX1/TMIN1
Himachal Pradesh,HIMACHAL PRADESH,2023,12,5.0,18.14,5.34,31,1,VERIFIED,area-weighted state mean (LCC m2 weights),IMD RF25/TMAX1/TMIN1
Arunachal Pradesh,ARUNACHAL PRADESH,2023,1,10.1,24.94,10.4,31,1,VERIFIED,area-weighted state mean (LCC m2 weights),IMD RF25/TMAX1/TMIN1
Arunachal Pradesh,ARUNACHAL PRADESH,2023,2,105.8,25.92,13.53,28,1,VERIFIED,area-weighted state mean (LCC m2 weights),IMD RF25/TMAX1/TMIN1
Arunachal Pradesh,ARUNACHAL PRADESH,2023,3,129.0,27.97,16.06,31,1,VERIFIED,area-weighted state mean (LCC m2 weights),IMD RF25/TMAX1/TMIN1
Arunachal Pradesh,ARUNACHAL PRADESH,2023,4,122.8,30.14,18.98,30,1,VERIFIED,area-weighted state mean (LCC m2 weights),IMD RF25/TMAX1/TMIN1
Arunachal Pradesh,ARUNACHAL PRADESH,2023,5,214.4,31.33,21.0,31,1,VERIFIED,area-weighted state mean (LCC m2 weights),IMD RF25/TMAX1/TMIN1
Arunachal Pradesh,ARUNACHAL PRADESH,2023,6,390.3,32.53,23.96,30,1,VERIFIED,area-weighted state mean (LCC m2 weights),IMD RF25/TMAX1/TMIN1
Arunachal Pradesh,ARUNACHAL PRADESH,2023,7,452.6,32.6,24.81,31,1,VERIFIED,area-weighted state mean (LCC m2 weights),IMD RF25/TMAX1/TMIN1
Arunachal Pradesh,ARUNACHAL PRADESH,2023,8,382.8,32.5,24.96,31,1,VERIFIED,area-weighted state mean (LCC m2 weights),IMD RF25/TMAX1/TMIN1
Arunachal Pradesh,ARUNACHAL PRADESH,2023,9,125.7,34.29,25.02,30,1,VERIFIED,area-weighted state mean (LCC m2 weights),IMD RF25/TMAX1/TMIN1
Arunachal Pradesh,ARUNACHAL PRADESH,2023,10,156.0,31.52,21.3,31,1,VERIFIED,area-weighted state mean (LCC m2 weights),IMD RF25/TMAX1/TMIN1
Arunachal Pradesh,ARUNACHAL PRADESH,2023,11,15.9,29.7,15.65,30,1,VERIFIED,area-weighted state mean (LCC m2 weights),IMD RF25/TMAX1/TMIN1
Arunachal Pradesh,ARUNACHAL PRADESH,2023,12,18.8,26.24,12.74,31,1,VERIFIED,area-weighted state mean (LCC m2 weights),IMD RF25/TMAX1/TMIN1
Assam,ASSAM,2023,1,0.8,24.01,10.06,31,1,VERIFIED,area-weighted state mean (LCC m2 weights),IMD RF25/TMAX1/TMIN1
Assam,ASSAM,2023,2,30.0,25.74,13.11,28,1,VERIFIED,area-weighted state mean (LCC m2 weights),IMD RF25/TMAX1/TMIN1
Assam,ASSAM,2023,3,93.2,27.8,15.72,31,1,VERIFIED,area-weighted state mean (LCC m2 weights),IMD RF25/TMAX1/TMIN1
Assam,ASSAM,2023,4,120.1,30.33,18.77,30,1,VERIFIED,area-weighted state mean (LCC m2 weights),IMD RF25/TMAX1/TMIN1
Assam,ASSAM,2023,5,166.5,31.2,20.78,31,1,VERIFIED,area-weighted state mean (LCC m2 weights),IMD RF25/TMAX1/TMIN1
Assam,ASSAM,2023,6,486.0,31.81,23.61,30,1,VERIFIED,area-weighted state mean (LCC m2 weights),IMD RF25/TMAX1/TMIN1
Assam,ASSAM,2023,7,317.9,32.1,24.5,31,1,VERIFIED,area-weighted state mean (LCC m2 weights),IMD RF25/TMAX1/TMIN1
Assam,ASSAM,2023,8,351.4,31.76,24.52,31,1,VERIFIED,area-weighted state mean (LCC m2 weights),IMD RF25/TMAX1/TMIN1
Assam,ASSAM,2023,9,171.5,33.28,24.42,30,1,VERIFIED,area-weighted state mean (LCC m2 weights),IMD RF25/TMAX1/TMIN1
Assam,ASSAM,2023,10,118.7,30.67,20.81,31,1,VERIFIED,area-weighted state mean (LCC m2 weights),IMD RF25/TMAX1/TMIN1
Assam,ASSAM,2023,11,17.5,28.9,15.69,30,1,VERIFIED,area-weighted state mean (LCC m2 weights),IMD RF25/TMAX1/TMIN1
Assam,ASSAM,2023,12,18.5,25.4,12.6,31,1,VERIFIED,area-weighted state mean (LCC m2 weights),IMD RF25/TMAX1/TMIN1
Manipur,MANIPUR,2023,1,0.0,24.17,9.72,31,1,VERIFIED,area-weighted state mean (LCC m2 weights),IMD RF25/TMAX1/TMIN1
Manipur,MANIPUR,2023,2,0.4,26.16,12.99,28,1,VERIFIED,area-weighted state mean (LCC m2 weights),IMD RF25/TMAX1/TMIN1
Manipur,MANIPUR,2023,3,35.2,28.24,15.77,31,1,VERIFIED,area-weighted state mean (LCC m2 weights),IMD RF25/TMAX1/TMIN1
Manipur,MANIPUR,2023,4,54.2,30.92,18.92,30,1,VERIFIED,area-weighted state mean (LCC m2 weights),IMD RF25/TMAX1/TMIN1
Manipur,MANIPUR,2023,5,79.9,31.1,20.54,31,1,VERIFIED,area-weighted state mean (LCC m2 weights),IMD RF25/TMAX1/TMIN1
Manipur,MANIPUR,2023,6,180.8,31.54,23.05,30,1,VERIFIED,area-weighted state mean (LCC m2 weights),IMD RF25/TMAX1/TMIN1
Manipur,MANIPUR,2023,7,140.1,31.88,23.88,31,1,VERIFIED,area-weighted state mean (LCC m2 weights),IMD RF25/TMAX1/TMIN1
Manipur,MANIPUR,2023,8,197.2,31.29,23.78,31,1,VERIFIED,area-weighted state mean (LCC m2 weights),IMD RF25/TMAX1/TMIN1
Manipur,MANIPUR,2023,9,133.9,33.21,23.76,30,1,VERIFIED,area-weighted state mean (LCC m2 weights),IMD RF25/TMAX1/TMIN1
Manipur,MANIPUR,2023,10,40.0,30.64,20.56,31,1,VERIFIED,area-weighted state mean (LCC m2 weights),IMD RF25/TMAX1/TMIN1
Manipur,MANIPUR,2023,11,44.8,28.94,15.85,30,1,VERIFIED,area-weighted state mean (LCC m2 weights),IMD RF25/TMAX1/TMIN1
Manipur,MANIPUR,2023,12,35.6,25.53,12.64,31,1,VERIFIED,area-weighted state mean (LCC m2 weights),IMD RF25/TMAX1/TMIN1
Meghalaya,MEGHALAYA,2023,1,0.0,23.87,10.25,31,1,VERIFIED,area-weighted state mean (LCC m2 weights),IMD RF25/TMAX1/TMIN1
Meghalaya,MEGHALAYA,2023,2,9.3,26.1,13.39,28,1,VERIFIED,area-weighted state mean (LCC m2 weights),IMD RF25/TMAX1/TMIN1
Meghalaya,MEGHALAYA,2023,3,148.6,28.23,16.21,31,1,VERIFIED,area-weighted state mean (LCC m2 weights),IMD RF25/TMAX1/TMIN1
Meghalaya,MEGHALAYA,2023,4,124.2,30.98,19.22,30,1,VERIFIED,area-weighted state mean (LCC m2 weights),IMD RF25/TMAX1/TMIN1
Meghalaya,MEGHALAYA,2023,5,193.7,31.59,21.08,31,1,VERIFIED,area-weighted state mean (LCC m2 weights),IMD RF25/TMAX1/TMIN1
Meghalaya,MEGHALAYA,2023,6,944.6,31.56,23.69,30,1,VERIFIED,area-weighted state mean (LCC m2 weights),IMD RF25/TMAX1/TMIN1
Meghalaya,MEGHALAYA,2023,7,640.4,32.02,24.6,31,1,VERIFIED,area-weighted state mean (LCC m2 weights),IMD RF25/TMAX1/TMIN1
Meghalaya,MEGHALAYA,2023,8,591.5,31.52,24.55,31,1,VERIFIED,area-weighted state mean (LCC m2 weights),IMD RF25/TMAX1/TMIN1
Meghalaya,MEGHALAYA,2023,9,251.9,32.82,24.39,30,1,VERIFIED,area-weighted state mean (LCC m2 weights),IMD RF25/TMAX1/TMIN1
Meghalaya,MEGHALAYA,2023,10,254.6,30.4,20.91,31,1,VERIFIED,area-weighted state mean (LCC m2 weights),IMD RF25/TMAX1/TMIN1
Meghalaya,MEGHALAYA,2023,11,21.9,28.8,16.2,30,1,VERIFIED,area-weighted state mean (LCC m2 weights),IMD RF25/TMAX1/TMIN1
Meghalaya,MEGHALAYA,2023,12,31.5,25.33,13.03,31,1,VERIFIED,area-weighted state mean (LCC m2 weights),IMD RF25/TMAX1/TMIN1
Mizoram,MIZORAM,2023,1,0.0,23.68,9.94,31,1,VERIFIED,area-weighted state mean (LCC m2 weights),IMD RF25/TMAX1/TMIN1
Mizoram,MIZORAM,2023,2,0.0,26.41,13.01,28,1,VERIFIED,area-weighted state mean (LCC m2 weights),IMD RF25/TMAX1/TMIN1
Mizoram,MIZORAM,2023,3,57.4,28.25,15.85,31,1,VERIFIED,area-weighted state mean (LCC m2 weights),IMD RF25/TMAX1/TMIN1
Mizoram,MIZORAM,2023,4,103.0,31.22,19.27,30,1,VERIFIED,area-weighted state mean (LCC m2 weights),IMD RF25/TMAX1/TMIN1
Mizoram,MIZORAM,2023,5,121.5,31.45,21.21,31,1,VERIFIED,area-weighted state mean (LCC m2 weights),IMD RF25/TMAX1/TMIN1
Mizoram,MIZORAM,2023,6,286.3,31.39,23.51,30,1,VERIFIED,area-weighted state mean (LCC m2 weights),IMD RF25/TMAX1/TMIN1
Mizoram,MIZORAM,2023,7,275.2,31.66,24.13,31,1,VERIFIED,area-weighted state mean (LCC m2 weights),IMD RF25/TMAX1/TMIN1
Mizoram,MIZORAM,2023,8,377.5,31.07,23.88,31,1,VERIFIED,area-weighted state mean (LCC m2 weights),IMD RF25/TMAX1/TMIN1
Mizoram,MIZORAM,2023,9,257.4,32.22,23.67,30,1,VERIFIED,area-weighted state mean (LCC m2 weights),IMD RF25/TMAX1/TMIN1
Mizoram,MIZORAM,2023,10,95.4,30.09,20.82,31,1,VERIFIED,area-weighted state mean (LCC m2 weights),IMD RF25/TMAX1/TMIN1
Mizoram,MIZORAM,2023,11,72.4,28.31,16.41,30,1,VERIFIED,area-weighted state mean (LCC m2 weights),IMD RF25/TMAX1/TMIN1
Mizoram,MIZORAM,2023,12,57.5,24.77,12.89,31,1,VERIFIED,area-weighted state mean (LCC m2 weights),IMD RF25/TMAX1/TMIN1
Nagaland,NAGALAND,2023,1,0.3,24.68,9.86,31,1,VERIFIED,area-weighted state mean (LCC m2 weights),IMD RF25/TMAX1/TMIN1
Nagaland,NAGALAND,2023,2,13.3,26.24,13.29,28,1,VERIFIED,area-weighted state mean (LCC m2 weights),IMD RF25/TMAX1/TMIN1
Nagaland,NAGALAND,2023,3,69.8,28.15,15.92,31,1,VERIFIED,area-weighted state mean (LCC m2 weights),IMD RF25/TMAX1/TMIN1
Nagaland,NAGALAND,2023,4,82.7,30.63,19.03,30,1,VERIFIED,area-weighted state mean (LCC m2 weights),IMD RF25/TMAX1/TMIN1
Nagaland,NAGALAND,2023,5,143.4,31.49,20.98,31,1,VERIFIED,area-weighted state mean (LCC m2 weights),IMD RF25/TMAX1/TMIN1
Nagaland,NAGALAND,2023,6,322.6,32.43,23.72,30,1,VERIFIED,area-weighted state mean (LCC m2 weights),IMD RF25/TMAX1/TMIN1
Nagaland,NAGALAND,2023,7,369.6,32.67,24.58,31,1,VERIFIED,area-weighted state mean (LCC m2 weights),IMD RF25/TMAX1/TMIN1
Nagaland,NAGALAND,2023,8,394.3,32.28,24.59,31,1,VERIFIED,area-weighted state mean (LCC m2 weights),IMD RF25/TMAX1/TMIN1
Nagaland,NAGALAND,2023,9,210.9,34.01,24.46,30,1,VERIFIED,area-weighted state mean (LCC m2 weights),IMD RF25/TMAX1/TMIN1
Nagaland,NAGALAND,2023,10,102.0,31.35,21.0,31,1,VERIFIED,area-weighted state mean (LCC m2 weights),IMD RF25/TMAX1/TMIN1
Nagaland,NAGALAND,2023,11,35.1,29.54,15.7,30,1,VERIFIED,area-weighted state mean (LCC m2 weights),IMD RF25/TMAX1/TMIN1
Nagaland,NAGALAND,2023,12,37.2,26.0,12.53,31,1,VERIFIED,area-weighted state mean (LCC m2 weights),IMD RF25/TMAX1/TMIN1
Sikkim,SIKKIM,2023,1,1.3,20.39,9.11,31,1,VERIFIED,area-weighted state mean (LCC m2 weights),IMD RF25/TMAX1/TMIN1
Sikkim,SIKKIM,2023,2,107.0,24.03,12.44,28,1,VERIFIED,area-weighted state mean (LCC m2 weights),IMD RF25/TMAX1/TMIN1
Sikkim,SIKKIM,2023,3,231.5,26.93,15.7,31,1,VERIFIED,area-weighted state mean (LCC m2 weights),IMD RF25/TMAX1/TMIN1
Sikkim,SIKKIM,2023,4,257.2,30.06,18.26,30,1,VERIFIED,area-weighted state mean (LCC m2 weights),IMD RF25/TMAX1/TMIN1
Sikkim,SIKKIM,2023,5,308.2,30.24,20.05,31,1,VERIFIED,area-weighted state mean (LCC m2 weights),IMD RF25/TMAX1/TMIN1
Sikkim,SIKKIM,2023,6,516.6,31.23,23.1,30,1,VERIFIED,area-weighted state mean (LCC m2 weights),IMD RF25/TMAX1/TMIN1
Sikkim,SIKKIM,2023,7,544.4,30.28,24.02,31,1,VERIFIED,area-weighted state mean (LCC m2 weights),IMD RF25/TMAX1/TMIN1
Sikkim,SIKKIM,2023,8,550.1,29.73,23.92,31,1,VERIFIED,area-weighted state mean (LCC m2 weights),IMD RF25/TMAX1/TMIN1
Sikkim,SIKKIM,2023,9,252.2,30.33,23.61,30,1,VERIFIED,area-weighted state mean (LCC m2 weights),IMD RF25/TMAX1/TMIN1
Sikkim,SIKKIM,2023,10,273.4,28.49,19.82,31,1,VERIFIED,area-weighted state mean (LCC m2 weights),IMD RF25/TMAX1/TMIN1
Sikkim,SIKKIM,2023,11,20.6,27.05,15.5,30,1,VERIFIED,area-weighted state mean (LCC m2 weights),IMD RF25/TMAX1/TMIN1
Sikkim,SIKKIM,2023,12,10.0,22.99,12.07,31,1,VERIFIED,area-weighted state mean (LCC m2 weights),IMD RF25/TMAX1/TMIN1
Lakshadweep,LAKSHADWEEP,2023,1,,,,31,0,INSUFFICIENT_COVERAGE,area-weighted state mean (LCC m2 weights),IMD RF25/TMAX1/TMIN1
Lakshadweep,LAKSHADWEEP,2023,2,,,,28,0,INSUFFICIENT_COVERAGE,area-weighted state mean (LCC m2 weights),IMD RF25/TMAX1/TMIN1
Lakshadweep,LAKSHADWEEP,2023,3,,,,31,0,INSUFFICIENT_COVERAGE,area-weighted state mean (LCC m2 weights),IMD RF25/TMAX1/TMIN1
Lakshadweep,LAKSHADWEEP,2023,4,,,,30,0,INSUFFICIENT_COVERAGE,area-weighted state mean (LCC m2 weights),IMD RF25/TMAX1/TMIN1
Lakshadweep,LAKSHADWEEP,2023,5,,,,31,0,INSUFFICIENT_COVERAGE,area-weighted state mean (LCC m2 weights),IMD RF25/TMAX1/TMIN1
Lakshadweep,LAKSHADWEEP,2023,6,,,,30,0,INSUFFICIENT_COVERAGE,area-weighted state mean (LCC m2 weights),IMD RF25/TMAX1/TMIN1
Lakshadweep,LAKSHADWEEP,2023,7,,,,31,0,INSUFFICIENT_COVERAGE,area-weighted state mean (LCC m2 weights),IMD RF25/TMAX1/TMIN1
Lakshadweep,LAKSHADWEEP,2023,8,,,,31,0,INSUFFICIENT_COVERAGE,area-weighted state mean (LCC m2 weights),IMD RF25/TMAX1/TMIN1
Lakshadweep,LAKSHADWEEP,2023,9,,,,30,0,INSUFFICIENT_COVERAGE,area-weighted state mean (LCC m2 weights),IMD RF25/TMAX1/TMIN1
Lakshadweep,LAKSHADWEEP,2023,10,,,,31,0,INSUFFICIENT_COVERAGE,area-weighted state mean (LCC m2 weights),IMD RF25/TMAX1/TMIN1
Lakshadweep,LAKSHADWEEP,2023,11,,,,30,0,INSUFFICIENT_COVERAGE,area-weighted state mean (LCC m2 weights),IMD RF25/TMAX1/TMIN1
Lakshadweep,LAKSHADWEEP,2023,12,,,,31,0,INSUFFICIENT_COVERAGE,area-weighted state mean (LCC m2 weights),IMD RF25/TMAX1/TMIN1
Andaman & Nicobar Islands,ANDAMAN & NICOBAR,2023,1,,,,31,0,INSUFFICIENT_COVERAGE,area-weighted state mean (LCC m2 weights),IMD RF25/TMAX1/TMIN1
Andaman & Nicobar Islands,ANDAMAN & NICOBAR,2023,2,,,,28,0,INSUFFICIENT_COVERAGE,area-weighted state mean (LCC m2 weights),IMD RF25/TMAX1/TMIN1
Andaman & Nicobar Islands,ANDAMAN & NICOBAR,2023,3,,,,31,0,INSUFFICIENT_COVERAGE,area-weighted state mean (LCC m2 weights),IMD RF25/TMAX1/TMIN1
Andaman & Nicobar Islands,ANDAMAN & NICOBAR,2023,4,,,,30,0,INSUFFICIENT_COVERAGE,area-weighted state mean (LCC m2 weights),IMD RF25/TMAX1/TMIN1
Andaman & Nicobar Islands,ANDAMAN & NICOBAR,2023,5,,,,31,0,INSUFFICIENT_COVERAGE,area-weighted state mean (LCC m2 weights),IMD RF25/TMAX1/TMIN1
Andaman & Nicobar Islands,ANDAMAN & NICOBAR,2023,6,,,,30,0,INSUFFICIENT_COVERAGE,area-weighted state mean (LCC m2 weights),IMD RF25/TMAX1/TMIN1
Andaman & Nicobar Islands,ANDAMAN & NICOBAR,2023,7,,,,31,0,INSUFFICIENT_COVERAGE,area-weighted state mean (LCC m2 weights),IMD RF25/TMAX1/TMIN1
Andaman & Nicobar Islands,ANDAMAN & NICOBAR,2023,8,,,,31,0,INSUFFICIENT_COVERAGE,area-weighted state mean (LCC m2 weights),IMD RF25/TMAX1/TMIN1
Andaman & Nicobar Islands,ANDAMAN & NICOBAR,2023,9,,,,30,0,INSUFFICIENT_COVERAGE,area-weighted state mean (LCC m2 weights),IMD RF25/TMAX1/TMIN1
Andaman & Nicobar Islands,ANDAMAN & NICOBAR,2023,10,,,,31,0,INSUFFICIENT_COVERAGE,area-weighted state mean (LCC m2 weights),IMD RF25/TMAX1/TMIN1
Andaman & Nicobar Islands,ANDAMAN & NICOBAR,2023,11,,,,30,0,INSUFFICIENT_COVERAGE,area-weighted state mean (LCC m2 weights),IMD RF25/TMAX1/TMIN1
Andaman & Nicobar Islands,ANDAMAN & NICOBAR,2023,12,,,,31,0,INSUFFICIENT_COVERAGE,area-weighted state mean (LCC m2 weights),IMD RF25/TMAX1/TMIN1
West Bengal,WEST BENGAL,2023,1,0.0,24.6,12.63,31,1,VERIFIED,area-weighted state mean (LCC m2 weights),IMD RF25/TMAX1/TMIN1
West Bengal,WEST BENGAL,2023,2,2.6,29.12,15.78,28,1,VERIFIED,area-weighted state mean (LCC m2 weights),IMD RF25/TMAX1/TMIN1
West Bengal,WEST BENGAL,2023,3,65.5,31.51,19.39,31,1,VERIFIED,area-weighted state mean (LCC m2 weights),IMD RF25/TMAX1/TMIN1
West Bengal,WEST BENGAL,2023,4,48.5,35.41,22.85,30,1,VERIFIED,area-weighted state mean (LCC m2 weights),IMD RF25/TMAX1/TMIN1
West Bengal,WEST BENGAL,2023,5,111.7,35.65,24.5,31,1,VERIFIED,area-weighted state mean (LCC m2 weights),IMD RF25/TMAX1/TMIN1
West Bengal,WEST BENGAL,2023,6,300.6,35.72,26.73,30,1,VERIFIED,area-weighted state mean (LCC m2 weights),IMD RF25/TMAX1/TMIN1
West Bengal,WEST BENGAL,2023,7,288.9,33.25,26.64,31,1,VERIFIED,area-weighted state mean (LCC m2 weights),IMD RF25/TMAX1/TMIN1
West Bengal,WEST BENGAL,2023,8,353.6,32.3,26.16,31,1,VERIFIED,area-weighted state mean (LCC m2 weights),IMD RF25/TMAX1/TMIN1
West Bengal,WEST BENGAL,2023,9,261.8,32.56,26.05,30,1,VERIFIED,area-weighted state mean (LCC m2 weights),IMD RF25/TMAX1/TMIN1
West Bengal,WEST BENGAL,2023,10,152.9,31.73,23.47,31,1,VERIFIED,area-weighted state mean (LCC m2 weights),IMD RF25/TMAX1/TMIN1
West Bengal,WEST BENGAL,2023,11,3.5,29.73,19.07,30,1,VERIFIED,area-weighted state mean (LCC m2 weights),IMD RF25/TMAX1/TMIN1
West Bengal,WEST BENGAL,2023,12,38.2,25.41,14.94,31,1,VERIFIED,area-weighted state mean (LCC m2 weights),IMD RF25/TMAX1/TMIN1
Kerala,KERALA,2023,1,13.0,29.69,18.24,31,1,VERIFIED,area-weighted state mean (LCC m2 weights),IMD RF25/TMAX1/TMIN1
Kerala,KERALA,2023,2,3.9,31.05,18.8,28,1,VERIFIED,area-weighted state mean (LCC m2 weights),IMD RF25/TMAX1/TMIN1
Kerala,KERALA,2023,3,46.7,32.48,20.82,31,1,VERIFIED,area-weighted state mean (LCC m2 weights),IMD RF25/TMAX1/TMIN1
Kerala,KERALA,2023,4,100.2,33.38,22.55,30,1,VERIFIED,area-weighted state mean (LCC m2 weights),IMD RF25/TMAX1/TMIN1
Kerala,KERALA,2023,5,152.6,32.52,22.78,31,1,VERIFIED,area-weighted state mean (LCC m2 weights),IMD RF25/TMAX1/TMIN1
Kerala,KERALA,2023,6,222.7,31.01,22.35,30,1,VERIFIED,area-weighted state mean (LCC m2 weights),IMD RF25/TMAX1/TMIN1
Kerala,KERALA,2023,7,586.8,28.99,21.58,31,1,VERIFIED,area-weighted state mean (LCC m2 weights),IMD RF25/TMAX1/TMIN1
Kerala,KERALA,2023,8,67.1,30.88,22.06,31,1,VERIFIED,area-weighted state mean (LCC m2 weights),IMD RF25/TMAX1/TMIN1
Kerala,KERALA,2023,9,401.5,29.53,21.72,30,1,VERIFIED,area-weighted state mean (LCC m2 weights),IMD RF25/TMAX1/TMIN1
Kerala,KERALA,2023,10,299.6,30.33,21.71,31,1,VERIFIED,area-weighted state mean (LCC m2 weights),IMD RF25/TMAX1/TMIN1
Kerala,KERALA,2023,11,267.3,29.65,21.6,30,1,VERIFIED,area-weighted state mean (LCC m2 weights),IMD RF25/TMAX1/TMIN1
Kerala,KERALA,2023,12,107.0,29.61,21.25,31,1,VERIFIED,area-weighted state mean (LCC m2 weights),IMD RF25/TMAX1/TMIN1
Chhattisgarh,CHHATTISGARH,2023,1,0.2,27.88,13.25,31,1,VERIFIED,area-weighted state mean (LCC m2 weights),IMD RF25/TMAX1/TMIN1
Chhattisgarh,CHHATTISGARH,2023,2,0.0,31.8,14.09,28,1,VERIFIED,area-weighted state mean (LCC m2 weights),IMD RF25/TMAX1/TMIN1
Chhattisgarh,CHHATTISGARH,2023,3,39.4,33.09,18.54,31,1,VERIFIED,area-weighted state mean (LCC m2 weights),IMD RF25/TMAX1/TMIN1
Chhattisgarh,CHHATTISGARH,2023,4,43.6,36.48,21.79,30,1,VERIFIED,area-weighted state mean (LCC m2 weights),IMD RF25/TMAX1/TMIN1
Chhattisgarh,CHHATTISGARH,2023,5,41.3,38.39,23.95,31,1,VERIFIED,area-weighted state mean (LCC m2 weights),IMD RF25/TMAX1/TMIN1
Chhattisgarh,CHHATTISGARH,2023,6,167.4,38.32,26.34,30,1,VERIFIED,area-weighted state mean (LCC m2 weights),IMD RF25/TMAX1/TMIN1
Chhattisgarh,CHHATTISGARH,2023,7,321.7,32.02,24.67,31,1,VERIFIED,area-weighted state mean (LCC m2 weights),IMD RF25/TMAX1/TMIN1
Chhattisgarh,CHHATTISGARH,2023,8,245.0,31.14,24.11,31,1,VERIFIED,area-weighted state mean (LCC m2 weights),IMD RF25/TMAX1/TMIN1
Chhattisgarh,CHHATTISGARH,2023,9,324.1,31.47,24.07,30,1,VERIFIED,area-weighted state mean (LCC m2 weights),IMD RF25/TMAX1/TMIN1
Chhattisgarh,CHHATTISGARH,2023,10,37.5,32.39,20.47,31,1,VERIFIED,area-weighted state mean (LCC m2 weights),IMD RF25/TMAX1/TMIN1
Chhattisgarh,CHHATTISGARH,2023,11,5.0,30.32,17.17,30,1,VERIFIED,area-weighted state mean (LCC m2 weights),IMD RF25/TMAX1/TMIN1
Chhattisgarh,CHHATTISGARH,2023,12,31.5,26.56,13.97,31,1,VERIFIED,area-weighted state mean (LCC m2 weights),IMD RF25/TMAX1/TMIN1
Odisha,ODISHA,2023,1,0.2,28.82,15.08,31,1,VERIFIED,area-weighted state mean (LCC m2 weights),IMD RF25/TMAX1/TMIN1
Odisha,ODISHA,2023,2,0.1,32.34,16.5,28,1,VERIFIED,area-weighted state mean (LCC m2 weights),IMD RF25/TMAX1/TMIN1
Odisha,ODISHA,2023,3,59.4,33.71,20.07,31,1,VERIFIED,area-weighted state mean (LCC m2 weights),IMD RF25/TMAX1/TMIN1
Odisha,ODISHA,2023,4,65.1,37.0,23.38,30,1,VERIFIED,area-weighted state mean (LCC m2 weights),IMD RF25/TMAX1/TMIN1
Odisha,ODISHA,2023,5,58.3,37.82,24.97,31,1,VERIFIED,area-weighted state mean (LCC m2 weights),IMD RF25/TMAX1/TMIN1
Odisha,ODISHA,2023,6,158.5,37.41,26.55,30,1,VERIFIED,area-weighted state mean (LCC m2 weights),IMD RF25/TMAX1/TMIN1
Odisha,ODISHA,2023,7,315.0,32.45,25.21,31,1,VERIFIED,area-weighted state mean (LCC m2 weights),IMD RF25/TMAX1/TMIN1
Odisha,ODISHA,2023,8,295.5,31.99,24.71,31,1,VERIFIED,area-weighted state mean (LCC m2 weights),IMD RF25/TMAX1/TMIN1
Odisha,ODISHA,2023,9,332.2,31.94,24.59,30,1,VERIFIED,area-weighted state mean (LCC m2 weights),IMD RF25/TMAX1/TMIN1
Odisha,ODISHA,2023,10,81.9,32.67,22.35,31,1,VERIFIED,area-weighted state mean (LCC m2 weights),IMD RF25/TMAX1/TMIN1
Odisha,ODISHA,2023,11,12.2,30.46,19.12,30,1,VERIFIED,area-weighted state mean (LCC m2 weights),IMD RF25/TMAX1/TMIN1
Odisha,ODISHA,2023,12,30.8,26.87,15.51,31,1,VERIFIED,area-weighted state mean (LCC m2 weights),IMD RF25/TMAX1/TMIN1
Chandigarh,CHANDIGARH,2023,1,29.3,17.49,5.91,31,1,VERIFIED,area-weighted state mean (LCC m2 weights),IMD RF25/TMAX1/TMIN1
Chandigarh,CHANDIGARH,2023,2,0.0,24.98,9.6,28,1,VERIFIED,area-weighted state mean (LCC m2 weights),IMD RF25/TMAX1/TMIN1
Chandigarh,CHANDIGARH,2023,3,79.3,26.61,13.48,31,1,VERIFIED,area-weighted state mean (LCC m2 weights),IMD RF25/TMAX1/TMIN1
Chandigarh,CHANDIGARH,2023,4,43.2,32.03,16.45,30,1,VERIFIED,area-weighted state mean (LCC m2 weights),IMD RF25/TMAX1/TMIN1
Chandigarh,CHANDIGARH,2023,5,90.3,33.68,19.2,31,1,VERIFIED,area-weighted state mean (LCC m2 weights),IMD RF25/TMAX1/TMIN1
Chandigarh,CHANDIGARH,2023,6,111.4,34.9,23.35,30,1,VERIFIED,area-weighted state mean (LCC m2 weights),IMD RF25/TMAX1/TMIN1
Chandigarh,CHANDIGARH,2023,7,810.3,31.81,24.4,31,1,VERIFIED,area-weighted state mean (LCC m2 weights),IMD RF25/TMAX1/TMIN1
Chandigarh,CHANDIGARH,2023,8,260.8,32.81,24.81,31,1,VERIFIED,area-weighted state mean (LCC m2 weights),IMD RF25/TMAX1/TMIN1
Chandigarh,CHANDIGARH,2023,9,73.0,33.14,23.36,30,1,VERIFIED,area-weighted state mean (LCC m2 weights),IMD RF25/TMAX1/TMIN1
Chandigarh,CHANDIGARH,2023,10,20.7,30.72,16.69,31,1,VERIFIED,area-weighted state mean (LCC m2 weights),IMD RF25/TMAX1/TMIN1
Chandigarh,CHANDIGARH,2023,11,18.0,25.81,12.02,30,1,VERIFIED,area-weighted state mean (LCC m2 weights),IMD RF25/TMAX1/TMIN1
Chandigarh,CHANDIGARH,2023,12,26.8,21.2,7.4,31,1,VERIFIED,area-weighted state mean (LCC m2 weights),IMD RF25/TMAX1/TMIN1
Delhi,DELHI,2023,1,14.1,18.85,6.9,31,1,VERIFIED,area-weighted state mean (LCC m2 weights),IMD RF25/TMAX1/TMIN1
Delhi,DELHI,2023,2,0.0,27.7,11.24,28,1,VERIFIED,area-weighted state mean (LCC m2 weights),IMD RF25/TMAX1/TMIN1
Delhi,DELHI,2023,3,53.3,30.21,15.63,31,1,VERIFIED,area-weighted state mean (LCC m2 weights),IMD RF25/TMAX1/TMIN1
Delhi,DELHI,2023,4,7.6,35.59,19.3,30,1,VERIFIED,area-weighted state mean (LCC m2 weights),IMD RF25/TMAX1/TMIN1
Delhi,DELHI,2023,5,81.0,37.22,22.34,31,1,VERIFIED,area-weighted state mean (LCC m2 weights),IMD RF25/TMAX1/TMIN1
Delhi,DELHI,2023,6,112.5,37.75,26.2,30,1,VERIFIED,area-weighted state mean (LCC m2 weights),IMD RF25/TMAX1/TMIN1
Delhi,DELHI,2023,7,277.8,34.36,26.65,31,1,VERIFIED,area-weighted state mean (LCC m2 weights),IMD RF25/TMAX1/TMIN1
Delhi,DELHI,2023,8,88.8,34.96,26.51,31,1,VERIFIED,area-weighted state mean (LCC m2 weights),IMD RF25/TMAX1/TMIN1
Delhi,DELHI,2023,9,96.0,35.2,25.42,30,1,VERIFIED,area-weighted state mean (LCC m2 weights),IMD RF25/TMAX1/TMIN1
Delhi,DELHI,2023,10,6.2,33.66,19.0,31,1,VERIFIED,area-weighted state mean (LCC m2 weights),IMD RF25/TMAX1/TMIN1
Delhi,DELHI,2023,11,9.0,28.06,13.79,30,1,VERIFIED,area-weighted state mean (LCC m2 weights),IMD RF25/TMAX1/TMIN1
Delhi,DELHI,2023,12,0.1,23.09,8.76,31,1,VERIFIED,area-weighted state mean (LCC m2 weights),IMD RF25/TMAX1/TMIN1
Gujarat,GUJARAT,2023,1,1.9,26.7,12.23,31,1,VERIFIED,area-weighted state mean (LCC m2 weights),IMD RF25/TMAX1/TMIN1
Gujarat,GUJARAT,2023,2,0.0,32.88,15.46,28,1,VERIFIED,area-weighted state mean (LCC m2 weights),IMD RF25/TMAX1/TMIN1
Gujarat,GUJARAT,2023,3,12.7,33.93,20.13,31,1,VERIFIED,area-weighted state mean (LCC m2 weights),IMD RF25/TMAX1/TMIN1
Gujarat,GUJARAT,2023,4,5.5,36.03,23.02,30,1,VERIFIED,area-weighted state mean (LCC m2 weights),IMD RF25/TMAX1/TMIN1
Gujarat,GUJARAT,2023,5,16.8,37.54,25.66,31,1,VERIFIED,area-weighted state mean (LCC m2 weights),IMD RF25/TMAX1/TMIN1
Gujarat,GUJARAT,2023,6,206.6,34.87,26.49,30,1,VERIFIED,area-weighted state mean (LCC m2 weights),IMD RF25/TMAX1/TMIN1
Gujarat,GUJARAT,2023,7,417.6,31.8,25.65,31,1,VERIFIED,area-weighted state mean (LCC m2 weights),IMD RF25/TMAX1/TMIN1
Gujarat,GUJARAT,2023,8,23.8,31.39,25.11,31,1,VERIFIED,area-weighted state mean (LCC m2 weights),IMD RF25/TMAX1/TMIN1
Gujarat,GUJARAT,2023,9,187.6,33.06,24.94,30,1,VERIFIED,area-weighted state mean (LCC m2 weights),IMD RF25/TMAX1/TMIN1
Gujarat,GUJARAT,2023,10,2.2,34.95,22.72,31,1,VERIFIED,area-weighted state mean (LCC m2 weights),IMD RF25/TMAX1/TMIN1
Gujarat,GUJARAT,2023,11,24.2,32.41,19.17,30,1,VERIFIED,area-weighted state mean (LCC m2 weights),IMD RF25/TMAX1/TMIN1
Gujarat,GUJARAT,2023,12,1.0,29.16,16.19,31,1,VERIFIED,area-weighted state mean (LCC m2 weights),IMD RF25/TMAX1/TMIN1
Haryana,HARYANA,2023,1,12.9,18.54,6.2,31,1,VERIFIED,area-weighted state mean (LCC m2 weights),IMD RF25/TMAX1/TMIN1
Haryana,HARYANA,2023,2,0.0,27.05,10.78,28,1,VERIFIED,area-weighted state mean (LCC m2 weights),IMD RF25/TMAX1/TMIN1
Haryana,HARYANA,2023,3,46.9,28.96,15.08,31,1,VERIFIED,area-weighted state mean (LCC m2 weights),IMD RF25/TMAX1/TMIN1
Haryana,HARYANA,2023,4,15.9,34.44,18.5,30,1,VERIFIED,area-weighted state mean (LCC m2 weights),IMD RF25/TMAX1/TMIN1
Haryana,HARYANA,2023,5,60.1,36.23,21.46,31,1,VERIFIED,area-weighted state mean (LCC m2 weights),IMD RF25/TMAX1/TMIN1
Haryana,HARYANA,2023,6,91.3,36.87,25.35,30,1,VERIFIED,area-weighted state mean (LCC m2 weights),IMD RF25/TMAX1/TMIN1
Haryana,HARYANA,2023,7,263.9,33.72,26.1,31,1,VERIFIED,area-weighted state mean (LCC m2 weights),IMD RF25/TMAX1/TMIN1
Haryana,HARYANA,2023,8,62.8,34.67,26.12,31,1,VERIFIED,area-weighted state mean (LCC m2 weights),IMD RF25/TMAX1/TMIN1
Haryana,HARYANA,2023,9,40.3,34.94,24.79,30,1,VERIFIED,area-weighted state mean (LCC m2 weights),IMD RF25/TMAX1/TMIN1
Haryana,HARYANA,2023,10,10.4,32.9,18.27,31,1,VERIFIED,area-weighted state mean (LCC m2 weights),IMD RF25/TMAX1/TMIN1
Haryana,HARYANA,2023,11,4.8,27.31,13.2,30,1,VERIFIED,area-weighted state mean (LCC m2 weights),IMD RF25/TMAX1/TMIN1
Haryana,HARYANA,2023,12,2.0,22.65,8.18,31,1,VERIFIED,area-weighted state mean (LCC m2 weights),IMD RF25/TMAX1/TMIN1
Punjab,PUNJAB,2023,1,20.7,17.53,5.6,31,1,VERIFIED,area-weighted state mean (LCC m2 weights),IMD RF25/TMAX1/TMIN1
Punjab,PUNJAB,2023,2,0.1,25.14,9.49,28,1,VERIFIED,area-weighted state mean (LCC m2 weights),IMD RF25/TMAX1/TMIN1
Punjab,PUNJAB,2023,3,59.2,26.79,13.4,31,1,VERIFIED,area-weighted state mean (LCC m2 weights),IMD RF25/TMAX1/TMIN1
Punjab,PUNJAB,2023,4,31.3,32.52,16.49,30,1,VERIFIED,area-weighted state mean (LCC m2 weights),IMD RF25/TMAX1/TMIN1
Punjab,PUNJAB,2023,5,58.3,34.81,19.58,31,1,VERIFIED,area-weighted state mean (LCC m2 weights),IMD RF25/TMAX1/TMIN1
Punjab,PUNJAB,2023,6,80.5,36.72,24.19,30,1,VERIFIED,area-weighted state mean (LCC m2 weights),IMD RF25/TMAX1/TMIN1
Punjab,PUNJAB,2023,7,291.7,33.33,25.26,31,1,VERIFIED,area-weighted state mean (LCC m2 weights),IMD RF25/TMAX1/TMIN1
Punjab,PUNJAB,2023,8,91.2,34.37,25.56,31,1,VERIFIED,area-weighted state mean (LCC m2 weights),IMD RF25/TMAX1/TMIN1
Punjab,PUNJAB,2023,9,73.1,34.65,23.87,30,1,VERIFIED,area-weighted state mean (LCC m2 weights),IMD RF25/TMAX1/TMIN1
Punjab,PUNJAB,2023,10,25.0,31.67,16.94,31,1,VERIFIED,area-weighted state mean (LCC m2 weights),IMD RF25/TMAX1/TMIN1
Punjab,PUNJAB,2023,11,12.6,26.3,11.91,30,1,VERIFIED,area-weighted state mean (LCC m2 weights),IMD RF25/TMAX1/TMIN1
Punjab,PUNJAB,2023,12,4.2,21.56,6.99,31,1,VERIFIED,area-weighted state mean (LCC m2 weights),IMD RF25/TMAX1/TMIN1
Uttar Pradesh,UTTAR PRADESH,2023,1,7.4,19.81,8.11,31,1,VERIFIED,area-weighted state mean (LCC m2 weights),IMD RF25/TMAX1/TMIN1
Uttar Pradesh,UTTAR PRADESH,2023,2,0.0,27.86,11.86,28,1,VERIFIED,area-weighted state mean (LCC m2 weights),IMD RF25/TMAX1/TMIN1
Uttar Pradesh,UTTAR PRADESH,2023,3,25.2,30.78,16.41,31,1,VERIFIED,area-weighted state mean (LCC m2 weights),IMD RF25/TMAX1/TMIN1
Uttar Pradesh,UTTAR PRADESH,2023,4,12.3,35.75,20.02,30,1,VERIFIED,area-weighted state mean (LCC m2 weights),IMD RF25/TMAX1/TMIN1
Uttar Pradesh,UTTAR PRADESH,2023,5,37.5,37.16,22.63,31,1,VERIFIED,area-weighted state mean (LCC m2 weights),IMD RF25/TMAX1/TMIN1
Uttar Pradesh,UTTAR PRADESH,2023,6,79.0,37.97,26.5,30,1,VERIFIED,area-weighted state mean (LCC m2 weights),IMD RF25/TMAX1/TMIN1
Uttar Pradesh,UTTAR PRADESH,2023,7,227.6,33.99,26.27,31,1,VERIFIED,area-weighted state mean (LCC m2 weights),IMD RF25/TMAX1/TMIN1
Uttar Pradesh,UTTAR PRADESH,2023,8,215.8,33.06,25.65,31,1,VERIFIED,area-weighted state mean (LCC m2 weights),IMD RF25/TMAX1/TMIN1
Uttar Pradesh,UTTAR PRADESH,2023,9,127.7,33.45,25.13,30,1,VERIFIED,area-weighted state mean (LCC m2 weights),IMD RF25/TMAX1/TMIN1
Uttar Pradesh,UTTAR PRADESH,2023,10,30.1,32.77,19.56,31,1,VERIFIED,area-weighted state mean (LCC m2 weights),IMD RF25/TMAX1/TMIN1
Uttar Pradesh,UTTAR PRADESH,2023,11,3.0,28.66,14.65,30,1,VERIFIED,area-weighted state mean (LCC m2 weights),IMD RF25/TMAX1/TMIN1
Uttar Pradesh,UTTAR PRADESH,2023,12,6.1,23.54,10.56,31,1,VERIFIED,area-weighted state mean (LCC m2 weights),IMD RF25/TMAX1/TMIN1
Karnataka,KARNATAKA,2023,1,0.7,30.26,15.55,31,1,VERIFIED,area-weighted state mean (LCC m2 weights),IMD RF25/TMAX1/TMIN1
Karnataka,KARNATAKA,2023,2,0.0,32.99,16.55,28,1,VERIFIED,area-weighted state mean (LCC m2 weights),IMD RF25/TMAX1/TMIN1
Karnataka,KARNATAKA,2023,3,11.0,33.99,18.7,31,1,VERIFIED,area-weighted state mean (LCC m2 weights),IMD RF25/TMAX1/TMIN1
Karnataka,KARNATAKA,2023,4,32.8,35.77,21.74,30,1,VERIFIED,area-weighted state mean (LCC m2 weights),IMD RF25/TMAX1/TMIN1
Karnataka,KARNATAKA,2023,5,89.2,35.2,22.77,31,1,VERIFIED,area-weighted state mean (LCC m2 weights),IMD RF25/TMAX1/TMIN1
Karnataka,KARNATAKA,2023,6,80.6,33.09,22.64,30,1,VERIFIED,area-weighted state mean (LCC m2 weights),IMD RF25/TMAX1/TMIN1
Karnataka,KARNATAKA,2023,7,339.4,28.46,21.31,31,1,VERIFIED,area-weighted state mean (LCC m2 weights),IMD RF25/TMAX1/TMIN1
Karnataka,KARNATAKA,2023,8,51.7,30.51,21.54,31,1,VERIFIED,area-weighted state mean (LCC m2 weights),IMD RF25/TMAX1/TMIN1
Karnataka,KARNATAKA,2023,9,150.7,29.84,21.27,30,1,VERIFIED,area-weighted state mean (LCC m2 weights),IMD RF25/TMAX1/TMIN1
Karnataka,KARNATAKA,2023,10,47.1,31.72,20.66,31,1,VERIFIED,area-weighted state mean (LCC m2 weights),IMD RF25/TMAX1/TMIN1
Karnataka,KARNATAKA,2023,11,59.1,30.52,20.17,30,1,VERIFIED,area-weighted state mean (LCC m2 weights),IMD RF25/TMAX1/TMIN1
Karnataka,KARNATAKA,2023,12,6.8,29.67,18.12,31,1,VERIFIED,area-weighted state mean (LCC m2 weights),IMD RF25/TMAX1/TMIN1
Andhra Pradesh,ANDHRA PRADESH,2023,1,1.0,30.2,17.65,31,1,VERIFIED,area-weighted state mean (LCC m2 weights),IMD RF25/TMAX1/TMIN1
Andhra Pradesh,ANDHRA PRADESH,2023,2,0.0,33.12,18.62,28,1,VERIFIED,area-weighted state mean (LCC m2 weights),IMD RF25/TMAX1/TMIN1
Andhra Pradesh,ANDHRA PRADESH,2023,3,53.2,34.18,21.2,31,1,VERIFIED,area-weighted state mean (LCC m2 weights),IMD RF25/TMAX1/TMIN1
Andhra Pradesh,ANDHRA PRADESH,2023,4,26.2,36.96,24.4,30,1,VERIFIED,area-weighted state mean (LCC m2 weights),IMD RF25/TMAX1/TMIN1
Andhra Pradesh,ANDHRA PRADESH,2023,5,89.6,37.37,25.97,31,1,VERIFIED,area-weighted state mean (LCC m2 weights),IMD RF25/TMAX1/TMIN1
Andhra Pradesh,ANDHRA PRADESH,2023,6,65.4,37.52,26.59,30,1,VERIFIED,area-weighted state mean (LCC m2 weights),IMD RF25/TMAX1/TMIN1
Andhra Pradesh,ANDHRA PRADESH,2023,7,166.9,32.19,24.67,31,1,VERIFIED,area-weighted state mean (LCC m2 weights),IMD RF25/TMAX1/TMIN1
Andhra Pradesh,ANDHRA PRADESH,2023,8,76.1,34.05,25.07,31,1,VERIFIED,area-weighted state mean (LCC m2 weights),IMD RF25/TMAX1/TMIN1
Andhra Pradesh,ANDHRA PRADESH,2023,9,179.2,32.62,24.47,30,1,VERIFIED,area-weighted state mean (LCC m2 weights),IMD RF25/TMAX1/TMIN1
Andhra Pradesh,ANDHRA PRADESH,2023,10,17.4,33.68,23.39,31,1,VERIFIED,area-weighted state mean (LCC m2 weights),IMD RF25/TMAX1/TMIN1
Andhra Pradesh,ANDHRA PRADESH,2023,11,74.3,31.16,22.37,30,1,VERIFIED,area-weighted state mean (LCC m2 weights),IMD RF25/TMAX1/TMIN1
Andhra Pradesh,ANDHRA PRADESH,2023,12,140.1,29.06,19.61,31,1,VERIFIED,area-weighted state mean (LCC m2 weights),IMD RF25/TMAX1/TMIN1
Bihar,BIHAR,2023,1,0.1,21.76,9.98,31,1,VERIFIED,area-weighted state mean (LCC m2 weights),IMD RF25/TMAX1/TMIN1
Bihar,BIHAR,2023,2,0.0,27.94,13.11,28,1,VERIFIED,area-weighted state mean (LCC m2 weights),IMD RF25/TMAX1/TMIN1
Bihar,BIHAR,2023,3,21.0,31.43,17.57,31,1,VERIFIED,area-weighted state mean (LCC m2 weights),IMD RF25/TMAX1/TMIN1
Bihar,BIHAR,2023,4,14.0,36.25,21.12,30,1,VERIFIED,area-weighted state mean (LCC m2 weights),IMD RF25/TMAX1/TMIN1
Bihar,BIHAR,2023,5,42.7,36.91,23.32,31,1,VERIFIED,area-weighted state mean (LCC m2 weights),IMD RF25/TMAX1/TMIN1
Bihar,BIHAR,2023,6,95.6,38.18,26.71,30,1,VERIFIED,area-weighted state mean (LCC m2 weights),IMD RF25/TMAX1/TMIN1
Bihar,BIHAR,2023,7,191.0,34.26,26.55,31,1,VERIFIED,area-weighted state mean (LCC m2 weights),IMD RF25/TMAX1/TMIN1
Bihar,BIHAR,2023,8,323.0,32.71,25.89,31,1,VERIFIED,area-weighted state mean (LCC m2 weights),IMD RF25/TMAX1/TMIN1
Bihar,BIHAR,2023,9,204.3,33.3,25.83,30,1,VERIFIED,area-weighted state mean (LCC m2 weights),IMD RF25/TMAX1/TMIN1
Bihar,BIHAR,2023,10,93.4,31.96,21.87,31,1,VERIFIED,area-weighted state mean (LCC m2 weights),IMD RF25/TMAX1/TMIN1
Bihar,BIHAR,2023,11,0.0,29.9,17.19,30,1,VERIFIED,area-weighted state mean (LCC m2 weights),IMD RF25/TMAX1/TMIN1
Bihar,BIHAR,2023,12,7.8,24.83,13.12,31,1,VERIFIED,area-weighted state mean (LCC m2 weights),IMD RF25/TMAX1/TMIN1
Goa,GOA,2023,1,0.0,31.46,17.76,31,1,VERIFIED,area-weighted state mean (LCC m2 weights),IMD RF25/TMAX1/TMIN1
Goa,GOA,2023,2,0.0,33.52,18.52,28,1,VERIFIED,area-weighted state mean (LCC m2 weights),IMD RF25/TMAX1/TMIN1
Goa,GOA,2023,3,0.6,33.38,19.99,31,1,VERIFIED,area-weighted state mean (LCC m2 weights),IMD RF25/TMAX1/TMIN1
Goa,GOA,2023,4,2.2,34.38,22.87,30,1,VERIFIED,area-weighted state mean (LCC m2 weights),IMD RF25/TMAX1/TMIN1
Goa,GOA,2023,5,27.8,34.62,24.47,31,1,VERIFIED,area-weighted state mean (LCC m2 weights),IMD RF25/TMAX1/TMIN1
Goa,GOA,2023,6,530.3,32.53,24.12,30,1,VERIFIED,area-weighted state mean (LCC m2 weights),IMD RF25/TMAX1/TMIN1
Goa,GOA,2023,7,2054.0,27.89,22.75,31,1,VERIFIED,area-weighted state mean (LCC m2 weights),IMD RF25/TMAX1/TMIN1
Goa,GOA,2023,8,334.1,30.1,22.8,31,1,VERIFIED,area-weighted state mean (LCC m2 weights),IMD RF25/TMAX1/TMIN1
Goa,GOA,2023,9,506.7,29.94,22.71,30,1,VERIFIED,area-weighted state mean (LCC m2 weights),IMD RF25/TMAX1/TMIN1
Goa,GOA,2023,10,153.5,32.51,22.39,31,1,VERIFIED,area-weighted state mean (LCC m2 weights),IMD RF25/TMAX1/TMIN1
Goa,GOA,2023,11,67.0,32.68,21.92,30,1,VERIFIED,area-weighted state mean (LCC m2 weights),IMD RF25/TMAX1/TMIN1
Goa,GOA,2023,12,0.0,32.32,19.94,31,1,VERIFIED,area-weighted state mean (LCC m2 weights),IMD RF25/TMAX1/TMIN1
Jharkhand,JHARKHAND,2023,1,0.0,24.94,11.35,31,1,VERIFIED,area-weighted state mean (LCC m2 weights),IMD RF25/TMAX1/TMIN1
Jharkhand,JHARKHAND,2023,2,0.0,30.08,13.71,28,1,VERIFIED,area-weighted state mean (LCC m2 weights),IMD RF25/TMAX1/TMIN1
Jharkhand,JHARKHAND,2023,3,37.2,32.52,18.09,31,1,VERIFIED,area-weighted state mean (LCC m2 weights),IMD RF25/TMAX1/TMIN1
Jharkhand,JHARKHAND,2023,4,28.5,36.99,21.87,30,1,VERIFIED,area-weighted state mean (LCC m2 weights),IMD RF25/TMAX1/TMIN1
Jharkhand,JHARKHAND,2023,5,47.7,38.07,23.91,31,1,VERIFIED,area-weighted state mean (LCC m2 weights),IMD RF25/TMAX1/TMIN1
Jharkhand,JHARKHAND,2023,6,112.8,38.15,26.52,30,1,VERIFIED,area-weighted state mean (LCC m2 weights),IMD RF25/TMAX1/TMIN1
Jharkhand,JHARKHAND,2023,7,184.2,33.49,25.73,31,1,VERIFIED,area-weighted state mean (LCC m2 weights),IMD RF25/TMAX1/TMIN1
Jharkhand,JHARKHAND,2023,8,251.2,31.79,24.9,31,1,VERIFIED,area-weighted state mean (LCC m2 weights),IMD RF25/TMAX1/TMIN1
Jharkhand,JHARKHAND,2023,9,265.4,32.32,24.83,30,1,VERIFIED,area-weighted state mean (LCC m2 weights),IMD RF25/TMAX1/TMIN1
Jharkhand,JHARKHAND,2023,10,140.3,31.76,21.43,31,1,VERIFIED,area-weighted state mean (LCC m2 weights),IMD RF25/TMAX1/TMIN1
Jharkhand,JHARKHAND,2023,11,3.2,29.79,17.08,30,1,VERIFIED,area-weighted state mean (LCC m2 weights),IMD RF25/TMAX1/TMIN1
Jharkhand,JHARKHAND,2023,12,40.0,25.32,13.31,31,1,VERIFIED,area-weighted state mean (LCC m2 weights),IMD RF25/TMAX1/TMIN1
Madhya Pradesh,MADHYA PRADESH,2023,1,5.3,24.43,9.55,31,1,VERIFIED,area-weighted state mean (LCC m2 weights),IMD RF25/TMAX1/TMIN1
Madhya Pradesh,MADHYA PRADESH,2023,2,0.0,30.84,11.92,28,1,VERIFIED,area-weighted state mean (LCC m2 weights),IMD RF25/TMAX1/TMIN1
Madhya Pradesh,MADHYA PRADESH,2023,3,22.6,32.6,16.71,31,1,VERIFIED,area-weighted state mean (LCC m2 weights),IMD RF25/TMAX1/TMIN1
Madhya Pradesh,MADHYA PRADESH,2023,4,22.9,36.62,20.46,30,1,VERIFIED,area-weighted state mean (LCC m2 weights),IMD RF25/TMAX1/TMIN1
Madhya Pradesh,MADHYA PRADESH,2023,5,32.5,38.88,23.31,31,1,VERIFIED,area-weighted state mean (LCC m2 weights),IMD RF25/TMAX1/TMIN1
Madhya Pradesh,MADHYA PRADESH,2023,6,149.8,37.64,25.69,30,1,VERIFIED,area-weighted state mean (LCC m2 weights),IMD RF25/TMAX1/TMIN1
Madhya Pradesh,MADHYA PRADESH,2023,7,305.2,32.24,24.53,31,1,VERIFIED,area-weighted state mean (LCC m2 weights),IMD RF25/TMAX1/TMIN1
Madhya Pradesh,MADHYA PRADESH,2023,8,210.7,30.72,23.45,31,1,VERIFIED,area-weighted state mean (LCC m2 weights),IMD RF25/TMAX1/TMIN1
Madhya Pradesh,MADHYA PRADESH,2023,9,279.6,31.74,23.31,30,1,VERIFIED,area-weighted state mean (LCC m2 weights),IMD RF25/TMAX1/TMIN1
Madhya Pradesh,MADHYA PRADESH,2023,10,9.6,33.41,18.77,31,1,VERIFIED,area-weighted state mean (LCC m2 weights),IMD RF25/TMAX1/TMIN1
Madhya Pradesh,MADHYA PRADESH,2023,11,19.1,29.93,14.64,30,1,VERIFIED,area-weighted state mean (LCC m2 weights),IMD RF25/TMAX1/TMIN1
Madhya Pradesh,MADHYA PRADESH,2023,12,18.1,25.65,11.86,31,1,VERIFIED,area-weighted state mean (LCC m2 weights),IMD RF25/TMAX1/TMIN1
Maharashtra,MAHARASHTRA,2023,1,0.2,29.69,14.16,31,1,VERIFIED,area-weighted state mean (LCC m2 weights),IMD RF25/TMAX1/TMIN1
Maharashtra,MAHARASHTRA,2023,2,0.0,33.57,14.71,28,1,VERIFIED,area-weighted state mean (LCC m2 weights),IMD RF25/TMAX1/TMIN1
Maharashtra,MAHARASHTRA,2023,3,10.1,34.09,18.37,31,1,VERIFIED,area-weighted state mean (LCC m2 weights),IMD RF25/TMAX1/TMIN1
Maharashtra,MAHARASHTRA,2023,4,32.7,36.79,21.57,30,1,VERIFIED,area-weighted state mean (LCC m2 weights),IMD RF25/TMAX1/TMIN1
Maharashtra,MAHARASHTRA,2023,5,26.2,38.17,24.02,31,1,VERIFIED,area-weighted state mean (LCC m2 weights),IMD RF25/TMAX1/TMIN1
Maharashtra,MAHARASHTRA,2023,6,107.4,36.24,24.9,30,1,VERIFIED,area-weighted state mean (LCC m2 weights),IMD RF25/TMAX1/TMIN1
Maharashtra,MAHARASHTRA,2023,7,475.2,29.87,22.99,31,1,VERIFIED,area-weighted state mean (LCC m2 weights),IMD RF25/TMAX1/TMIN1
Maharashtra,MAHARASHTRA,2023,8,115.0,30.5,22.54,31,1,VERIFIED,area-weighted state mean (LCC m2 weights),IMD RF25/TMAX1/TMIN1
Maharashtra,MAHARASHTRA,2023,9,245.7,30.68,22.38,30,1,VERIFIED,area-weighted state mean (LCC m2 weights),IMD RF25/TMAX1/TMIN1
Maharashtra,MAHARASHTRA,2023,10,18.7,33.42,20.05,31,1,VERIFIED,area-weighted state mean (LCC m2 weights),IMD RF25/TMAX1/TMIN1
Maharashtra,MAHARASHTRA,2023,11,33.8,31.47,18.1,30,1,VERIFIED,area-weighted state mean (LCC m2 weights),IMD RF25/TMAX1/TMIN1
Maharashtra,MAHARASHTRA,2023,12,6.4,29.27,15.82,31,1,VERIFIED,area-weighted state mean (LCC m2 weights),IMD RF25/TMAX1/TMIN1
Puducherry,PUDUCHERRY,2023,1,6.6,30.25,20.81,31,1,VERIFIED,area-weighted state mean (LCC m2 weights),IMD RF25/TMAX1/TMIN1
Puducherry,PUDUCHERRY,2023,2,37.7,31.79,20.83,28,1,VERIFIED,area-weighted state mean (LCC m2 weights),IMD RF25/TMAX1/TMIN1
Puducherry,PUDUCHERRY,2023,3,20.8,33.6,23.72,31,1,VERIFIED,area-weighted state mean (LCC m2 weights),IMD RF25/TMAX1/TMIN1
Puducherry,PUDUCHERRY,2023,4,24.7,35.66,25.65,30,1,VERIFIED,area-weighted state mean (LCC m2 weights),IMD RF25/TMAX1/TMIN1
Puducherry,PUDUCHERRY,2023,5,65.7,36.27,26.5,31,1,VERIFIED,area-weighted state mean (LCC m2 weights),IMD RF25/TMAX1/TMIN1
Puducherry,PUDUCHERRY,2023,6,76.7,37.21,26.79,30,1,VERIFIED,area-weighted state mean (LCC m2 weights),IMD RF25/TMAX1/TMIN1
Puducherry,PUDUCHERRY,2023,7,124.4,35.49,26.14,31,1,VERIFIED,area-weighted state mean (LCC m2 weights),IMD RF25/TMAX1/TMIN1
Puducherry,PUDUCHERRY,2023,8,80.3,36.31,25.78,31,1,VERIFIED,area-weighted state mean (LCC m2 weights),IMD RF25/TMAX1/TMIN1
Puducherry,PUDUCHERRY,2023,9,163.5,34.71,25.35,30,1,VERIFIED,area-weighted state mean (LCC m2 weights),IMD RF25/TMAX1/TMIN1
Puducherry,PUDUCHERRY,2023,10,55.3,33.55,24.98,31,1,VERIFIED,area-weighted state mean (LCC m2 weights),IMD RF25/TMAX1/TMIN1
Puducherry,PUDUCHERRY,2023,11,537.4,30.73,24.13,30,1,VERIFIED,area-weighted state mean (LCC m2 weights),IMD RF25/TMAX1/TMIN1
Puducherry,PUDUCHERRY,2023,12,134.2,30.08,23.57,31,1,VERIFIED,area-weighted state mean (LCC m2 weights),IMD RF25/TMAX1/TMIN1
Rajasthan,RAJASTHAN,2023,1,12.8,22.19,7.26,31,1,VERIFIED,area-weighted state mean (LCC m2 weights),IMD RF25/TMAX1/TMIN1
Rajasthan,RAJASTHAN,2023,2,0.0,30.59,12.41,28,1,VERIFIED,area-weighted state mean (LCC m2 weights),IMD RF25/TMAX1/TMIN1
Rajasthan,RAJASTHAN,2023,3,18.3,31.95,17.33,31,1,VERIFIED,area-weighted state mean (LCC m2 weights),IMD RF25/TMAX1/TMIN1
Rajasthan,RAJASTHAN,2023,4,13.6,36.06,21.1,30,1,VERIFIED,area-weighted state mean (LCC m2 weights),IMD RF25/TMAX1/TMIN1
Rajasthan,RAJASTHAN,2023,5,61.6,38.18,23.84,31,1,VERIFIED,area-weighted state mean (LCC m2 weights),IMD RF25/TMAX1/TMIN1
Rajasthan,RAJASTHAN,2023,6,149.6,36.75,25.8,30,1,VERIFIED,area-weighted state mean (LCC m2 weights),IMD RF25/TMAX1/TMIN1
Rajasthan,RAJASTHAN,2023,7,224.8,33.85,25.75,31,1,VERIFIED,area-weighted state mean (LCC m2 weights),IMD RF25/TMAX1/TMIN1
Rajasthan,RAJASTHAN,2023,8,31.4,33.29,24.94,31,1,VERIFIED,area-weighted state mean (LCC m2 weights),IMD RF25/TMAX1/TMIN1
Rajasthan,RAJASTHAN,2023,9,82.4,34.73,24.67,30,1,VERIFIED,area-weighted state mean (LCC m2 weights),IMD RF25/TMAX1/TMIN1
Rajasthan,RAJASTHAN,2023,10,8.4,34.51,20.23,31,1,VERIFIED,area-weighted state mean (LCC m2 weights),IMD RF25/TMAX1/TMIN1
Rajasthan,RAJASTHAN,2023,11,9.4,29.16,15.14,30,1,VERIFIED,area-weighted state mean (LCC m2 weights),IMD RF25/TMAX1/TMIN1
Rajasthan,RAJASTHAN,2023,12,5.1,25.36,10.63,31,1,VERIFIED,area-weighted state mean (LCC m2 weights),IMD RF25/TMAX1/TMIN1
Tamil Nadu,TAMIL NADU,2023,1,5.0,29.96,19.13,31,1,VERIFIED,area-weighted state mean (LCC m2 weights),IMD RF25/TMAX1/TMIN1
Tamil Nadu,TAMIL NADU,2023,2,17.4,31.88,19.47,28,1,VERIFIED,area-weighted state mean (LCC m2 weights),IMD RF25/TMAX1/TMIN1
Tamil Nadu,TAMIL NADU,2023,3,31.8,33.92,22.26,31,1,VERIFIED,area-weighted state mean (LCC m2 weights),IMD RF25/TMAX1/TMIN1
Tamil Nadu,TAMIL NADU,2023,4,38.8,35.68,24.27,30,1,VERIFIED,area-weighted state mean (LCC m2 weights),IMD RF25/TMAX1/TMIN1
Tamil Nadu,TAMIL NADU,2023,5,119.6,35.55,24.98,31,1,VERIFIED,area-weighted state mean (LCC m2 weights),IMD RF25/TMAX1/TMIN1
Tamil Nadu,TAMIL NADU,2023,6,54.5,35.36,25.09,30,1,VERIFIED,area-weighted state mean (LCC m2 weights),IMD RF25/TMAX1/TMIN1
Tamil Nadu,TAMIL NADU,2023,7,65.0,33.52,24.37,31,1,VERIFIED,area-weighted state mean (LCC m2 weights),IMD RF25/TMAX1/TMIN1
Tamil Nadu,TAMIL NADU,2023,8,88.3,34.79,24.33,31,1,VERIFIED,area-weighted state mean (LCC m2 weights),IMD RF25/TMAX1/TMIN1
Tamil Nadu,TAMIL NADU,2023,9,147.7,33.16,23.86,30,1,VERIFIED,area-weighted state mean (LCC m2 weights),IMD RF25/TMAX1/TMIN1
Tamil Nadu,TAMIL NADU,2023,10,92.8,32.52,23.5,31,1,VERIFIED,area-weighted state mean (LCC m2 weights),IMD RF25/TMAX1/TMIN1
Tamil Nadu,TAMIL NADU,2023,11,245.6,30.23,22.8,30,1,VERIFIED,area-weighted state mean (LCC m2 weights),IMD RF25/TMAX1/TMIN1
Tamil Nadu,TAMIL NADU,2023,12,124.9,29.67,22.19,31,1,VERIFIED,area-weighted state mean (LCC m2 weights),IMD RF25/TMAX1/TMIN1
Telangana,TELANGANA,2023,1,0.2,30.46,16.46,31,1,VERIFIED,area-weighted state mean (LCC m2 weights),IMD RF25/TMAX1/TMIN1
Telangana,TELANGANA,2023,2,0.0,33.72,17.03,28,1,VERIFIED,area-weighted state mean (LCC m2 weights),IMD RF25/TMAX1/TMIN1
Telangana,TELANGANA,2023,3,46.9,34.52,20.34,31,1,VERIFIED,area-weighted state mean (LCC m2 weights),IMD RF25/TMAX1/TMIN1
Telangana,TELANGANA,2023,4,49.9,37.46,23.48,30,1,VERIFIED,area-weighted state mean (LCC m2 weights),IMD RF25/TMAX1/TMIN1
Telangana,TELANGANA,2023,5,71.3,38.45,25.45,31,1,VERIFIED,area-weighted state mean (LCC m2 weights),IMD RF25/TMAX1/TMIN1
Telangana,TELANGANA,2023,6,70.3,38.21,26.29,30,1,VERIFIED,area-weighted state mean (LCC m2 weights),IMD RF25/TMAX1/TMIN1
Telangana,TELANGANA,2023,7,505.1,30.74,23.67,31,1,VERIFIED,area-weighted state mean (LCC m2 weights),IMD RF25/TMAX1/TMIN1
Telangana,TELANGANA,2023,8,88.7,32.29,24.03,31,1,VERIFIED,area-weighted state mean (LCC m2 weights),IMD RF25/TMAX1/TMIN1
Telangana,TELANGANA,2023,9,224.9,31.16,23.62,30,1,VERIFIED,area-weighted state mean (LCC m2 weights),IMD RF25/TMAX1/TMIN1
Telangana,TELANGANA,2023,10,6.8,33.3,21.53,31,1,VERIFIED,area-weighted state mean (LCC m2 weights),IMD RF25/TMAX1/TMIN1
Telangana,TELANGANA,2023,11,20.1,31.21,20.42,30,1,VERIFIED,area-weighted state mean (LCC m2 weights),IMD RF25/TMAX1/TMIN1
Telangana,TELANGANA,2023,12,36.9,29.05,17.0,31,1,VERIFIED,area-weighted state mean (LCC m2 weights),IMD RF25/TMAX1/TMIN1
Tripura,TRIPURA,2023,1,0.0,23.72,10.12,31,1,VERIFIED,area-weighted state mean (LCC m2 weights),IMD RF25/TMAX1/TMIN1
Tripura,TRIPURA,2023,2,2.1,26.57,13.11,28,1,VERIFIED,area-weighted state mean (LCC m2 weights),IMD RF25/TMAX1/TMIN1
Tripura,TRIPURA,2023,3,74.2,28.36,16.1,31,1,VERIFIED,area-weighted state mean (LCC m2 weights),IMD RF25/TMAX1/TMIN1
Tripura,TRIPURA,2023,4,100.9,31.39,19.52,30,1,VERIFIED,area-weighted state mean (LCC m2 weights),IMD RF25/TMAX1/TMIN1
Tripura,TRIPURA,2023,5,105.3,31.64,21.46,31,1,VERIFIED,area-weighted state mean (LCC m2 weights),IMD RF25/TMAX1/TMIN1
Tripura,TRIPURA,2023,6,352.0,31.5,23.74,30,1,VERIFIED,area-weighted state mean (LCC m2 weights),IMD RF25/TMAX1/TMIN1
Tripura,TRIPURA,2023,7,360.9,31.69,24.29,31,1,VERIFIED,area-weighted state mean (LCC m2 weights),IMD RF25/TMAX1/TMIN1
Tripura,TRIPURA,2023,8,432.0,31.01,24.03,31,1,VERIFIED,area-weighted state mean (LCC m2 weights),IMD RF25/TMAX1/TMIN1
Tripura,TRIPURA,2023,9,264.2,31.99,23.81,30,1,VERIFIED,area-weighted state mean (LCC m2 weights),IMD RF25/TMAX1/TMIN1
Tripura,TRIPURA,2023,10,98.3,30.02,21.01,31,1,VERIFIED,area-weighted state mean (LCC m2 weights),IMD RF25/TMAX1/TMIN1
Tripura,TRIPURA,2023,11,116.0,28.32,16.6,30,1,VERIFIED,area-weighted state mean (LCC m2 weights),IMD RF25/TMAX1/TMIN1
Tripura,TRIPURA,2023,12,41.7,24.72,13.04,31,1,VERIFIED,area-weighted state mean (LCC m2 weights),IMD RF25/TMAX1/TMIN1
Uttarakhand,UTTARAKHAND,2023,1,30.5,15.92,5.86,31,1,VERIFIED,area-weighted state mean (LCC m2 weights),IMD RF25/TMAX1/TMIN1
Uttarakhand,UTTARAKHAND,2023,2,9.6,22.58,9.07,28,1,VERIFIED,area-weighted state mean (LCC m2 weights),IMD RF25/TMAX1/TMIN1
Uttarakhand,UTTARAKHAND,2023,3,62.5,24.42,12.4,31,1,VERIFIED,area-weighted state mean (LCC m2 weights),IMD RF25/TMAX1/TMIN1
Uttarakhand,UTTARAKHAND,2023,4,66.3,28.71,15.06,30,1,VERIFIED,area-weighted state mean (LCC m2 weights),IMD RF25/TMAX1/TMIN1
Uttarakhand,UTTARAKHAND,2023,5,97.1,29.95,17.53,31,1,VERIFIED,area-weighted state mean (LCC m2 weights),IMD RF25/TMAX1/TMIN1
Uttarakhand,UTTARAKHAND,2023,6,161.9,31.24,21.38,30,1,VERIFIED,area-weighted state mean (LCC m2 weights),IMD RF25/TMAX1/TMIN1
Uttarakhand,UTTARAKHAND,2023,7,556.6,28.55,22.21,31,1,VERIFIED,area-weighted state mean (LCC m2 weights),IMD RF25/TMAX1/TMIN1
Uttarakhand,UTTARAKHAND,2023,8,392.9,29.49,22.55,31,1,VERIFIED,area-weighted state mean (LCC m2 weights),IMD RF25/TMAX1/TMIN1
Uttarakhand,UTTARAKHAND,2023,9,177.8,29.55,21.4,30,1,VERIFIED,area-weighted state mean (LCC m2 weights),IMD RF25/TMAX1/TMIN1
Uttarakhand,UTTARAKHAND,2023,10,24.8,27.73,15.69,31,1,VERIFIED,area-weighted state mean (LCC m2 weights),IMD RF25/TMAX1/TMIN1
Uttarakhand,UTTARAKHAND,2023,11,2.1,23.39,11.44,30,1,VERIFIED,area-weighted state mean (LCC m2 weights),IMD RF25/TMAX1/TMIN1
Uttarakhand,UTTARAKHAND,2023,12,5.0,19.4,7.39,31,1,VERIFIED,area-weighted state mean (LCC m2 weights),IMD RF25/TMAX1/TMIN1
Dadra & Nagar Haveli and Daman & Diu,DADRA & NAGAR HAVELI & DAMAN & DIU,2024,1,0.0,29.56,15.37,31,1,VERIFIED,area-weighted state mean (LCC m2 weights),IMD RF25/TMAX1/TMIN1
Dadra & Nagar Haveli and Daman & Diu,DADRA & NAGAR HAVELI & DAMAN & DIU,2024,2,0.0,31.96,16.92,29,1,VERIFIED,area-weighted state mean (LCC m2 weights),IMD RF25/TMAX1/TMIN1
Dadra & Nagar Haveli and Daman & Diu,DADRA & NAGAR HAVELI & DAMAN & DIU,2024,3,0.0,34.67,19.58,31,1,VERIFIED,area-weighted state mean (LCC m2 weights),IMD RF25/TMAX1/TMIN1
Dadra & Nagar Haveli and Daman & Diu,DADRA & NAGAR HAVELI & DAMAN & DIU,2024,4,0.0,36.97,23.7,30,1,VERIFIED,area-weighted state mean (LCC m2 weights),IMD RF25/TMAX1/TMIN1
Dadra & Nagar Haveli and Daman & Diu,DADRA & NAGAR HAVELI & DAMAN & DIU,2024,5,3.8,37.67,26.01,31,1,VERIFIED,area-weighted state mean (LCC m2 weights),IMD RF25/TMAX1/TMIN1
Dadra & Nagar Haveli and Daman & Diu,DADRA & NAGAR HAVELI & DAMAN & DIU,2024,6,249.0,34.5,25.91,30,1,VERIFIED,area-weighted state mean (LCC m2 weights),IMD RF25/TMAX1/TMIN1
Dadra & Nagar Haveli and Daman & Diu,DADRA & NAGAR HAVELI & DAMAN & DIU,2024,7,1183.6,30.33,24.96,31,1,VERIFIED,area-weighted state mean (LCC m2 weights),IMD RF25/TMAX1/TMIN1
Dadra & Nagar Haveli and Daman & Diu,DADRA & NAGAR HAVELI & DAMAN & DIU,2024,8,941.1,30.68,24.57,31,1,VERIFIED,area-weighted state mean (LCC m2 weights),IMD RF25/TMAX1/TMIN1
Dadra & Nagar Haveli and Daman & Diu,DADRA & NAGAR HAVELI & DAMAN & DIU,2024,9,495.8,31.09,23.95,30,1,VERIFIED,area-weighted state mean (LCC m2 weights),IMD RF25/TMAX1/TMIN1
Dadra & Nagar Haveli and Daman & Diu,DADRA & NAGAR HAVELI & DAMAN & DIU,2024,10,119.1,33.45,23.76,31,1,VERIFIED,area-weighted state mean (LCC m2 weights),IMD RF25/TMAX1/TMIN1
Dadra & Nagar Haveli and Daman & Diu,DADRA & NAGAR HAVELI & DAMAN & DIU,2024,11,0.0,32.58,18.64,30,1,VERIFIED,area-weighted state mean (LCC m2 weights),IMD RF25/TMAX1/TMIN1
Dadra & Nagar Haveli and Daman & Diu,DADRA & NAGAR HAVELI & DAMAN & DIU,2024,12,0.0,29.73,16.47,31,1,VERIFIED,area-weighted state mean (LCC m2 weights),IMD RF25/TMAX1/TMIN1
Jammu & Kashmir,JAMMU AND KASHMIR,2024,1,9.5,11.55,1.01,31,1,VERIFIED,area-weighted state mean (LCC m2 weights),IMD RF25/TMAX1/TMIN1
Jammu & Kashmir,JAMMU AND KASHMIR,2024,2,125.5,13.55,2.01,29,1,VERIFIED,area-weighted state mean (LCC m2 weights),IMD RF25/TMAX1/TMIN1
Jammu & Kashmir,JAMMU AND KASHMIR,2024,3,145.4,18.93,6.6,31,1,VERIFIED,area-weighted state mean (LCC m2 weights),IMD RF25/TMAX1/TMIN1
Jammu & Kashmir,JAMMU AND KASHMIR,2024,4,175.7,23.67,10.48,30,1,VERIFIED,area-weighted state mean (LCC m2 weights),IMD RF25/TMAX1/TMIN1
Jammu & Kashmir,JAMMU AND KASHMIR,2024,5,28.4,30.63,15.59,31,1,VERIFIED,area-weighted state mean (LCC m2 weights),IMD RF25/TMAX1/TMIN1
Jammu & Kashmir,JAMMU AND KASHMIR,2024,6,45.7,32.18,18.51,30,1,VERIFIED,area-weighted state mean (LCC m2 weights),IMD RF25/TMAX1/TMIN1
Jammu & Kashmir,JAMMU AND KASHMIR,2024,7,103.2,31.07,20.92,31,1,VERIFIED,area-weighted state mean (LCC m2 weights),IMD RF25/TMAX1/TMIN1
Jammu & Kashmir,JAMMU AND KASHMIR,2024,8,168.8,28.59,19.82,31,1,VERIFIED,area-weighted state mean (LCC m2 weights),IMD RF25/TMAX1/TMIN1
Jammu & Kashmir,JAMMU AND KASHMIR,2024,9,47.8,28.87,17.67,30,1,VERIFIED,area-weighted state mean (LCC m2 weights),IMD RF25/TMAX1/TMIN1
Jammu & Kashmir,JAMMU AND KASHMIR,2024,10,8.2,26.93,12.31,31,1,VERIFIED,area-weighted state mean (LCC m2 weights),IMD RF25/TMAX1/TMIN1
Jammu & Kashmir,JAMMU AND KASHMIR,2024,11,15.1,20.56,7.42,30,1,VERIFIED,area-weighted state mean (LCC m2 weights),IMD RF25/TMAX1/TMIN1
Jammu & Kashmir,JAMMU AND KASHMIR,2024,12,33.9,14.13,1.58,31,1,VERIFIED,area-weighted state mean (LCC m2 weights),IMD RF25/TMAX1/TMIN1
Ladakh,LADAKH,2024,1,3.5,12.56,0.9,31,1,VERIFIED,area-weighted state mean (LCC m2 weights),IMD RF25/TMAX1/TMIN1
Ladakh,LADAKH,2024,2,75.4,13.32,1.75,29,1,VERIFIED,area-weighted state mean (LCC m2 weights),IMD RF25/TMAX1/TMIN1
Ladakh,LADAKH,2024,3,46.2,18.87,6.47,31,1,VERIFIED,area-weighted state mean (LCC m2 weights),IMD RF25/TMAX1/TMIN1
Ladakh,LADAKH,2024,4,46.6,22.92,10.05,30,1,VERIFIED,area-weighted state mean (LCC m2 weights),IMD RF25/TMAX1/TMIN1
Ladakh,LADAKH,2024,5,7.2,29.33,14.9,31,1,VERIFIED,area-weighted state mean (LCC m2 weights),IMD RF25/TMAX1/TMIN1
Ladakh,LADAKH,2024,6,15.8,31.12,17.54,30,1,VERIFIED,area-weighted state mean (LCC m2 weights),IMD RF25/TMAX1/TMIN1
Ladakh,LADAKH,2024,7,15.8,30.18,20.01,31,1,VERIFIED,area-weighted state mean (LCC m2 weights),IMD RF25/TMAX1/TMIN1
Ladakh,LADAKH,2024,8,49.0,27.75,18.98,31,1,VERIFIED,area-weighted state mean (LCC m2 weights),IMD RF25/TMAX1/TMIN1
Ladakh,LADAKH,2024,9,8.0,27.95,16.6,30,1,VERIFIED,area-weighted state mean (LCC m2 weights),IMD RF25/TMAX1/TMIN1
Ladakh,LADAKH,2024,10,2.8,25.76,11.61,31,1,VERIFIED,area-weighted state mean (LCC m2 weights),IMD RF25/TMAX1/TMIN1
Ladakh,LADAKH,2024,11,8.7,19.81,6.88,30,1,VERIFIED,area-weighted state mean (LCC m2 weights),IMD RF25/TMAX1/TMIN1
Ladakh,LADAKH,2024,12,23.1,13.49,1.02,31,1,VERIFIED,area-weighted state mean (LCC m2 weights),IMD RF25/TMAX1/TMIN1
Himachal Pradesh,HIMACHAL PRADESH,2024,1,5.3,14.15,4.04,31,1,VERIFIED,area-weighted state mean (LCC m2 weights),IMD RF25/TMAX1/TMIN1
Himachal Pradesh,HIMACHAL PRADESH,2024,2,93.7,17.81,5.63,29,1,VERIFIED,area-weighted state mean (LCC m2 weights),IMD RF25/TMAX1/TMIN1
Himachal Pradesh,HIMACHAL PRADESH,2024,3,144.5,23.15,10.17,31,1,VERIFIED,area-weighted state mean (LCC m2 weights),IMD RF25/TMAX1/TMIN1
Himachal Pradesh,HIMACHAL PRADESH,2024,4,65.3,28.15,14.48,30,1,VERIFIED,area-weighted state mean (LCC m2 weights),IMD RF25/TMAX1/TMIN1
Himachal Pradesh,HIMACHAL PRADESH,2024,5,18.5,33.35,19.13,31,1,VERIFIED,area-weighted state mean (LCC m2 weights),IMD RF25/TMAX1/TMIN1
Himachal Pradesh,HIMACHAL PRADESH,2024,6,49.4,34.34,21.58,30,1,VERIFIED,area-weighted state mean (LCC m2 weights),IMD RF25/TMAX1/TMIN1
Himachal Pradesh,HIMACHAL PRADESH,2024,7,174.3,30.88,22.26,31,1,VERIFIED,area-weighted state mean (LCC m2 weights),IMD RF25/TMAX1/TMIN1
Himachal Pradesh,HIMACHAL PRADESH,2024,8,228.0,29.16,21.31,31,1,VERIFIED,area-weighted state mean (LCC m2 weights),IMD RF25/TMAX1/TMIN1
Himachal Pradesh,HIMACHAL PRADESH,2024,9,117.0,29.12,19.83,30,1,VERIFIED,area-weighted state mean (LCC m2 weights),IMD RF25/TMAX1/TMIN1
Himachal Pradesh,HIMACHAL PRADESH,2024,10,0.4,28.6,15.57,31,1,VERIFIED,area-weighted state mean (LCC m2 weights),IMD RF25/TMAX1/TMIN1
Himachal Pradesh,HIMACHAL PRADESH,2024,11,0.1,22.96,10.55,30,1,VERIFIED,area-weighted state mean (LCC m2 weights),IMD RF25/TMAX1/TMIN1
Himachal Pradesh,HIMACHAL PRADESH,2024,12,50.9,17.68,5.06,31,1,VERIFIED,area-weighted state mean (LCC m2 weights),IMD RF25/TMAX1/TMIN1
Arunachal Pradesh,ARUNACHAL PRADESH,2024,1,9.7,22.52,9.69,31,1,VERIFIED,area-weighted state mean (LCC m2 weights),IMD RF25/TMAX1/TMIN1
Arunachal Pradesh,ARUNACHAL PRADESH,2024,2,96.6,23.09,11.62,29,1,VERIFIED,area-weighted state mean (LCC m2 weights),IMD RF25/TMAX1/TMIN1
Arunachal Pradesh,ARUNACHAL PRADESH,2024,3,100.4,26.87,15.8,31,1,VERIFIED,area-weighted state mean (LCC m2 weights),IMD RF25/TMAX1/TMIN1
Arunachal Pradesh,ARUNACHAL PRADESH,2024,4,271.8,29.94,19.81,30,1,VERIFIED,area-weighted state mean (LCC m2 weights),IMD RF25/TMAX1/TMIN1
Arunachal Pradesh,ARUNACHAL PRADESH,2024,5,190.1,30.86,21.29,31,1,VERIFIED,area-weighted state mean (LCC m2 weights),IMD RF25/TMAX1/TMIN1
Arunachal Pradesh,ARUNACHAL PRADESH,2024,6,374.2,30.38,23.39,30,1,VERIFIED,area-weighted state mean (LCC m2 weights),IMD RF25/TMAX1/TMIN1
Arunachal Pradesh,ARUNACHAL PRADESH,2024,7,371.5,31.82,24.65,31,1,VERIFIED,area-weighted state mean (LCC m2 weights),IMD RF25/TMAX1/TMIN1
Arunachal Pradesh,ARUNACHAL PRADESH,2024,8,246.5,32.0,24.26,31,1,VERIFIED,area-weighted state mean (LCC m2 weights),IMD RF25/TMAX1/TMIN1
Arunachal Pradesh,ARUNACHAL PRADESH,2024,9,142.7,33.16,24.13,30,1,VERIFIED,area-weighted state mean (LCC m2 weights),IMD RF25/TMAX1/TMIN1
Arunachal Pradesh,ARUNACHAL PRADESH,2024,10,246.7,28.04,20.58,31,1,VERIFIED,area-weighted state mean (LCC m2 weights),IMD RF25/TMAX1/TMIN1
Arunachal Pradesh,ARUNACHAL PRADESH,2024,11,5.5,27.87,15.32,30,1,VERIFIED,area-weighted state mean (LCC m2 weights),IMD RF25/TMAX1/TMIN1
Arunachal Pradesh,ARUNACHAL PRADESH,2024,12,2.8,25.06,10.36,31,1,VERIFIED,area-weighted state mean (LCC m2 weights),IMD RF25/TMAX1/TMIN1
Assam,ASSAM,2024,1,2.3,21.65,9.5,31,1,VERIFIED,area-weighted state mean (LCC m2 weights),IMD RF25/TMAX1/TMIN1
Assam,ASSAM,2024,2,36.6,23.21,11.31,29,1,VERIFIED,area-weighted state mean (LCC m2 weights),IMD RF25/TMAX1/TMIN1
Assam,ASSAM,2024,3,55.6,26.97,15.45,31,1,VERIFIED,area-weighted state mean (LCC m2 weights),IMD RF25/TMAX1/TMIN1
Assam,ASSAM,2024,4,160.6,30.65,20.05,30,1,VERIFIED,area-weighted state mean (LCC m2 weights),IMD RF25/TMAX1/TMIN1
Assam,ASSAM,2024,5,258.2,30.75,21.28,31,1,VERIFIED,area-weighted state mean (LCC m2 weights),IMD RF25/TMAX1/TMIN1
Assam,ASSAM,2024,6,483.4,30.07,23.28,30,1,VERIFIED,area-weighted state mean (LCC m2 weights),IMD RF25/TMAX1/TMIN1
Assam,ASSAM,2024,7,394.3,31.43,24.56,31,1,VERIFIED,area-weighted state mean (LCC m2 weights),IMD RF25/TMAX1/TMIN1
Assam,ASSAM,2024,8,304.7,31.23,24.06,31,1,VERIFIED,area-weighted state mean (LCC m2 weights),IMD RF25/TMAX1/TMIN1
Assam,ASSAM,2024,9,166.1,32.45,23.93,30,1,VERIFIED,area-weighted state mean (LCC m2 weights),IMD RF25/TMAX1/TMIN1
Assam,ASSAM,2024,10,194.1,28.15,20.79,31,1,VERIFIED,area-weighted state mean (LCC m2 weights),IMD RF25/TMAX1/TMIN1
Assam,ASSAM,2024,11,7.5,27.44,15.34,30,1,VERIFIED,area-weighted state mean (LCC m2 weights),IMD RF25/TMAX1/TMIN1
Assam,ASSAM,2024,12,0.6,24.38,10.21,31,1,VERIFIED,area-weighted state mean (LCC m2 weights),IMD RF25/TMAX1/TMIN1
Manipur,MANIPUR,2024,1,0.0,21.75,9.23,31,1,VERIFIED,area-weighted state mean (LCC m2 weights),IMD RF25/TMAX1/TMIN1
Manipur,MANIPUR,2024,2,37.5,23.33,11.21,29,1,VERIFIED,area-weighted state mean (LCC m2 weights),IMD RF25/TMAX1/TMIN1
Manipur,MANIPUR,2024,3,40.8,27.18,15.32,31,1,VERIFIED,area-weighted state mean (LCC m2 weights),IMD RF25/TMAX1/TMIN1
Manipur,MANIPUR,2024,4,56.3,30.67,19.96,30,1,VERIFIED,area-weighted state mean (LCC m2 weights),IMD RF25/TMAX1/TMIN1
Manipur,MANIPUR,2024,5,295.2,30.7,21.02,31,1,VERIFIED,area-weighted state mean (LCC m2 weights),IMD RF25/TMAX1/TMIN1
Manipur,MANIPUR,2024,6,129.0,29.96,22.83,30,1,VERIFIED,area-weighted state mean (LCC m2 weights),IMD RF25/TMAX1/TMIN1
Manipur,MANIPUR,2024,7,249.0,31.3,24.17,31,1,VERIFIED,area-weighted state mean (LCC m2 weights),IMD RF25/TMAX1/TMIN1
Manipur,MANIPUR,2024,8,311.0,30.95,23.6,31,1,VERIFIED,area-weighted state mean (LCC m2 weights),IMD RF25/TMAX1/TMIN1
Manipur,MANIPUR,2024,9,124.0,32.4,23.55,30,1,VERIFIED,area-weighted state mean (LCC m2 weights),IMD RF25/TMAX1/TMIN1
Manipur,MANIPUR,2024,10,153.6,27.98,20.47,31,1,VERIFIED,area-weighted state mean (LCC m2 weights),IMD RF25/TMAX1/TMIN1
Manipur,MANIPUR,2024,11,28.6,27.51,15.34,30,1,VERIFIED,area-weighted state mean (LCC m2 weights),IMD RF25/TMAX1/TMIN1
Manipur,MANIPUR,2024,12,0.4,24.56,10.1,31,1,VERIFIED,area-weighted state mean (LCC m2 weights),IMD RF25/TMAX1/TMIN1
Meghalaya,MEGHALAYA,2024,1,0.6,21.49,9.82,31,1,VERIFIED,area-weighted state mean (LCC m2 weights),IMD RF25/TMAX1/TMIN1
Meghalaya,MEGHALAYA,2024,2,33.4,23.96,11.55,29,1,VERIFIED,area-weighted state mean (LCC m2 weights),IMD RF25/TMAX1/TMIN1
Meghalaya,MEGHALAYA,2024,3,83.5,27.73,15.7,31,1,VERIFIED,area-weighted state mean (LCC m2 weights),IMD RF25/TMAX1/TMIN1
Meghalaya,MEGHALAYA,2024,4,92.8,31.87,20.68,30,1,VERIFIED,area-weighted state mean (LCC m2 weights),IMD RF25/TMAX1/TMIN1
Meghalaya,MEGHALAYA,2024,5,697.4,31.28,21.66,31,1,VERIFIED,area-weighted state mean (LCC m2 weights),IMD RF25/TMAX1/TMIN1
Meghalaya,MEGHALAYA,2024,6,1041.5,30.23,23.42,30,1,VERIFIED,area-weighted state mean (LCC m2 weights),IMD RF25/TMAX1/TMIN1
Meghalaya,MEGHALAYA,2024,7,757.4,31.6,24.78,31,1,VERIFIED,area-weighted state mean (LCC m2 weights),IMD RF25/TMAX1/TMIN1
Meghalaya,MEGHALAYA,2024,8,637.6,31.17,24.27,31,1,VERIFIED,area-weighted state mean (LCC m2 weights),IMD RF25/TMAX1/TMIN1
Meghalaya,MEGHALAYA,2024,9,210.2,32.36,24.15,30,1,VERIFIED,area-weighted state mean (LCC m2 weights),IMD RF25/TMAX1/TMIN1
Meghalaya,MEGHALAYA,2024,10,283.9,28.82,21.47,31,1,VERIFIED,area-weighted state mean (LCC m2 weights),IMD RF25/TMAX1/TMIN1
Meghalaya,MEGHALAYA,2024,11,9.3,27.78,15.96,30,1,VERIFIED,area-weighted state mean (LCC m2 weights),IMD RF25/TMAX1/TMIN1
Meghalaya,MEGHALAYA,2024,12,0.5,24.53,10.86,31,1,VERIFIED,area-weighted state mean (LCC m2 weights),IMD RF25/TMAX1/TMIN1
Mizoram,MIZORAM,2024,1,2.8,21.09,9.6,31,1,VERIFIED,area-weighted state mean (LCC m2 weights),IMD RF25/TMAX1/TMIN1
Mizoram,MIZORAM,2024,2,20.5,23.88,11.87,29,1,VERIFIED,area-weighted state mean (LCC m2 weights),IMD RF25/TMAX1/TMIN1
Mizoram,MIZORAM,2024,3,24.8,27.37,15.65,31,1,VERIFIED,area-weighted state mean (LCC m2 weights),IMD RF25/TMAX1/TMIN1
Mizoram,MIZORAM,2024,4,85.7,31.69,20.91,30,1,VERIFIED,area-weighted state mean (LCC m2 weights),IMD RF25/TMAX1/TMIN1
Mizoram,MIZORAM,2024,5,350.8,30.79,21.69,31,1,VERIFIED,area-weighted state mean (LCC m2 weights),IMD RF25/TMAX1/TMIN1
Mizoram,MIZORAM,2024,6,273.1,30.44,23.34,30,1,VERIFIED,area-weighted state mean (LCC m2 weights),IMD RF25/TMAX1/TMIN1
Mizoram,MIZORAM,2024,7,318.7,31.28,24.47,31,1,VERIFIED,area-weighted state mean (LCC m2 weights),IMD RF25/TMAX1/TMIN1
Mizoram,MIZORAM,2024,8,442.5,30.65,23.81,31,1,VERIFIED,area-weighted state mean (LCC m2 weights),IMD RF25/TMAX1/TMIN1
Mizoram,MIZORAM,2024,9,230.4,31.97,23.71,30,1,VERIFIED,area-weighted state mean (LCC m2 weights),IMD RF25/TMAX1/TMIN1
Mizoram,MIZORAM,2024,10,91.6,28.64,21.14,31,1,VERIFIED,area-weighted state mean (LCC m2 weights),IMD RF25/TMAX1/TMIN1
Mizoram,MIZORAM,2024,11,23.1,27.3,16.16,30,1,VERIFIED,area-weighted state mean (LCC m2 weights),IMD RF25/TMAX1/TMIN1
Mizoram,MIZORAM,2024,12,7.2,24.29,10.89,31,1,VERIFIED,area-weighted state mean (LCC m2 weights),IMD RF25/TMAX1/TMIN1
Nagaland,NAGALAND,2024,1,0.6,22.05,9.37,31,1,VERIFIED,area-weighted state mean (LCC m2 weights),IMD RF25/TMAX1/TMIN1
Nagaland,NAGALAND,2024,2,47.0,23.03,11.36,29,1,VERIFIED,area-weighted state mean (LCC m2 weights),IMD RF25/TMAX1/TMIN1
Nagaland,NAGALAND,2024,3,57.6,26.76,15.39,31,1,VERIFIED,area-weighted state mean (LCC m2 weights),IMD RF25/TMAX1/TMIN1
Nagaland,NAGALAND,2024,4,218.9,30.17,19.85,30,1,VERIFIED,area-weighted state mean (LCC m2 weights),IMD RF25/TMAX1/TMIN1
Nagaland,NAGALAND,2024,5,250.7,30.6,21.04,31,1,VERIFIED,area-weighted state mean (LCC m2 weights),IMD RF25/TMAX1/TMIN1
Nagaland,NAGALAND,2024,6,319.0,30.14,23.07,30,1,VERIFIED,area-weighted state mean (LCC m2 weights),IMD RF25/TMAX1/TMIN1
Nagaland,NAGALAND,2024,7,438.3,31.51,24.34,31,1,VERIFIED,area-weighted state mean (LCC m2 weights),IMD RF25/TMAX1/TMIN1
Nagaland,NAGALAND,2024,8,367.2,31.3,23.84,31,1,VERIFIED,area-weighted state mean (LCC m2 weights),IMD RF25/TMAX1/TMIN1
Nagaland,NAGALAND,2024,9,216.6,32.68,23.76,30,1,VERIFIED,area-weighted state mean (LCC m2 weights),IMD RF25/TMAX1/TMIN1
Nagaland,NAGALAND,2024,10,135.0,28.04,20.45,31,1,VERIFIED,area-weighted state mean (LCC m2 weights),IMD RF25/TMAX1/TMIN1
Nagaland,NAGALAND,2024,11,6.8,27.64,15.12,30,1,VERIFIED,area-weighted state mean (LCC m2 weights),IMD RF25/TMAX1/TMIN1
Nagaland,NAGALAND,2024,12,0.1,24.85,10.11,31,1,VERIFIED,area-weighted state mean (LCC m2 weights),IMD RF25/TMAX1/TMIN1
Sikkim,SIKKIM,2024,1,23.9,19.03,9.23,31,1,VERIFIED,area-weighted state mean (LCC m2 weights),IMD RF25/TMAX1/TMIN1
Sikkim,SIKKIM,2024,2,62.9,22.17,11.04,29,1,VERIFIED,area-weighted state mean (LCC m2 weights),IMD RF25/TMAX1/TMIN1
Sikkim,SIKKIM,2024,3,137.2,26.2,15.33,31,1,VERIFIED,area-weighted state mean (LCC m2 weights),IMD RF25/TMAX1/TMIN1
Sikkim,SIKKIM,2024,4,177.8,31.84,20.22,30,1,VERIFIED,area-weighted state mean (LCC m2 weights),IMD RF25/TMAX1/TMIN1
Sikkim,SIKKIM,2024,5,217.0,30.65,21.94,31,1,VERIFIED,area-weighted state mean (LCC m2 weights),IMD RF25/TMAX1/TMIN1
Sikkim,SIKKIM,2024,6,825.4,29.48,23.36,30,1,VERIFIED,area-weighted state mean (LCC m2 weights),IMD RF25/TMAX1/TMIN1
Sikkim,SIKKIM,2024,7,616.2,30.15,24.48,31,1,VERIFIED,area-weighted state mean (LCC m2 weights),IMD RF25/TMAX1/TMIN1
Sikkim,SIKKIM,2024,8,474.8,30.21,24.0,31,1,VERIFIED,area-weighted state mean (LCC m2 weights),IMD RF25/TMAX1/TMIN1
Sikkim,SIKKIM,2024,9,426.9,30.52,23.7,30,1,VERIFIED,area-weighted state mean (LCC m2 weights),IMD RF25/TMAX1/TMIN1
Sikkim,SIKKIM,2024,10,261.1,28.3,21.23,31,1,VERIFIED,area-weighted state mean (LCC m2 weights),IMD RF25/TMAX1/TMIN1
Sikkim,SIKKIM,2024,11,9.5,26.34,15.6,30,1,VERIFIED,area-weighted state mean (LCC m2 weights),IMD RF25/TMAX1/TMIN1
Sikkim,SIKKIM,2024,12,13.3,22.49,10.4,31,1,VERIFIED,area-weighted state mean (LCC m2 weights),IMD RF25/TMAX1/TMIN1
Lakshadweep,LAKSHADWEEP,2024,1,,,,31,0,INSUFFICIENT_COVERAGE,area-weighted state mean (LCC m2 weights),IMD RF25/TMAX1/TMIN1
Lakshadweep,LAKSHADWEEP,2024,2,,,,29,0,INSUFFICIENT_COVERAGE,area-weighted state mean (LCC m2 weights),IMD RF25/TMAX1/TMIN1
Lakshadweep,LAKSHADWEEP,2024,3,,,,31,0,INSUFFICIENT_COVERAGE,area-weighted state mean (LCC m2 weights),IMD RF25/TMAX1/TMIN1
Lakshadweep,LAKSHADWEEP,2024,4,,,,30,0,INSUFFICIENT_COVERAGE,area-weighted state mean (LCC m2 weights),IMD RF25/TMAX1/TMIN1
Lakshadweep,LAKSHADWEEP,2024,5,,,,31,0,INSUFFICIENT_COVERAGE,area-weighted state mean (LCC m2 weights),IMD RF25/TMAX1/TMIN1
Lakshadweep,LAKSHADWEEP,2024,6,,,,30,0,INSUFFICIENT_COVERAGE,area-weighted state mean (LCC m2 weights),IMD RF25/TMAX1/TMIN1
Lakshadweep,LAKSHADWEEP,2024,7,,,,31,0,INSUFFICIENT_COVERAGE,area-weighted state mean (LCC m2 weights),IMD RF25/TMAX1/TMIN1
Lakshadweep,LAKSHADWEEP,2024,8,,,,31,0,INSUFFICIENT_COVERAGE,area-weighted state mean (LCC m2 weights),IMD RF25/TMAX1/TMIN1
Lakshadweep,LAKSHADWEEP,2024,9,,,,30,0,INSUFFICIENT_COVERAGE,area-weighted state mean (LCC m2 weights),IMD RF25/TMAX1/TMIN1
Lakshadweep,LAKSHADWEEP,2024,10,,,,31,0,INSUFFICIENT_COVERAGE,area-weighted state mean (LCC m2 weights),IMD RF25/TMAX1/TMIN1
Lakshadweep,LAKSHADWEEP,2024,11,,,,30,0,INSUFFICIENT_COVERAGE,area-weighted state mean (LCC m2 weights),IMD RF25/TMAX1/TMIN1
Lakshadweep,LAKSHADWEEP,2024,12,,,,31,0,INSUFFICIENT_COVERAGE,area-weighted state mean (LCC m2 weights),IMD RF25/TMAX1/TMIN1
Andaman & Nicobar Islands,ANDAMAN & NICOBAR,2024,1,,,,31,0,INSUFFICIENT_COVERAGE,area-weighted state mean (LCC m2 weights),IMD RF25/TMAX1/TMIN1
Andaman & Nicobar Islands,ANDAMAN & NICOBAR,2024,2,,,,29,0,INSUFFICIENT_COVERAGE,area-weighted state mean (LCC m2 weights),IMD RF25/TMAX1/TMIN1
Andaman & Nicobar Islands,ANDAMAN & NICOBAR,2024,3,,,,31,0,INSUFFICIENT_COVERAGE,area-weighted state mean (LCC m2 weights),IMD RF25/TMAX1/TMIN1
Andaman & Nicobar Islands,ANDAMAN & NICOBAR,2024,4,,,,30,0,INSUFFICIENT_COVERAGE,area-weighted state mean (LCC m2 weights),IMD RF25/TMAX1/TMIN1
Andaman & Nicobar Islands,ANDAMAN & NICOBAR,2024,5,,,,31,0,INSUFFICIENT_COVERAGE,area-weighted state mean (LCC m2 weights),IMD RF25/TMAX1/TMIN1
Andaman & Nicobar Islands,ANDAMAN & NICOBAR,2024,6,,,,30,0,INSUFFICIENT_COVERAGE,area-weighted state mean (LCC m2 weights),IMD RF25/TMAX1/TMIN1
Andaman & Nicobar Islands,ANDAMAN & NICOBAR,2024,7,,,,31,0,INSUFFICIENT_COVERAGE,area-weighted state mean (LCC m2 weights),IMD RF25/TMAX1/TMIN1
Andaman & Nicobar Islands,ANDAMAN & NICOBAR,2024,8,,,,31,0,INSUFFICIENT_COVERAGE,area-weighted state mean (LCC m2 weights),IMD RF25/TMAX1/TMIN1
Andaman & Nicobar Islands,ANDAMAN & NICOBAR,2024,9,,,,30,0,INSUFFICIENT_COVERAGE,area-weighted state mean (LCC m2 weights),IMD RF25/TMAX1/TMIN1
Andaman & Nicobar Islands,ANDAMAN & NICOBAR,2024,10,,,,31,0,INSUFFICIENT_COVERAGE,area-weighted state mean (LCC m2 weights),IMD RF25/TMAX1/TMIN1
Andaman & Nicobar Islands,ANDAMAN & NICOBAR,2024,11,,,,30,0,INSUFFICIENT_COVERAGE,area-weighted state mean (LCC m2 weights),IMD RF25/TMAX1/TMIN1
Andaman & Nicobar Islands,ANDAMAN & NICOBAR,2024,12,,,,31,0,INSUFFICIENT_COVERAGE,area-weighted state mean (LCC m2 weights),IMD RF25/TMAX1/TMIN1
West Bengal,WEST BENGAL,2024,1,8.6,22.29,12.35,31,1,VERIFIED,area-weighted state mean (LCC m2 weights),IMD RF25/TMAX1/TMIN1
West Bengal,WEST BENGAL,2024,2,15.1,26.51,16.13,29,1,VERIFIED,area-weighted state mean (LCC m2 weights),IMD RF25/TMAX1/TMIN1
West Bengal,WEST BENGAL,2024,3,48.3,30.44,19.84,31,1,VERIFIED,area-weighted state mean (LCC m2 weights),IMD RF25/TMAX1/TMIN1
West Bengal,WEST BENGAL,2024,4,9.4,36.99,25.09,30,1,VERIFIED,area-weighted state mean (LCC m2 weights),IMD RF25/TMAX1/TMIN1
West Bengal,WEST BENGAL,2024,5,198.6,35.32,26.08,31,1,VERIFIED,area-weighted state mean (LCC m2 weights),IMD RF25/TMAX1/TMIN1
West Bengal,WEST BENGAL,2024,6,266.6,34.79,26.93,30,1,VERIFIED,area-weighted state mean (LCC m2 weights),IMD RF25/TMAX1/TMIN1
West Bengal,WEST BENGAL,2024,7,390.8,32.86,26.81,31,1,VERIFIED,area-weighted state mean (LCC m2 weights),IMD RF25/TMAX1/TMIN1
West Bengal,WEST BENGAL,2024,8,384.4,32.2,26.17,31,1,VERIFIED,area-weighted state mean (LCC m2 weights),IMD RF25/TMAX1/TMIN1
West Bengal,WEST BENGAL,2024,9,375.0,32.56,26.13,30,1,VERIFIED,area-weighted state mean (LCC m2 weights),IMD RF25/TMAX1/TMIN1
West Bengal,WEST BENGAL,2024,10,189.7,31.54,24.64,31,1,VERIFIED,area-weighted state mean (LCC m2 weights),IMD RF25/TMAX1/TMIN1
West Bengal,WEST BENGAL,2024,11,5.8,28.92,19.12,30,1,VERIFIED,area-weighted state mean (LCC m2 weights),IMD RF25/TMAX1/TMIN1
West Bengal,WEST BENGAL,2024,12,3.7,25.38,14.09,31,1,VERIFIED,area-weighted state mean (LCC m2 weights),IMD RF25/TMAX1/TMIN1
Kerala,KERALA,2024,1,66.5,30.05,20.27,31,1,VERIFIED,area-weighted state mean (LCC m2 weights),IMD RF25/TMAX1/TMIN1
Kerala,KERALA,2024,2,1.4,31.98,20.96,29,1,VERIFIED,area-weighted state mean (LCC m2 weights),IMD RF25/TMAX1/TMIN1
Kerala,KERALA,2024,3,6.6,33.49,22.18,31,1,VERIFIED,area-weighted state mean (LCC m2 weights),IMD RF25/TMAX1/TMIN1
Kerala,KERALA,2024,4,40.4,34.58,23.97,30,1,VERIFIED,area-weighted state mean (LCC m2 weights),IMD RF25/TMAX1/TMIN1
Kerala,KERALA,2024,5,393.5,31.8,23.32,31,1,VERIFIED,area-weighted state mean (LCC m2 weights),IMD RF25/TMAX1/TMIN1
Kerala,KERALA,2024,6,466.5,29.59,22.45,30,1,VERIFIED,area-weighted state mean (LCC m2 weights),IMD RF25/TMAX1/TMIN1
Kerala,KERALA,2024,7,776.3,28.27,21.95,31,1,VERIFIED,area-weighted state mean (LCC m2 weights),IMD RF25/TMAX1/TMIN1
Kerala,KERALA,2024,8,313.9,29.38,22.18,31,1,VERIFIED,area-weighted state mean (LCC m2 weights),IMD RF25/TMAX1/TMIN1
Kerala,KERALA,2024,9,180.4,30.51,22.15,30,1,VERIFIED,area-weighted state mean (LCC m2 weights),IMD RF25/TMAX1/TMIN1
Kerala,KERALA,2024,10,248.3,29.66,21.8,31,1,VERIFIED,area-weighted state mean (LCC m2 weights),IMD RF25/TMAX1/TMIN1
Kerala,KERALA,2024,11,118.8,29.41,21.36,30,1,VERIFIED,area-weighted state mean (LCC m2 weights),IMD RF25/TMAX1/TMIN1
Kerala,KERALA,2024,12,154.0,29.58,20.51,31,1,VERIFIED,area-weighted state mean (LCC m2 weights),IMD RF25/TMAX1/TMIN1
Chhattisgarh,CHHATTISGARH,2024,1,5.2,27.11,13.8,31,1,VERIFIED,area-weighted state mean (LCC m2 weights),IMD RF25/TMAX1/TMIN1
Chhattisgarh,CHHATTISGARH,2024,2,8.2,30.73,16.55,29,1,VERIFIED,area-weighted state mean (LCC m2 weights),IMD RF25/TMAX1/TMIN1
Chhattisgarh,CHHATTISGARH,2024,3,29.7,34.25,19.35,31,1,VERIFIED,area-weighted state mean (LCC m2 weights),IMD RF25/TMAX1/TMIN1
Chhattisgarh,CHHATTISGARH,2024,4,15.9,38.33,23.57,30,1,VERIFIED,area-weighted state mean (LCC m2 weights),IMD RF25/TMAX1/TMIN1
Chhattisgarh,CHHATTISGARH,2024,5,37.2,39.6,25.51,31,1,VERIFIED,area-weighted state mean (LCC m2 weights),IMD RF25/TMAX1/TMIN1
Chhattisgarh,CHHATTISGARH,2024,6,143.6,37.24,26.0,30,1,VERIFIED,area-weighted state mean (LCC m2 weights),IMD RF25/TMAX1/TMIN1
Chhattisgarh,CHHATTISGARH,2024,7,469.4,30.8,24.23,31,1,VERIFIED,area-weighted state mean (LCC m2 weights),IMD RF25/TMAX1/TMIN1
Chhattisgarh,CHHATTISGARH,2024,8,395.1,30.49,23.88,31,1,VERIFIED,area-weighted state mean (LCC m2 weights),IMD RF25/TMAX1/TMIN1
Chhattisgarh,CHHATTISGARH,2024,9,270.7,31.45,23.77,30,1,VERIFIED,area-weighted state mean (LCC m2 weights),IMD RF25/TMAX1/TMIN1
Chhattisgarh,CHHATTISGARH,2024,10,28.6,32.66,22.64,31,1,VERIFIED,area-weighted state mean (LCC m2 weights),IMD RF25/TMAX1/TMIN1
Chhattisgarh,CHHATTISGARH,2024,11,2.1,29.74,16.0,30,1,VERIFIED,area-weighted state mean (LCC m2 weights),IMD RF25/TMAX1/TMIN1
Chhattisgarh,CHHATTISGARH,2024,12,12.7,27.95,14.11,31,1,VERIFIED,area-weighted state mean (LCC m2 weights),IMD RF25/TMAX1/TMIN1
Odisha,ODISHA,2024,1,15.8,27.15,14.9,31,1,VERIFIED,area-weighted state mean (LCC m2 weights),IMD RF25/TMAX1/TMIN1
Odisha,ODISHA,2024,2,11.5,30.9,18.13,29,1,VERIFIED,area-weighted state mean (LCC m2 weights),IMD RF25/TMAX1/TMIN1
Odisha,ODISHA,2024,3,51.6,33.65,20.85,31,1,VERIFIED,area-weighted state mean (LCC m2 weights),IMD RF25/TMAX1/TMIN1
Odisha,ODISHA,2024,4,14.6,38.32,24.56,30,1,VERIFIED,area-weighted state mean (LCC m2 weights),IMD RF25/TMAX1/TMIN1
Odisha,ODISHA,2024,5,74.6,38.01,25.75,31,1,VERIFIED,area-weighted state mean (LCC m2 weights),IMD RF25/TMAX1/TMIN1
Odisha,ODISHA,2024,6,149.7,36.37,25.96,30,1,VERIFIED,area-weighted state mean (LCC m2 weights),IMD RF25/TMAX1/TMIN1
Odisha,ODISHA,2024,7,311.8,31.4,24.76,31,1,VERIFIED,area-weighted state mean (LCC m2 weights),IMD RF25/TMAX1/TMIN1
Odisha,ODISHA,2024,8,323.7,31.32,24.41,31,1,VERIFIED,area-weighted state mean (LCC m2 weights),IMD RF25/TMAX1/TMIN1
Odisha,ODISHA,2024,9,264.8,32.1,24.4,30,1,VERIFIED,area-weighted state mean (LCC m2 weights),IMD RF25/TMAX1/TMIN1
Odisha,ODISHA,2024,10,82.5,32.88,23.69,31,1,VERIFIED,area-weighted state mean (LCC m2 weights),IMD RF25/TMAX1/TMIN1
Odisha,ODISHA,2024,11,4.4,29.82,17.85,30,1,VERIFIED,area-weighted state mean (LCC m2 weights),IMD RF25/TMAX1/TMIN1
Odisha,ODISHA,2024,12,45.9,27.59,15.82,31,1,VERIFIED,area-weighted state mean (LCC m2 weights),IMD RF25/TMAX1/TMIN1
Chandigarh,CHANDIGARH,2024,1,0.0,15.29,5.92,31,1,VERIFIED,area-weighted state mean (LCC m2 weights),IMD RF25/TMAX1/TMIN1
Chandigarh,CHANDIGARH,2024,2,72.7,21.25,8.07,29,1,VERIFIED,area-weighted state mean (LCC m2 weights),IMD RF25/TMAX1/TMIN1
Chandigarh,CHANDIGARH,2024,3,37.5,26.73,12.74,31,1,VERIFIED,area-weighted state mean (LCC m2 weights),IMD RF25/TMAX1/TMIN1
Chandigarh,CHANDIGARH,2024,4,19.9,32.12,17.62,30,1,VERIFIED,area-weighted state mean (LCC m2 weights),IMD RF25/TMAX1/TMIN1
Chandigarh,CHANDIGARH,2024,5,0.0,36.89,22.42,31,1,VERIFIED,area-weighted state mean (LCC m2 weights),IMD RF25/TMAX1/TMIN1
Chandigarh,CHANDIGARH,2024,6,14.3,36.9,24.65,30,1,VERIFIED,area-weighted state mean (LCC m2 weights),IMD RF25/TMAX1/TMIN1
Chandigarh,CHANDIGARH,2024,7,151.8,32.38,24.29,31,1,VERIFIED,area-weighted state mean (LCC m2 weights),IMD RF25/TMAX1/TMIN1
Chandigarh,CHANDIGARH,2024,8,337.4,30.56,23.17,31,1,VERIFIED,area-weighted state mean (LCC m2 weights),IMD RF25/TMAX1/TMIN1
Chandigarh,CHANDIGARH,2024,9,186.7,30.27,22.17,30,1,VERIFIED,area-weighted state mean (LCC m2 weights),IMD RF25/TMAX1/TMIN1
Chandigarh,CHANDIGARH,2024,10,0.0,30.98,18.25,31,1,VERIFIED,area-weighted state mean (LCC m2 weights),IMD RF25/TMAX1/TMIN1
Chandigarh,CHANDIGARH,2024,11,0.0,25.37,12.84,30,1,VERIFIED,area-weighted state mean (LCC m2 weights),IMD RF25/TMAX1/TMIN1
Chandigarh,CHANDIGARH,2024,12,39.0,19.72,7.07,31,1,VERIFIED,area-weighted state mean (LCC m2 weights),IMD RF25/TMAX1/TMIN1
Delhi,DELHI,2024,1,0.0,16.24,6.64,31,1,VERIFIED,area-weighted state mean (LCC m2 weights),IMD RF25/TMAX1/TMIN1
Delhi,DELHI,2024,2,24.4,23.93,9.75,29,1,VERIFIED,area-weighted state mean (LCC m2 weights),IMD RF25/TMAX1/TMIN1
Delhi,DELHI,2024,3,8.9,29.68,14.26,31,1,VERIFIED,area-weighted state mean (LCC m2 weights),IMD RF25/TMAX1/TMIN1
Delhi,DELHI,2024,4,9.3,37.21,20.7,30,1,VERIFIED,area-weighted state mean (LCC m2 weights),IMD RF25/TMAX1/TMIN1
Delhi,DELHI,2024,5,0.8,41.92,25.9,31,1,VERIFIED,area-weighted state mean (LCC m2 weights),IMD RF25/TMAX1/TMIN1
Delhi,DELHI,2024,6,87.0,41.48,28.21,30,1,VERIFIED,area-weighted state mean (LCC m2 weights),IMD RF25/TMAX1/TMIN1
Delhi,DELHI,2024,7,132.7,35.92,27.51,31,1,VERIFIED,area-weighted state mean (LCC m2 weights),IMD RF25/TMAX1/TMIN1
Delhi,DELHI,2024,8,293.8,33.58,25.94,31,1,VERIFIED,area-weighted state mean (LCC m2 weights),IMD RF25/TMAX1/TMIN1
Delhi,DELHI,2024,9,144.8,33.16,25.21,30,1,VERIFIED,area-weighted state mean (LCC m2 weights),IMD RF25/TMAX1/TMIN1
Delhi,DELHI,2024,10,0.0,34.49,21.05,31,1,VERIFIED,area-weighted state mean (LCC m2 weights),IMD RF25/TMAX1/TMIN1
Delhi,DELHI,2024,11,0.0,29.1,14.7,30,1,VERIFIED,area-weighted state mean (LCC m2 weights),IMD RF25/TMAX1/TMIN1
Delhi,DELHI,2024,12,37.1,22.3,8.42,31,1,VERIFIED,area-weighted state mean (LCC m2 weights),IMD RF25/TMAX1/TMIN1
Gujarat,GUJARAT,2024,1,0.7,28.27,13.62,31,1,VERIFIED,area-weighted state mean (LCC m2 weights),IMD RF25/TMAX1/TMIN1
Gujarat,GUJARAT,2024,2,0.0,31.0,16.36,29,1,VERIFIED,area-weighted state mean (LCC m2 weights),IMD RF25/TMAX1/TMIN1
Gujarat,GUJARAT,2024,3,2.6,34.16,19.12,31,1,VERIFIED,area-weighted state mean (LCC m2 weights),IMD RF25/TMAX1/TMIN1
Gujarat,GUJARAT,2024,4,1.5,36.97,23.86,30,1,VERIFIED,area-weighted state mean (LCC m2 weights),IMD RF25/TMAX1/TMIN1
Gujarat,GUJARAT,2024,5,6.6,39.12,26.83,31,1,VERIFIED,area-weighted state mean (LCC m2 weights),IMD RF25/TMAX1/TMIN1
Gujarat,GUJARAT,2024,6,74.6,36.77,27.4,30,1,VERIFIED,area-weighted state mean (LCC m2 weights),IMD RF25/TMAX1/TMIN1
Gujarat,GUJARAT,2024,7,384.8,32.16,26.27,31,1,VERIFIED,area-weighted state mean (LCC m2 weights),IMD RF25/TMAX1/TMIN1
Gujarat,GUJARAT,2024,8,425.8,30.85,25.11,31,1,VERIFIED,area-weighted state mean (LCC m2 weights),IMD RF25/TMAX1/TMIN1
Gujarat,GUJARAT,2024,9,186.8,32.26,24.77,30,1,VERIFIED,area-weighted state mean (LCC m2 weights),IMD RF25/TMAX1/TMIN1
Gujarat,GUJARAT,2024,10,47.3,34.5,24.12,31,1,VERIFIED,area-weighted state mean (LCC m2 weights),IMD RF25/TMAX1/TMIN1
Gujarat,GUJARAT,2024,11,0.0,33.17,18.65,30,1,VERIFIED,area-weighted state mean (LCC m2 weights),IMD RF25/TMAX1/TMIN1
Gujarat,GUJARAT,2024,12,0.1,28.08,13.85,31,1,VERIFIED,area-weighted state mean (LCC m2 weights),IMD RF25/TMAX1/TMIN1
Haryana,HARYANA,2024,1,0.0,16.3,6.26,31,1,VERIFIED,area-weighted state mean (LCC m2 weights),IMD RF25/TMAX1/TMIN1
Haryana,HARYANA,2024,2,18.4,23.21,9.13,29,1,VERIFIED,area-weighted state mean (LCC m2 weights),IMD RF25/TMAX1/TMIN1
Haryana,HARYANA,2024,3,20.6,29.04,13.84,31,1,VERIFIED,area-weighted state mean (LCC m2 weights),IMD RF25/TMAX1/TMIN1
Haryana,HARYANA,2024,4,4.0,35.91,20.06,30,1,VERIFIED,area-weighted state mean (LCC m2 weights),IMD RF25/TMAX1/TMIN1
Haryana,HARYANA,2024,5,4.5,41.19,25.35,31,1,VERIFIED,area-weighted state mean (LCC m2 weights),IMD RF25/TMAX1/TMIN1
Haryana,HARYANA,2024,6,34.2,40.6,27.71,30,1,VERIFIED,area-weighted state mean (LCC m2 weights),IMD RF25/TMAX1/TMIN1
Haryana,HARYANA,2024,7,93.7,35.56,26.94,31,1,VERIFIED,area-weighted state mean (LCC m2 weights),IMD RF25/TMAX1/TMIN1
Haryana,HARYANA,2024,8,194.4,32.89,25.41,31,1,VERIFIED,area-weighted state mean (LCC m2 weights),IMD RF25/TMAX1/TMIN1
Haryana,HARYANA,2024,9,117.9,32.92,24.58,30,1,VERIFIED,area-weighted state mean (LCC m2 weights),IMD RF25/TMAX1/TMIN1
Haryana,HARYANA,2024,10,0.9,34.25,20.35,31,1,VERIFIED,area-weighted state mean (LCC m2 weights),IMD RF25/TMAX1/TMIN1
Haryana,HARYANA,2024,11,0.0,28.6,14.12,30,1,VERIFIED,area-weighted state mean (LCC m2 weights),IMD RF25/TMAX1/TMIN1
Haryana,HARYANA,2024,12,27.5,21.62,7.89,31,1,VERIFIED,area-weighted state mean (LCC m2 weights),IMD RF25/TMAX1/TMIN1
Punjab,PUNJAB,2024,1,1.2,14.46,5.41,31,1,VERIFIED,area-weighted state mean (LCC m2 weights),IMD RF25/TMAX1/TMIN1
Punjab,PUNJAB,2024,2,21.5,20.3,7.49,29,1,VERIFIED,area-weighted state mean (LCC m2 weights),IMD RF25/TMAX1/TMIN1
Punjab,PUNJAB,2024,3,26.7,25.89,12.2,31,1,VERIFIED,area-weighted state mean (LCC m2 weights),IMD RF25/TMAX1/TMIN1
Punjab,PUNJAB,2024,4,9.2,32.18,17.43,30,1,VERIFIED,area-weighted state mean (LCC m2 weights),IMD RF25/TMAX1/TMIN1
Punjab,PUNJAB,2024,5,2.9,38.03,22.67,31,1,VERIFIED,area-weighted state mean (LCC m2 weights),IMD RF25/TMAX1/TMIN1
Punjab,PUNJAB,2024,6,28.5,38.12,25.16,30,1,VERIFIED,area-weighted state mean (LCC m2 weights),IMD RF25/TMAX1/TMIN1
Punjab,PUNJAB,2024,7,105.1,33.86,25.28,31,1,VERIFIED,area-weighted state mean (LCC m2 weights),IMD RF25/TMAX1/TMIN1
Punjab,PUNJAB,2024,8,190.9,31.53,24.03,31,1,VERIFIED,area-weighted state mean (LCC m2 weights),IMD RF25/TMAX1/TMIN1
Punjab,PUNJAB,2024,9,60.9,31.72,22.94,30,1,VERIFIED,area-weighted state mean (LCC m2 weights),IMD RF25/TMAX1/TMIN1
Punjab,PUNJAB,2024,10,3.3,32.01,18.34,31,1,VERIFIED,area-weighted state mean (LCC m2 weights),IMD RF25/TMAX1/TMIN1
Punjab,PUNJAB,2024,11,0.0,25.94,12.7,30,1,VERIFIED,area-weighted state mean (LCC m2 weights),IMD RF25/TMAX1/TMIN1
Punjab,PUNJAB,2024,12,26.5,19.51,6.68,31,1,VERIFIED,area-weighted state mean (LCC m2 weights),IMD RF25/TMAX1/TMIN1
Uttar Pradesh,UTTAR PRADESH,2024,1,2.4,18.15,7.96,31,1,VERIFIED,area-weighted state mean (LCC m2 weights),IMD RF25/TMAX1/TMIN1
Uttar Pradesh,UTTAR PRADESH,2024,2,17.8,24.97,11.17,29,1,VERIFIED,area-weighted state mean (LCC m2 weights),IMD RF25/TMAX1/TMIN1
Uttar Pradesh,UTTAR PRADESH,2024,3,16.2,30.83,15.33,31,1,VERIFIED,area-weighted state mean (LCC m2 weights),IMD RF25/TMAX1/TMIN1
Uttar Pradesh,UTTAR PRADESH,2024,4,1.3,38.4,21.66,30,1,VERIFIED,area-weighted state mean (LCC m2 weights),IMD RF25/TMAX1/TMIN1
Uttar Pradesh,UTTAR PRADESH,2024,5,5.2,40.48,25.79,31,1,VERIFIED,area-weighted state mean (LCC m2 weights),IMD RF25/TMAX1/TMIN1
Uttar Pradesh,UTTAR PRADESH,2024,6,64.7,40.42,27.9,30,1,VERIFIED,area-weighted state mean (LCC m2 weights),IMD RF25/TMAX1/TMIN1
Uttar Pradesh,UTTAR PRADESH,2024,7,257.5,34.51,26.59,31,1,VERIFIED,area-weighted state mean (LCC m2 weights),IMD RF25/TMAX1/TMIN1
Uttar Pradesh,UTTAR PRADESH,2024,8,236.6,33.05,25.34,31,1,VERIFIED,area-weighted state mean (LCC m2 weights),IMD RF25/TMAX1/TMIN1
Uttar Pradesh,UTTAR PRADESH,2024,9,226.3,32.51,24.84,30,1,VERIFIED,area-weighted state mean (LCC m2 weights),IMD RF25/TMAX1/TMIN1
Uttar Pradesh,UTTAR PRADESH,2024,10,2.2,33.49,21.87,31,1,VERIFIED,area-weighted state mean (LCC m2 weights),IMD RF25/TMAX1/TMIN1
Uttar Pradesh,UTTAR PRADESH,2024,11,0.0,29.26,15.07,30,1,VERIFIED,area-weighted state mean (LCC m2 weights),IMD RF25/TMAX1/TMIN1
Uttar Pradesh,UTTAR PRADESH,2024,12,5.1,24.14,9.44,31,1,VERIFIED,area-weighted state mean (LCC m2 weights),IMD RF25/TMAX1/TMIN1
Karnataka,KARNATAKA,2024,1,7.3,30.49,17.5,31,1,VERIFIED,area-weighted state mean (LCC m2 weights),IMD RF25/TMAX1/TMIN1
Karnataka,KARNATAKA,2024,2,0.0,33.39,18.65,29,1,VERIFIED,area-weighted state mean (LCC m2 weights),IMD RF25/TMAX1/TMIN1
Karnataka,KARNATAKA,2024,3,0.7,35.58,21.3,31,1,VERIFIED,area-weighted state mean (LCC m2 weights),IMD RF25/TMAX1/TMIN1
Karnataka,KARNATAKA,2024,4,18.3,37.14,23.6,30,1,VERIFIED,area-weighted state mean (LCC m2 weights),IMD RF25/TMAX1/TMIN1
Karnataka,KARNATAKA,2024,5,123.1,34.86,23.22,31,1,VERIFIED,area-weighted state mean (LCC m2 weights),IMD RF25/TMAX1/TMIN1
Karnataka,KARNATAKA,2024,6,178.3,30.51,22.09,30,1,VERIFIED,area-weighted state mean (LCC m2 weights),IMD RF25/TMAX1/TMIN1
Karnataka,KARNATAKA,2024,7,351.4,28.02,21.63,31,1,VERIFIED,area-weighted state mean (LCC m2 weights),IMD RF25/TMAX1/TMIN1
Karnataka,KARNATAKA,2024,8,213.9,29.23,21.74,31,1,VERIFIED,area-weighted state mean (LCC m2 weights),IMD RF25/TMAX1/TMIN1
Karnataka,KARNATAKA,2024,9,117.3,29.84,21.17,30,1,VERIFIED,area-weighted state mean (LCC m2 weights),IMD RF25/TMAX1/TMIN1
Karnataka,KARNATAKA,2024,10,189.6,30.17,21.22,31,1,VERIFIED,area-weighted state mean (LCC m2 weights),IMD RF25/TMAX1/TMIN1
Karnataka,KARNATAKA,2024,11,21.5,29.97,18.9,30,1,VERIFIED,area-weighted state mean (LCC m2 weights),IMD RF25/TMAX1/TMIN1
Karnataka,KARNATAKA,2024,12,27.8,29.31,18.27,31,1,VERIFIED,area-weighted state mean (LCC m2 weights),IMD RF25/TMAX1/TMIN1
Andhra Pradesh,ANDHRA PRADESH,2024,1,2.1,30.2,19.71,31,1,VERIFIED,area-weighted state mean (LCC m2 weights),IMD RF25/TMAX1/TMIN1
Andhra Pradesh,ANDHRA PRADESH,2024,2,0.1,33.31,21.01,29,1,VERIFIED,area-weighted state mean (LCC m2 weights),IMD RF25/TMAX1/TMIN1
Andhra Pradesh,ANDHRA PRADESH,2024,3,4.3,35.88,23.3,31,1,VERIFIED,area-weighted state mean (LCC m2 weights),IMD RF25/TMAX1/TMIN1
Andhra Pradesh,ANDHRA PRADESH,2024,4,2.4,38.79,25.9,30,1,VERIFIED,area-weighted state mean (LCC m2 weights),IMD RF25/TMAX1/TMIN1
Andhra Pradesh,ANDHRA PRADESH,2024,5,75.5,37.59,26.59,31,1,VERIFIED,area-weighted state mean (LCC m2 weights),IMD RF25/TMAX1/TMIN1
Andhra Pradesh,ANDHRA PRADESH,2024,6,157.1,34.77,25.57,30,1,VERIFIED,area-weighted state mean (LCC m2 weights),IMD RF25/TMAX1/TMIN1
Andhra Pradesh,ANDHRA PRADESH,2024,7,170.5,32.02,24.82,31,1,VERIFIED,area-weighted state mean (LCC m2 weights),IMD RF25/TMAX1/TMIN1
Andhra Pradesh,ANDHRA PRADESH,2024,8,164.7,32.78,24.95,31,1,VERIFIED,area-weighted state mean (LCC m2 weights),IMD RF25/TMAX1/TMIN1
Andhra Pradesh,ANDHRA PRADESH,2024,9,166.9,32.53,24.46,30,1,VERIFIED,area-weighted state mean (LCC m2 weights),IMD RF25/TMAX1/TMIN1
Andhra Pradesh,ANDHRA PRADESH,2024,10,183.2,32.26,23.93,31,1,VERIFIED,area-weighted state mean (LCC m2 weights),IMD RF25/TMAX1/TMIN1
Andhra Pradesh,ANDHRA PRADESH,2024,11,44.2,30.4,21.22,30,1,VERIFIED,area-weighted state mean (LCC m2 weights),IMD RF25/TMAX1/TMIN1
Andhra Pradesh,ANDHRA PRADESH,2024,12,98.4,29.01,20.59,31,1,VERIFIED,area-weighted state mean (LCC m2 weights),IMD RF25/TMAX1/TMIN1
Bihar,BIHAR,2024,1,0.9,20.15,9.62,31,1,VERIFIED,area-weighted state mean (LCC m2 weights),IMD RF25/TMAX1/TMIN1
Bihar,BIHAR,2024,2,12.0,25.8,12.98,29,1,VERIFIED,area-weighted state mean (LCC m2 weights),IMD RF25/TMAX1/TMIN1
Bihar,BIHAR,2024,3,31.9,30.63,17.05,31,1,VERIFIED,area-weighted state mean (LCC m2 weights),IMD RF25/TMAX1/TMIN1
Bihar,BIHAR,2024,4,0.8,38.44,23.17,30,1,VERIFIED,area-weighted state mean (LCC m2 weights),IMD RF25/TMAX1/TMIN1
Bihar,BIHAR,2024,5,60.8,37.59,25.34,31,1,VERIFIED,area-weighted state mean (LCC m2 weights),IMD RF25/TMAX1/TMIN1
Bihar,BIHAR,2024,6,100.6,37.53,26.82,30,1,VERIFIED,area-weighted state mean (LCC m2 weights),IMD RF25/TMAX1/TMIN1
Bihar,BIHAR,2024,7,250.5,34.22,26.47,31,1,VERIFIED,area-weighted state mean (LCC m2 weights),IMD RF25/TMAX1/TMIN1
Bihar,BIHAR,2024,8,273.3,33.36,25.49,31,1,VERIFIED,area-weighted state mean (LCC m2 weights),IMD RF25/TMAX1/TMIN1
Bihar,BIHAR,2024,9,238.6,33.18,25.38,30,1,VERIFIED,area-weighted state mean (LCC m2 weights),IMD RF25/TMAX1/TMIN1
Bihar,BIHAR,2024,10,24.4,32.19,24.08,31,1,VERIFIED,area-weighted state mean (LCC m2 weights),IMD RF25/TMAX1/TMIN1
Bihar,BIHAR,2024,11,0.2,29.13,17.77,30,1,VERIFIED,area-weighted state mean (LCC m2 weights),IMD RF25/TMAX1/TMIN1
Bihar,BIHAR,2024,12,0.0,25.18,11.89,31,1,VERIFIED,area-weighted state mean (LCC m2 weights),IMD RF25/TMAX1/TMIN1
Goa,GOA,2024,1,3.6,31.84,19.0,31,1,VERIFIED,area-weighted state mean (LCC m2 weights),IMD RF25/TMAX1/TMIN1
Goa,GOA,2024,2,0.0,33.35,19.67,29,1,VERIFIED,area-weighted state mean (LCC m2 weights),IMD RF25/TMAX1/TMIN1
Goa,GOA,2024,3,0.9,34.03,22.08,31,1,VERIFIED,area-weighted state mean (LCC m2 weights),IMD RF25/TMAX1/TMIN1
Goa,GOA,2024,4,16.0,35.26,24.74,30,1,VERIFIED,area-weighted state mean (LCC m2 weights),IMD RF25/TMAX1/TMIN1
Goa,GOA,2024,5,60.5,34.31,24.71,31,1,VERIFIED,area-weighted state mean (LCC m2 weights),IMD RF25/TMAX1/TMIN1
Goa,GOA,2024,6,795.0,30.35,23.64,30,1,VERIFIED,area-weighted state mean (LCC m2 weights),IMD RF25/TMAX1/TMIN1
Goa,GOA,2024,7,2407.3,27.82,23.09,31,1,VERIFIED,area-weighted state mean (LCC m2 weights),IMD RF25/TMAX1/TMIN1
Goa,GOA,2024,8,1111.2,29.3,23.4,31,1,VERIFIED,area-weighted state mean (LCC m2 weights),IMD RF25/TMAX1/TMIN1
Goa,GOA,2024,9,513.4,29.81,22.81,30,1,VERIFIED,area-weighted state mean (LCC m2 weights),IMD RF25/TMAX1/TMIN1
Goa,GOA,2024,10,306.0,31.12,23.18,31,1,VERIFIED,area-weighted state mean (LCC m2 weights),IMD RF25/TMAX1/TMIN1
Goa,GOA,2024,11,60.7,32.37,20.66,30,1,VERIFIED,area-weighted state mean (LCC m2 weights),IMD RF25/TMAX1/TMIN1
Goa,GOA,2024,12,19.5,31.59,20.23,31,1,VERIFIED,area-weighted state mean (LCC m2 weights),IMD RF25/TMAX1/TMIN1
Jharkhand,JHARKHAND,2024,1,9.2,23.24,11.26,31,1,VERIFIED,area-weighted state mean (LCC m2 weights),IMD RF25/TMAX1/TMIN1
Jharkhand,JHARKHAND,2024,2,24.2,27.97,14.81,29,1,VERIFIED,area-weighted state mean (LCC m2 weights),IMD RF25/TMAX1/TMIN1
Jharkhand,JHARKHAND,2024,3,36.6,32.01,18.23,31,1,VERIFIED,area-weighted state mean (LCC m2 weights),IMD RF25/TMAX1/TMIN1
Jharkhand,JHARKHAND,2024,4,2.0,38.84,23.77,30,1,VERIFIED,area-weighted state mean (LCC m2 weights),IMD RF25/TMAX1/TMIN1
Jharkhand,JHARKHAND,2024,5,68.3,38.65,25.57,31,1,VERIFIED,area-weighted state mean (LCC m2 weights),IMD RF25/TMAX1/TMIN1
Jharkhand,JHARKHAND,2024,6,73.4,38.03,26.81,30,1,VERIFIED,area-weighted state mean (LCC m2 weights),IMD RF25/TMAX1/TMIN1
Jharkhand,JHARKHAND,2024,7,249.4,33.56,25.85,31,1,VERIFIED,area-weighted state mean (LCC m2 weights),IMD RF25/TMAX1/TMIN1
Jharkhand,JHARKHAND,2024,8,445.3,32.51,25.06,31,1,VERIFIED,area-weighted state mean (LCC m2 weights),IMD RF25/TMAX1/TMIN1
Jharkhand,JHARKHAND,2024,9,305.3,32.66,24.9,30,1,VERIFIED,area-weighted state mean (LCC m2 weights),IMD RF25/TMAX1/TMIN1
Jharkhand,JHARKHAND,2024,10,82.0,32.36,23.79,31,1,VERIFIED,area-weighted state mean (LCC m2 weights),IMD RF25/TMAX1/TMIN1
Jharkhand,JHARKHAND,2024,11,0.6,29.36,17.23,30,1,VERIFIED,area-weighted state mean (LCC m2 weights),IMD RF25/TMAX1/TMIN1
Jharkhand,JHARKHAND,2024,12,2.5,26.16,12.85,31,1,VERIFIED,area-weighted state mean (LCC m2 weights),IMD RF25/TMAX1/TMIN1
Madhya Pradesh,MADHYA PRADESH,2024,1,7.8,24.03,10.52,31,1,VERIFIED,area-weighted state mean (LCC m2 weights),IMD RF25/TMAX1/TMIN1
Madhya Pradesh,MADHYA PRADESH,2024,2,11.3,28.37,13.26,29,1,VERIFIED,area-weighted state mean (LCC m2 weights),IMD RF25/TMAX1/TMIN1
Madhya Pradesh,MADHYA PRADESH,2024,3,12.5,33.84,16.97,31,1,VERIFIED,area-weighted state mean (LCC m2 weights),IMD RF25/TMAX1/TMIN1
Madhya Pradesh,MADHYA PRADESH,2024,4,16.7,38.2,22.54,30,1,VERIFIED,area-weighted state mean (LCC m2 weights),IMD RF25/TMAX1/TMIN1
Madhya Pradesh,MADHYA PRADESH,2024,5,11.8,41.48,26.25,31,1,VERIFIED,area-weighted state mean (LCC m2 weights),IMD RF25/TMAX1/TMIN1
Madhya Pradesh,MADHYA PRADESH,2024,6,116.3,38.85,26.89,30,1,VERIFIED,area-weighted state mean (LCC m2 weights),IMD RF25/TMAX1/TMIN1
Madhya Pradesh,MADHYA PRADESH,2024,7,354.5,32.0,24.76,31,1,VERIFIED,area-weighted state mean (LCC m2 weights),IMD RF25/TMAX1/TMIN1
Madhya Pradesh,MADHYA PRADESH,2024,8,394.3,30.46,23.75,31,1,VERIFIED,area-weighted state mean (LCC m2 weights),IMD RF25/TMAX1/TMIN1
Madhya Pradesh,MADHYA PRADESH,2024,9,250.2,31.26,23.44,30,1,VERIFIED,area-weighted state mean (LCC m2 weights),IMD RF25/TMAX1/TMIN1
Madhya Pradesh,MADHYA PRADESH,2024,10,26.6,33.08,21.25,31,1,VERIFIED,area-weighted state mean (LCC m2 weights),IMD RF25/TMAX1/TMIN1
Madhya Pradesh,MADHYA PRADESH,2024,11,0.0,30.01,14.19,30,1,VERIFIED,area-weighted state mean (LCC m2 weights),IMD RF25/TMAX1/TMIN1
Madhya Pradesh,MADHYA PRADESH,2024,12,18.0,26.33,10.69,31,1,VERIFIED,area-weighted state mean (LCC m2 weights),IMD RF25/TMAX1/TMIN1
Maharashtra,MAHARASHTRA,2024,1,1.7,29.76,15.22,31,1,VERIFIED,area-weighted state mean (LCC m2 weights),IMD RF25/TMAX1/TMIN1
Maharashtra,MAHARASHTRA,2024,2,3.2,32.75,16.9,29,1,VERIFIED,area-weighted state mean (LCC m2 weights),IMD RF25/TMAX1/TMIN1
Maharashtra,MAHARASHTRA,2024,3,5.2,36.12,19.87,31,1,VERIFIED,area-weighted state mean (LCC m2 weights),IMD RF25/TMAX1/TMIN1
Maharashtra,MAHARASHTRA,2024,4,18.1,38.58,23.63,30,1,VERIFIED,area-weighted state mean (LCC m2 weights),IMD RF25/TMAX1/TMIN1
Maharashtra,MAHARASHTRA,2024,5,25.0,39.05,25.08,31,1,VERIFIED,area-weighted state mean (LCC m2 weights),IMD RF25/TMAX1/TMIN1
Maharashtra,MAHARASHTRA,2024,6,201.7,34.68,24.34,30,1,VERIFIED,area-weighted state mean (LCC m2 weights),IMD RF25/TMAX1/TMIN1
Maharashtra,MAHARASHTRA,2024,7,513.7,29.61,23.04,31,1,VERIFIED,area-weighted state mean (LCC m2 weights),IMD RF25/TMAX1/TMIN1
Maharashtra,MAHARASHTRA,2024,8,287.1,30.26,22.97,31,1,VERIFIED,area-weighted state mean (LCC m2 weights),IMD RF25/TMAX1/TMIN1
Maharashtra,MAHARASHTRA,2024,9,225.4,30.65,22.42,30,1,VERIFIED,area-weighted state mean (LCC m2 weights),IMD RF25/TMAX1/TMIN1
Maharashtra,MAHARASHTRA,2024,10,86.9,32.64,21.88,31,1,VERIFIED,area-weighted state mean (LCC m2 weights),IMD RF25/TMAX1/TMIN1
Maharashtra,MAHARASHTRA,2024,11,2.0,31.09,16.52,30,1,VERIFIED,area-weighted state mean (LCC m2 weights),IMD RF25/TMAX1/TMIN1
Maharashtra,MAHARASHTRA,2024,12,2.9,29.78,15.78,31,1,VERIFIED,area-weighted state mean (LCC m2 weights),IMD RF25/TMAX1/TMIN1
Puducherry,PUDUCHERRY,2024,1,206.1,30.32,22.63,31,1,VERIFIED,area-weighted state mean (LCC m2 weights),IMD RF25/TMAX1/TMIN1
Puducherry,PUDUCHERRY,2024,2,0.2,32.62,23.53,29,1,VERIFIED,area-weighted state mean (LCC m2 weights),IMD RF25/TMAX1/TMIN1
Puducherry,PUDUCHERRY,2024,3,1.3,34.65,24.32,31,1,VERIFIED,area-weighted state mean (LCC m2 weights),IMD RF25/TMAX1/TMIN1
Puducherry,PUDUCHERRY,2024,4,0.4,36.87,26.86,30,1,VERIFIED,area-weighted state mean (LCC m2 weights),IMD RF25/TMAX1/TMIN1
Puducherry,PUDUCHERRY,2024,5,64.0,36.02,27.32,31,1,VERIFIED,area-weighted state mean (LCC m2 weights),IMD RF25/TMAX1/TMIN1
Puducherry,PUDUCHERRY,2024,6,112.3,35.27,26.32,30,1,VERIFIED,area-weighted state mean (LCC m2 weights),IMD RF25/TMAX1/TMIN1
Puducherry,PUDUCHERRY,2024,7,85.5,35.09,26.39,31,1,VERIFIED,area-weighted state mean (LCC m2 weights),IMD RF25/TMAX1/TMIN1
Puducherry,PUDUCHERRY,2024,8,201.3,34.81,25.86,31,1,VERIFIED,area-weighted state mean (LCC m2 weights),IMD RF25/TMAX1/TMIN1
Puducherry,PUDUCHERRY,2024,9,64.7,35.77,26.24,30,1,VERIFIED,area-weighted state mean (LCC m2 weights),IMD RF25/TMAX1/TMIN1
Puducherry,PUDUCHERRY,2024,10,205.5,32.55,24.93,31,1,VERIFIED,area-weighted state mean (LCC m2 weights),IMD RF25/TMAX1/TMIN1
Puducherry,PUDUCHERRY,2024,11,391.5,30.01,23.74,30,1,VERIFIED,area-weighted state mean (LCC m2 weights),IMD RF25/TMAX1/TMIN1
Puducherry,PUDUCHERRY,2024,12,396.3,29.74,23.34,31,1,VERIFIED,area-weighted state mean (LCC m2 weights),IMD RF25/TMAX1/TMIN1
Rajasthan,RAJASTHAN,2024,1,0.5,22.14,8.08,31,1,VERIFIED,area-weighted state mean (LCC m2 weights),IMD RF25/TMAX1/TMIN1
Rajasthan,RAJASTHAN,2024,2,4.8,26.75,11.75,29,1,VERIFIED,area-weighted state mean (LCC m2 weights),IMD RF25/TMAX1/TMIN1
Rajasthan,RAJASTHAN,2024,3,2.8,32.41,16.55,31,1,VERIFIED,area-weighted state mean (LCC m2 weights),IMD RF25/TMAX1/TMIN1
Rajasthan,RAJASTHAN,2024,4,3.5,37.25,22.62,30,1,VERIFIED,area-weighted state mean (LCC m2 weights),IMD RF25/TMAX1/TMIN1
Rajasthan,RAJASTHAN,2024,5,4.1,42.54,27.41,31,1,VERIFIED,area-weighted state mean (LCC m2 weights),IMD RF25/TMAX1/TMIN1
Rajasthan,RAJASTHAN,2024,6,51.2,40.23,28.34,30,1,VERIFIED,area-weighted state mean (LCC m2 weights),IMD RF25/TMAX1/TMIN1
Rajasthan,RAJASTHAN,2024,7,161.5,35.43,26.87,31,1,VERIFIED,area-weighted state mean (LCC m2 weights),IMD RF25/TMAX1/TMIN1
Rajasthan,RAJASTHAN,2024,8,343.8,31.56,24.9,31,1,VERIFIED,area-weighted state mean (LCC m2 weights),IMD RF25/TMAX1/TMIN1
Rajasthan,RAJASTHAN,2024,9,122.0,33.35,24.67,30,1,VERIFIED,area-weighted state mean (LCC m2 weights),IMD RF25/TMAX1/TMIN1
Rajasthan,RAJASTHAN,2024,10,7.2,35.32,21.79,31,1,VERIFIED,area-weighted state mean (LCC m2 weights),IMD RF25/TMAX1/TMIN1
Rajasthan,RAJASTHAN,2024,11,0.0,31.26,15.31,30,1,VERIFIED,area-weighted state mean (LCC m2 weights),IMD RF25/TMAX1/TMIN1
Rajasthan,RAJASTHAN,2024,12,6.4,24.12,9.2,31,1,VERIFIED,area-weighted state mean (LCC m2 weights),IMD RF25/TMAX1/TMIN1
Tamil Nadu,TAMIL NADU,2024,1,53.2,29.84,20.69,31,1,VERIFIED,area-weighted state mean (LCC m2 weights),IMD RF25/TMAX1/TMIN1
Tamil Nadu,TAMIL NADU,2024,2,2.2,32.42,21.66,29,1,VERIFIED,area-weighted state mean (LCC m2 weights),IMD RF25/TMAX1/TMIN1
Tamil Nadu,TAMIL NADU,2024,3,1.2,34.68,22.77,31,1,VERIFIED,area-weighted state mean (LCC m2 weights),IMD RF25/TMAX1/TMIN1
Tamil Nadu,TAMIL NADU,2024,4,5.6,36.53,25.18,30,1,VERIFIED,area-weighted state mean (LCC m2 weights),IMD RF25/TMAX1/TMIN1
Tamil Nadu,TAMIL NADU,2024,5,122.8,34.77,25.32,31,1,VERIFIED,area-weighted state mean (LCC m2 weights),IMD RF25/TMAX1/TMIN1
Tamil Nadu,TAMIL NADU,2024,6,105.4,33.21,24.4,30,1,VERIFIED,area-weighted state mean (LCC m2 weights),IMD RF25/TMAX1/TMIN1
Tamil Nadu,TAMIL NADU,2024,7,74.5,32.59,24.32,31,1,VERIFIED,area-weighted state mean (LCC m2 weights),IMD RF25/TMAX1/TMIN1
Tamil Nadu,TAMIL NADU,2024,8,162.3,32.82,24.0,31,1,VERIFIED,area-weighted state mean (LCC m2 weights),IMD RF25/TMAX1/TMIN1
Tamil Nadu,TAMIL NADU,2024,9,41.4,33.81,24.17,30,1,VERIFIED,area-weighted state mean (LCC m2 weights),IMD RF25/TMAX1/TMIN1
Tamil Nadu,TAMIL NADU,2024,10,210.1,31.16,23.06,31,1,VERIFIED,area-weighted state mean (LCC m2 weights),IMD RF25/TMAX1/TMIN1
Tamil Nadu,TAMIL NADU,2024,11,149.8,29.22,22.05,30,1,VERIFIED,area-weighted state mean (LCC m2 weights),IMD RF25/TMAX1/TMIN1
Tamil Nadu,TAMIL NADU,2024,12,237.2,29.07,21.31,31,1,VERIFIED,area-weighted state mean (LCC m2 weights),IMD RF25/TMAX1/TMIN1
Telangana,TELANGANA,2024,1,0.1,30.51,18.27,31,1,VERIFIED,area-weighted state mean (LCC m2 weights),IMD RF25/TMAX1/TMIN1
Telangana,TELANGANA,2024,2,0.7,33.83,19.97,29,1,VERIFIED,area-weighted state mean (LCC m2 weights),IMD RF25/TMAX1/TMIN1
Telangana,TELANGANA,2024,3,5.6,36.95,23.04,31,1,VERIFIED,area-weighted state mean (LCC m2 weights),IMD RF25/TMAX1/TMIN1
Telangana,TELANGANA,2024,4,8.8,40.01,25.77,30,1,VERIFIED,area-weighted state mean (LCC m2 weights),IMD RF25/TMAX1/TMIN1
Telangana,TELANGANA,2024,5,70.8,39.33,26.17,31,1,VERIFIED,area-weighted state mean (LCC m2 weights),IMD RF25/TMAX1/TMIN1
Telangana,TELANGANA,2024,6,168.3,35.26,25.36,30,1,VERIFIED,area-weighted state mean (LCC m2 weights),IMD RF25/TMAX1/TMIN1
Telangana,TELANGANA,2024,7,329.0,30.82,23.96,31,1,VERIFIED,area-weighted state mean (LCC m2 weights),IMD RF25/TMAX1/TMIN1
Telangana,TELANGANA,2024,8,223.0,31.56,24.24,31,1,VERIFIED,area-weighted state mean (LCC m2 weights),IMD RF25/TMAX1/TMIN1
Telangana,TELANGANA,2024,9,310.3,31.17,23.61,30,1,VERIFIED,area-weighted state mean (LCC m2 weights),IMD RF25/TMAX1/TMIN1
Telangana,TELANGANA,2024,10,64.9,32.56,23.2,31,1,VERIFIED,area-weighted state mean (LCC m2 weights),IMD RF25/TMAX1/TMIN1
Telangana,TELANGANA,2024,11,7.1,30.88,18.71,30,1,VERIFIED,area-weighted state mean (LCC m2 weights),IMD RF25/TMAX1/TMIN1
Telangana,TELANGANA,2024,12,17.8,29.99,18.45,31,1,VERIFIED,area-weighted state mean (LCC m2 weights),IMD RF25/TMAX1/TMIN1
Tripura,TRIPURA,2024,1,0.4,20.85,9.62,31,1,VERIFIED,area-weighted state mean (LCC m2 weights),IMD RF25/TMAX1/TMIN1
Tripura,TRIPURA,2024,2,62.2,23.94,11.91,29,1,VERIFIED,area-weighted state mean (LCC m2 weights),IMD RF25/TMAX1/TMIN1
Tripura,TRIPURA,2024,3,57.7,27.38,15.73,31,1,VERIFIED,area-weighted state mean (LCC m2 weights),IMD RF25/TMAX1/TMIN1
Tripura,TRIPURA,2024,4,117.0,32.12,21.17,30,1,VERIFIED,area-weighted state mean (LCC m2 weights),IMD RF25/TMAX1/TMIN1
Tripura,TRIPURA,2024,5,355.5,31.06,21.92,31,1,VERIFIED,area-weighted state mean (LCC m2 weights),IMD RF25/TMAX1/TMIN1
Tripura,TRIPURA,2024,6,412.9,30.68,23.49,30,1,VERIFIED,area-weighted state mean (LCC m2 weights),IMD RF25/TMAX1/TMIN1
Tripura,TRIPURA,2024,7,379.0,31.31,24.52,31,1,VERIFIED,area-weighted state mean (LCC m2 weights),IMD RF25/TMAX1/TMIN1
Tripura,TRIPURA,2024,8,680.8,30.65,23.85,31,1,VERIFIED,area-weighted state mean (LCC m2 weights),IMD RF25/TMAX1/TMIN1
Tripura,TRIPURA,2024,9,220.7,31.88,23.74,30,1,VERIFIED,area-weighted state mean (LCC m2 weights),IMD RF25/TMAX1/TMIN1
Tripura,TRIPURA,2024,10,120.1,28.83,21.31,31,1,VERIFIED,area-weighted state mean (LCC m2 weights),IMD RF25/TMAX1/TMIN1
Tripura,TRIPURA,2024,11,27.5,27.32,16.28,30,1,VERIFIED,area-weighted state mean (LCC m2 weights),IMD RF25/TMAX1/TMIN1
Tripura,TRIPURA,2024,12,4.8,24.3,11.14,31,1,VERIFIED,area-weighted state mean (LCC m2 weights),IMD RF25/TMAX1/TMIN1
Uttarakhand,UTTARAKHAND,2024,1,0.2,15.95,6.04,31,1,VERIFIED,area-weighted state mean (LCC m2 weights),IMD RF25/TMAX1/TMIN1
Uttarakhand,UTTARAKHAND,2024,2,53.7,21.5,8.44,29,1,VERIFIED,area-weighted state mean (LCC m2 weights),IMD RF25/TMAX1/TMIN1
Uttarakhand,UTTARAKHAND,2024,3,76.0,26.83,12.85,31,1,VERIFIED,area-weighted state mean (LCC m2 weights),IMD RF25/TMAX1/TMIN1
Uttarakhand,UTTARAKHAND,2024,4,8.0,32.77,17.68,30,1,VERIFIED,area-weighted state mean (LCC m2 weights),IMD RF25/TMAX1/TMIN1
Uttarakhand,UTTARAKHAND,2024,5,59.0,36.05,22.39,31,1,VERIFIED,area-weighted state mean (LCC m2 weights),IMD RF25/TMAX1/TMIN1
Uttarakhand,UTTARAKHAND,2024,6,104.2,36.17,24.58,30,1,VERIFIED,area-weighted state mean (LCC m2 weights),IMD RF25/TMAX1/TMIN1
Uttarakhand,UTTARAKHAND,2024,7,574.6,31.35,24.17,31,1,VERIFIED,area-weighted state mean (LCC m2 weights),IMD RF25/TMAX1/TMIN1
Uttarakhand,UTTARAKHAND,2024,8,450.6,30.45,23.16,31,1,VERIFIED,area-weighted state mean (LCC m2 weights),IMD RF25/TMAX1/TMIN1
Uttarakhand,UTTARAKHAND,2024,9,315.3,29.74,22.16,30,1,VERIFIED,area-weighted state mean (LCC m2 weights),IMD RF25/TMAX1/TMIN1
Uttarakhand,UTTARAKHAND,2024,10,6.7,30.53,18.64,31,1,VERIFIED,area-weighted state mean (LCC m2 weights),IMD RF25/TMAX1/TMIN1
Uttarakhand,UTTARAKHAND,2024,11,1.4,25.51,12.95,30,1,VERIFIED,area-weighted state mean (LCC m2 weights),IMD RF25/TMAX1/TMIN1
Uttarakhand,UTTARAKHAND,2024,12,31.8,20.84,7.48,31,1,VERIFIED,area-weighted state mean (LCC m2 weights),IMD RF25/TMAX1/TMIN1
