{"type":"FeatureCollection","features":[{"type":"Feature","properties":{"name":"Arunachal Pradesh"},"geometry":{"type":"Polygon","coordinates":[[[96.08866297155515,29.459965441753653],[96.17635321457044,29.362480177678165],[96.18402044870813,29.307023979583327],[96.24422995247279,29.232583763911574],[96.29361413093807,29.233178011347274],[96.36384009356415,29.283040545357746],[96.39337937888217,29.25377363808159],[96.34673887358518,29.16813799822172],[96.26065203262223,29.157376713812763],[96.185967867785,29.091794481239464],[96.11488865386106,29.074837119900018],[96.1849110034465,28.98499989924942],[96.14523454186256,28.93430597593246],[96.16640575440772,28.902629969614406],[96.248174074898,28.939487257557616],[96.34671767334449,29.028976610909872],[96.43570216141043,29.03415451118777],[96.52514294962324,29.07579760437748],[96.47715831043801,28.99040174547011],[96.48720686430785,28.96160476599307],[96.51848178728126,28.967207256677202],[96.53686147160626,28.880049371284468],[96.61505607830067,28.774052826101876],[96.58488800462308,28.716964247692847],[96.47171008663031,28.683727518085796],[96.49289027334513,28.633523919691278],[96.42683243973848,28.58248197783335],[96.39973235979288,28.589713996263843],[96.40534779690589,28.559346278782883],[96.3244333412628,28.52942001479612],[96.37152986643231,28.482215235494238],[96.26229013300069,28.408603527070884],[96.31827406317852,28.381188602102554],[96.36929641119254,28.389255854171438],[96.39761841192693,28.339256875294616],[96.45658313277882,28.41403830402351],[96.50852402434057,28.413015825805708],[96.57788709225414,28.457761222386356],[96.66278592203368,28.460259515349463],[96.74905084052698,28.415881883048222],[96.77224140744032,28.368060025774785],[96.89641344147942,28.379625870284755],[96.92351970003755,28.338573338237765],[96.99398143539139,28.309513221374598],[97.09007500556291,28.362889788712387],[97.17113951848599,28.29185069151483],[97.27914968736401,28.268702309513394],[97.39732956769092,28.192397529802946],[97.32754918471713,28.15493400222734],[97.3356632453687,28.111354085267674],[97.30432350445598,28.06887958651322],[97.37000389113307,28.061812478188227],[97.37348646096193,28.030567708116024],[97.41149826167937,28.015397564574325],[97.37435454703842,27.977461249233762],[97.38509370503746,27.88739945602381],[97.3173018498446,27.880704443213038],[97.30494760989794,27.92130328095242],[97.2527074149549,27.900973563843888],[97.0986271233746,27.784968980791124],[97.08772925372611,27.734184300683555],[97.03154292143667,27.749486574645758],[96.98302330585534,27.666495057870133],[96.93511696472858,27.661659123822584],[96.88981200542577,27.605873903125133],[96.93534055809772,27.50831100720955],[96.90338067870331,27.45278363124546],[97.16356689581232,27.14218257250153],[97.13821021137292,27.09148687254269],[97.10042551553907,27.108965514584458],[97.06344080809333,27.091770747554158],[96.9841581771982,27.154366645617298],[96.86766541561987,27.184722440728237],[96.85468092395807,27.21077993681681],[96.88560906758741,27.226930691410946],[96.88427232324068,27.260187525094867],[96.8468778268202,27.271643235754613],[96.79673918658543,27.34581924592901],[96.70421722006722,27.372258741506986],[96.60565245371936,27.36582888617952],[96.59615071244781,27.333571514127673],[96.52362776303013,27.286293487053012],[96.44064730799776,27.30633496687398],[96.22858935182332,27.278800821749183],[96.02263678649426,27.17995233521782],[95.94573464528793,27.051388223016716],[95.87021788950604,27.01311911186132],[95.8022563344712,27.015073312798286],[95.72305902735833,26.881477709698192],[95.66722368841,26.902908708241988],[95.60800371755833,26.813191943929745],[95.54317248047155,26.83543677642205],[95.50709611800005,26.808788872383037],[95.48260303794218,26.746768236406453],[95.43058529191462,26.700023479359317],[95.30339233406782,26.650843801774958],[95.25957412608606,26.655351560572836],[95.20992353156203,26.72854498859466],[95.242193120422,26.783422688857847],[95.20827975742424,26.795090723051068],[95.20292745751918,26.846351421411352],[95.18094699495543,26.856032902945852],[95.23220313581035,26.902831895248898],[95.19149272591086,26.98485697983234],[95.19656582673062,27.037083310181398],[95.24634302711584,27.023901567453834],[95.35467191107017,27.10400616394779],[95.3745782786273,27.0927713957533],[95.45317956253227,27.129530325551606],[95.45748617134427,27.208879131248203],[95.50908173254449,27.262133255270626],[95.58747961990285,27.223036666907554],[95.80079337862365,27.284362386036392],[95.85921013613539,27.287316037129266],[95.89233539006644,27.255379219975207],[95.89711776731416,27.282258797016983],[96.01765838337678,27.365013800274607],[95.94121615803638,27.437387169199056],[95.90788273660625,27.43444371939195],[95.88563216051801,27.39824978453013],[95.88312314436989,27.435413113084905],[95.86005026664024,27.408108953582225],[95.84441385752989,27.421679394475518],[95.88676222407743,27.497176535588828],[95.87655793288005,27.544377774811156],[95.79055431813319,27.599742778763265],[95.79569635476955,27.641827640005268],[95.77034501620442,27.65779746822602],[95.79037478982367,27.68023626714822],[95.75217596166073,27.72101270826514],[95.83767318709874,27.82421253441565],[95.92500250410086,27.88177206352783],[95.97120258427864,27.962813475193208],[95.6051971901679,27.954710090108588],[95.51451342735098,27.876484639255192],[95.37949599875067,27.83927412788133],[95.30868061643241,27.86810607324964],[95.24895679670756,27.850157103860614],[94.85226768157314,27.727699480541116],[94.84089199802501,27.700705841712026],[94.75422881324711,27.66064460729414],[94.68783277561407,27.66523806449317],[94.68259975670745,27.64599012733084],[94.46165456889953,27.55533907356858],[94.43160584808558,27.600429527043932],[94.36393584217448,27.574446833744613],[94.29818502398584,27.602029068502297],[94.27732425303326,27.589534104503105],[94.26163160579284,27.635969334243192],[94.23749044793405,27.632776643811486],[94.20943309896717,27.605180070660982],[94.26817903602993,27.520937848706446],[94.1565903563524,27.474954417937255],[94.05973759657809,27.36163418323294],[93.9911782513492,27.32844357678067],[93.8059176033437,27.148857516940247],[93.82914772936724,27.06691117467499],[93.77079254058842,27.06213318073897],[93.66497824772685,26.968603605436623],[93.48902456827308,26.93627427771936],[93.32402609254244,26.960176564527895],[93.0217823654086,26.9135137821572],[92.8865374609205,26.999842458581572],[92.6724082951281,27.031745965902907],[92.6447295114933,26.986760119856022],[92.58327296734956,26.959637409533226],[92.44739993117038,26.95890848050924],[92.39826127934022,26.9247872708898],[92.11995202388798,26.889079979125455],[92.10376459626718,27.007033970856135],[92.03437881445163,27.06418370951373],[92.02294266081016,27.11432622799301],[92.02605205070708,27.171187157110953],[92.07050620302789,27.223063695478746],[92.04056732551193,27.266138608449033],[92.12154370023087,27.28698675813373],[92.05985443583464,27.326685478237845],[92.02013537434333,27.479345227171297],[91.77542330275662,27.464264757599828],[91.72170784953825,27.47013607981743],[91.69187871111568,27.502561935123094],[91.65502081614366,27.48280324968032],[91.564079045499,27.58412795318048],[91.57821410925816,27.60822768138575],[91.55988794745609,27.63341458498273],[91.62596344373789,27.70592342748911],[91.64231884284209,27.757962474646323],[91.630537463942,27.80083061676879],[91.56794904882844,27.815360182839182],[91.55509711795986,27.858638937173215],[91.67176843497225,27.85672508464035],[91.74853522521808,27.803304774337764],[91.82639946389033,27.810269738272257],[91.8625321130009,27.736784854830617],[91.92067393752664,27.71490165552691],[91.98580119016083,27.76979443473136],[92.05723765149686,27.75887978995762],[92.21225504222537,27.858715274389713],[92.26581043452472,27.85762533509746],[92.31755671955487,27.777831914504212],[92.40835202079077,27.82165055285914],[92.45640978553506,27.802772000784078],[92.502827205011,27.841013353496805],[92.56208551236575,27.820490759665006],[92.60651674057884,27.876985208776755],[92.67063547260983,27.899571873902808],[92.74100334389794,27.988882106180753],[92.66468043908178,28.06236616400066],[92.68886028737985,28.125444349499457],[92.80153128426119,28.201874710667813],[92.82975490150567,28.171084075083076],[92.96636001523402,28.261390176590677],[93.00210203014666,28.230305663689244],[93.03554596591631,28.262661201071243],[93.02553571890513,28.30279015557515],[93.22070420058948,28.333183468742448],[93.23337281225803,28.400245114009188],[93.18463818042184,28.439614572279304],[93.27794073531128,28.504464576488044],[93.30207545314776,28.599296637607072],[93.33917482155641,28.639926921536443],[93.44790032069183,28.67576971628581],[93.47635196089814,28.653330228613306],[93.493323284487,28.68366967248189],[93.53593004064624,28.658490962920368],[93.73352558337872,28.68879192850793],[93.77705286297252,28.66796688553087],[93.84590338542267,28.706827087111442],[93.92783403148479,28.67110195622663],[94.00330696026062,28.774940821082744],[93.99696402790467,28.840884935445402],[94.15728476574512,28.954329391507514],[94.21708979945983,29.08383421494689],[94.29022198360825,29.1479509860717],[94.35936902915388,29.15233249855896],[94.37478470423265,29.190039731936015],[94.43372524603032,29.226650424222612],[94.56033287601109,29.22861259147602],[94.63083573084873,29.348474078175798],[94.77961153445672,29.240609950404714],[94.79998870995256,29.163918788308788],[94.87378032668978,29.183566322266646],[95.02447140945038,29.12959232303368],[94.99932071768879,29.172114787856515],[95.10002430265953,29.142704122192367],[95.12330552126315,29.115063957518203],[95.25212813173152,29.108514531359646],[95.26779122260243,29.056137779777128],[95.44842133828757,29.034202292476074],[95.48693146773076,29.074483823944536],[95.49752919317484,29.138681779743038],[95.54792145566208,29.126918740965934],[95.53906538658582,29.212493203409768],[95.58711328692998,29.21642463254796],[95.60014214907861,29.260396973245268],[95.63937350711736,29.24828821407877],[95.77912820496168,29.354925408210914],[95.79790580971988,29.334780883745516],[95.88233422861603,29.38996516106192],[95.9584846191684,29.381013741328612],[96.08866297155515,29.459965441753653]]]}},{"type":"Feature","properties":{"name":"Assam"},"geometry":{"type":"Polygon","coordinates":[[[95.97165975309642,27.96254244803744],[95.92500250410086,27.88177206352783],[95.83767318709874,27.82421253441565],[95.75217596166073,27.72101270826514],[95.79037478982367,27.68023626714822],[95.77034501620442,27.65779746822602],[95.79569635476955,27.641827640005268],[95.79055431813319,27.599742778763265],[95.87655793288005,27.544377774811156],[95.88676222407743,27.497176535588828],[95.84441385752989,27.421679394475518],[95.86005026664024,27.408108953582225],[95.88312314436989,27.435413113084905],[95.88563216051801,27.39824978453013],[95.90788273660625,27.43444371939195],[95.94121615803638,27.437387169199056],[96.01765838337678,27.365013800274607],[95.89711776731416,27.282258797016983],[95.89233539006644,27.255379219975207],[95.85921013613539,27.287316037129266],[95.80079337862365,27.284362386036392],[95.58747961990285,27.223036666907554],[95.50871835323227,27.2619704738971],[95.45748617134427,27.208879131248203],[95.45317956253227,27.129530325551606],[95.3745782786273,27.0927713957533],[95.35467191107017,27.10400616394779],[95.24634302711584,27.023901567453834],[95.23213667305573,27.04284995900221],[95.19296733200927,27.036024743908317],[95.01667161721443,26.92115992762176],[94.98252600378311,26.913095293566144],[94.92340013145746,26.94646279095774],[94.87349626861712,26.917613366192967],[94.75823650675004,26.766103246566406],[94.7400927927822,26.776080755487023],[94.6922532000743,26.732028237396214],[94.62021015403761,26.712220089915533],[94.59698043584923,26.73465030243067],[94.59378765983611,26.697292840082604],[94.56640255073906,26.683655902088237],[94.53917337120905,26.70628265404892],[94.46019316713743,26.66172797307085],[94.46540371828051,26.633158866822257],[94.40283086558094,26.610665996263723],[94.40078399491726,26.534250688208996],[94.31649403694912,26.458412597230947],[94.28965598658877,26.479813169797808],[94.28469461373244,26.561167127376326],[94.25624635298823,26.541321533380493],[94.17164264133915,26.42988329650841],[94.17446342948469,26.34055899331899],[94.10496212073036,26.320047164521124],[94.00098547820782,26.172366297419195],[93.98729353541204,26.06688547321092],[93.9529059472842,26.00306519138244],[93.97859914961217,25.91682877734492],[93.88170556320485,25.84344900498853],[93.83960692830628,25.856709549576806],[93.79537854327761,25.809027454947245],[93.77744072766446,25.849911396897106],[93.7955795161696,25.90660880510592],[93.77709587430834,25.968338399915663],[93.76535641439267,25.969850961635473],[93.75121958274902,25.932908083778138],[93.68143590026322,25.904485757041634],[93.7142274058117,25.84461278135233],[93.64604218644074,25.822479089600325],[93.61732654844042,25.776087903725298],[93.54235670586814,25.731039473128018],[93.54107315615926,25.698944251321734],[93.49645800148501,25.6546333713639],[93.42728431639962,25.63263422874869],[93.32659244815513,25.546023206957358],[93.3902474069544,25.460485029166197],[93.45809611741988,25.43108452218574],[93.47351471561657,25.379380442910385],[93.44833607546983,25.340736542104157],[93.47040459988094,25.30516118384988],[93.38102004710319,25.23972947565501],[93.33227087423751,25.093619986529173],[93.29985726477625,25.046140726109755],[93.2641053863618,25.04946317132103],[93.24378308625174,25.018387458750528],[93.26290499908868,24.96143739763229],[93.22634368919589,24.872936261054456],[93.19472560080078,24.853951158245437],[93.1967038662279,24.811244300187827],[93.14936122243348,24.78747588186666],[93.10932803446038,24.811576868956603],[93.10765904551086,24.7415435871855],[93.07344541254452,24.707907869230386],[93.1040521623214,24.674259017821324],[93.0710486840103,24.60074484197207],[93.10425843168031,24.5824846979929],[93.0580778799785,24.57393984933942],[93.07070594618668,24.558150233570913],[93.03245185995564,24.495400311090723],[93.04153699583613,24.413113320431012],[92.95917752819332,24.392001706293993],[92.90924175988908,24.41301196167598],[92.90277664946797,24.391168932669274],[92.86083887858227,24.39860177728427],[92.82949260062922,24.37369563095198],[92.76289705884969,24.521233948924486],[92.68473480677686,24.346639422753277],[92.62466952483611,24.334177892687823],[92.61220191660226,24.253570503401285],[92.55079536460238,24.24732506033071],[92.53411109137434,24.180249504055464],[92.46537553980585,24.136368814368126],[92.41906711382163,24.19204140484268],[92.42243290805344,24.25495851034798],[92.21992383134679,24.23433268872984],[92.19229319202137,24.24326784552022],[92.25983908220122,24.358549943473466],[92.23648263508247,24.48881510607418],[92.21169868233224,24.504481310162475],[92.25435623642416,24.67813896758974],[92.29587194914498,24.736559082797047],[92.23363600240619,24.900623209253425],[92.30009322339488,24.915426067905447],[92.40020249285512,24.848700384321553],[92.4878232691495,24.871393018832602],[92.48755624493128,24.946638866747],[92.44914487716875,24.938861848274556],[92.46808674785979,24.963124216888854],[92.41976566893939,24.965452750160747],[92.41587519300465,24.990080334270363],[92.43818682668444,25.043969207125954],[92.46419410518858,25.037535230107704],[92.48053864635595,25.10840841826535],[92.53933182492118,25.099153950684663],[92.52235913140149,25.139318810162735],[92.62134064507428,25.115126352597887],[92.66338339937226,25.176767744435363],[92.80282185340569,25.216272602322835],[92.76179590217777,25.246628307618217],[92.79240325202926,25.28266444155786],[92.78684057656616,25.314473130594738],[92.73792940152217,25.379432903485007],[92.6615549980874,25.406453872418954],[92.65353128100394,25.433622658166712],[92.6065424413791,25.41333161083705],[92.59852525504778,25.46823739493237],[92.56457794651205,25.465582512181545],[92.64275183086946,25.5349082853365],[92.65290428927494,25.59102692072507],[92.57240491368366,25.55744935173275],[92.55408164355848,25.614902205192777],[92.50554444615042,25.616409839403794],[92.44056457651166,25.691699542223475],[92.44420761509467,25.719793456862188],[92.38393692527934,25.7546210118642],[92.33342798600974,25.724213803092137],[92.22495289046313,25.716187355167822],[92.15606641833365,25.672280830582594],[92.15102035680393,25.81673623003955],[92.2254826683087,25.909266068071847],[92.15466060432135,25.911089749838396],[92.15235833992743,25.944415855474304],[92.26338736019986,26.03322700628948],[92.27481511100014,26.06574799513613],[92.16932294950787,26.07773525842523],[92.1325390793085,26.044335722957786],[91.98898056151329,26.038626473115762],[91.91890894741937,25.99792914279421],[91.8672235349278,26.042114073171824],[91.87909669829372,26.098072609205595],[91.82532618284,26.119502083417228],[91.73098805548095,26.059022924947584],[91.72003380487031,25.953692267068156],[91.67052640988739,25.90424779649559],[91.6093986608157,25.937488106143512],[91.64064155256101,25.963854467442467],[91.63102277877422,26.022063079192286],[91.57976919991451,26.03334367728273],[91.50318866995295,25.913839889108317],[91.53688185048469,25.931307810946937],[91.47473592931038,25.874116928229295],[91.51306440143682,25.86580891650824],[91.52651272022928,25.89116957893134],[91.53036021177769,25.871349940913692],[91.4450756579916,25.839833654806117],[91.33528283004291,25.840639726283584],[91.2744657192948,25.750542947266922],[91.22238172790492,25.722658612848274],[91.17819075770787,25.77744678725619],[91.19575907827834,25.861488648931356],[91.06206445756149,25.820872831255393],[91.04881460176814,25.829367572941532],[91.07843386768916,25.852831918914173],[91.04815006944345,25.84929794304459],[91.00594513150742,25.82047794052966],[91.03047939213452,25.885896222997072],[90.96878647518835,25.885313690479755],[90.94736687307729,25.948186253680397],[90.91726897489139,25.944501906044536],[90.91676863753266,25.914150625337697],[90.88445851578875,25.950402028487414],[90.83540102404957,25.936699372615887],[90.80898761630716,25.95253121616394],[90.76631023639693,25.907734395521782],[90.73891029431792,25.916252066279583],[90.74802909995353,25.95680979845402],[90.71752182332301,25.955034643843966],[90.62180068568514,25.89792977796054],[90.60620101497496,25.916710332744984],[90.62405908983528,25.939268821348765],[90.58780679950192,25.958164074070723],[90.5149153899008,25.89619433181912],[90.53494013564944,25.949681263626623],[90.4760711796984,26.009679538854257],[90.42512468003706,25.988931557116512],[90.37211442497797,26.011357990968914],[90.32471389374666,25.973487995001378],[90.18682263148327,25.944186499261505],[90.15103242914219,25.966781802996913],[90.04242428322053,25.88775841484188],[90.01930681851007,25.892167311343414],[90.00352460025267,25.8393267634105],[89.9481984030512,25.825561825274388],[89.9592900896121,25.780021365253823],[89.9375160122899,25.745516873548485],[89.8946781528457,25.74505956367731],[89.95039013064766,25.65569481958719],[90.02018693482486,25.60757855839893],[89.87829943796832,25.55042515194609],[89.88587249542657,25.508011750110466],[89.85129089994346,25.466350859046816],[89.8815336155363,25.626417779332524],[89.82776153611567,25.72964023858897],[89.84068713243079,25.765141730855763],[89.81675400822213,25.81489332778077],[89.887246515366,25.94514343143216],[89.82532364048689,25.945862422739204],[89.87285156630024,25.97730729052498],[89.83625883693207,26.012683202319415],[89.83600648220245,25.9823593222479],[89.82053984479931,25.987348065677814],[89.80870621898399,26.04377790728417],[89.79654933441367,26.023110650072187],[89.78798061663386,26.019003150887155],[89.80181985978008,26.04049010019396],[89.77365912819873,26.038517498571995],[89.79455687201181,26.088722191333392],[89.75667397055452,26.108286975574295],[89.74720582627458,26.157963322084353],[89.72042157242329,26.158426023121777],[89.73306186110926,26.17681178871275],[89.7098181777115,26.17185747569792],[89.6986022784013,26.19076146661001],[89.73401976434111,26.209950566783014],[89.72563436486301,26.217568811771418],[89.70936015729085,26.21148321952043],[89.70049167529397,26.217949893504453],[89.73210560448932,26.236698300569394],[89.70227302372258,26.259352420760173],[89.73834405379456,26.269814847136004],[89.71769146651074,26.29556259126111],[89.7204004251832,26.307881917942083],[89.75715258934461,26.28878088157381],[89.7505436092392,26.321407839154183],[89.78260933712355,26.332710251580647],[89.78100575989971,26.35283112116804],[89.82040700013849,26.373001324246708],[89.81113190201646,26.36041878532586],[89.82033015375751,26.35273218267273],[89.82488663705061,26.381602582931983],[89.85635842671687,26.384252381028283],[89.84624690543721,26.404753595957505],[89.82801920168522,26.39460315016374],[89.86903508100215,26.453676068761393],[89.84977976475228,26.490853739816007],[89.874198263082,26.584009788207325],[89.84955421664905,26.625701907510155],[89.86237854588222,26.73697381458175],[89.96668047286069,26.723496730839187],[90.13996849962524,26.753806149803975],[90.19466618604662,26.773712364326467],[90.18768792110431,26.807114888973747],[90.23076915302357,26.858801564527898],[90.30061592778505,26.848525779428464],[90.35566535674246,26.900804704691573],[90.41278283324804,26.90439741039295],[90.54638448551951,26.816835697042173],[90.71703859527716,26.768446867209228],[91.05411452270556,26.780804668125977],[91.097619491741,26.822082402424236],[91.33730486947552,26.780616092091226],[91.40805475203315,26.840035388098745],[91.49520035098324,26.79121063093494],[91.62593958987382,26.821030295761915],[91.69011310925569,26.80680146578285],[91.89240389175504,26.91882760099084],[91.98359411484766,26.857858981297184],[92.0561884381096,26.84666981827973],[92.11400321748147,26.893916188611875],[92.39826127934022,26.9247872708898],[92.44739993117038,26.95890848050924],[92.58327296734956,26.959637409533226],[92.6447295114933,26.986760119856022],[92.6724082951281,27.031745965902907],[92.8865374609205,26.999842458581572],[93.0217823654086,26.9135137821572],[93.32263978903978,26.960107140849495],[93.47057035162725,26.93669467206255],[93.58659118596601,26.950567581931974],[93.67069056095674,26.97158464078735],[93.77079254058842,27.06213318073897],[93.82914772936724,27.06691117467499],[93.8059176033437,27.148857516940247],[93.9911782513492,27.32844357678067],[94.05973759657809,27.36163418323294],[94.1565903563524,27.474954417937255],[94.26817903602993,27.520937848706446],[94.20943309896717,27.605180070660982],[94.23749044793405,27.632776643811486],[94.26163160579284,27.635969334243192],[94.27732425303326,27.589534104503105],[94.29818502398584,27.602029068502297],[94.36393584217448,27.574446833744613],[94.43160584808558,27.600429527043932],[94.46165456889953,27.55533907356858],[94.68259975670745,27.64599012733084],[94.68783277561407,27.66523806449317],[94.75422881324711,27.66064460729414],[94.84089199802501,27.700705841712026],[94.85226768157314,27.727699480541116],[95.24895679670756,27.850157103860614],[95.30868061643241,27.86810607324964],[95.37949599875067,27.83927412788133],[95.51451342735098,27.876484639255192],[95.6051971901679,27.954710090108588],[95.97165975309642,27.96254244803744]]]}},{"type":"Feature","properties":{"name":"Chandigarh"},"geometry":{"type":"Polygon","coordinates":[[[76.77175476907951,30.794975271144825],[76.79117334874235,30.767510087533605],[76.81829095931072,30.778155041927725],[76.80502107647641,30.765274799242118],[76.84825647636644,30.73038209556407],[76.80857098581559,30.667368860115392],[76.73929008949601,30.692905420181678],[76.70515164372233,30.742971970106787],[76.77175476907951,30.794975271144825]]]}},{"type":"Feature","properties":{"name":"Karnataka"},"geometry":{"type":"Polygon","coordinates":[[[77.32647005622245,18.458838418279793],[77.34527272397708,18.433603125002094],[77.36622514015667,18.451002606114937],[77.37288648395833,18.401095150939334],[77.41414725839478,18.393100107710712],[77.36584244347259,18.307118267146933],[77.43771647867509,18.31030735338345],[77.4650882810278,18.262530130476797],[77.51160783086672,18.282043256533203],[77.51268195992667,18.30959209650403],[77.60546612491339,18.28134301902875],[77.56350915253849,18.196123948205944],[77.5968905565812,18.155943056913955],[77.59885068771769,18.093327496613036],[77.54768303181655,18.056127693723656],[77.58863648630609,18.012153399510265],[77.64895083693918,17.99887494360134],[77.65589998388984,17.968836947418062],[77.64952962956156,17.95001315474993],[77.63305797139158,17.9673797856942],[77.62458970412517,17.95960063069604],[77.61908327397863,17.904057059048046],[77.58610837736491,17.90783405545211],[77.59912114709354,17.873086073267306],[77.57644379309194,17.87541813787924],[77.55407087544513,17.820067271089307],[77.52826667189076,17.82789708702555],[77.5066025241048,17.78595242452395],[77.56919350480683,17.76649200722338],[77.56857803756463,17.74890660350295],[77.4524751717691,17.694704189365932],[77.44316300376857,17.583965336844308],[77.50694134707042,17.542281685337247],[77.52842600247942,17.575367868275883],[77.55060130603508,17.551736474801444],[77.593841338537,17.564515658076807],[77.5969403960115,17.534306067705888],[77.69255794352405,17.498938028176998],[77.67056679460167,17.47789265334376],[77.6569321903721,17.506464390683604],[77.61431127676401,17.44595041541628],[77.57622668645742,17.456171478695154],[77.57590217006104,17.43071858237793],[77.51303975890434,17.43087443006733],[77.53788482943325,17.406097197070704],[77.52984235373,17.370716213085657],[77.48385952301886,17.355002449885486],[77.45364791338935,17.37399468287535],[77.437966976587,17.291924615035885],[77.45857583747606,17.279003245197124],[77.38022890884885,17.22253708343567],[77.40378862225852,17.20989887839571],[77.3723128153263,17.19556975819883],[77.36376517561632,17.158789113111894],[77.46366159016831,17.110004883839906],[77.5025688180862,17.014113904065457],[77.45405283349524,16.913908292955803],[77.47653666253693,16.788380359644176],[77.43953473528548,16.789143870631662],[77.42610333715972,16.722886863121488],[77.47408425192981,16.71657207169433],[77.46983607493372,16.687043677052873],[77.41889546462741,16.668586128617854],[77.4343780641948,16.64139625212857],[77.47614459193285,16.650121234707292],[77.45368173226487,16.61676171743506],[77.46743014046449,16.59885169571969],[77.39290897763053,16.56998952650212],[77.41915033553813,16.52239411653881],[77.37782293036214,16.513720677844322],[77.36904680326133,16.488687557996847],[77.29874813009785,16.49617753950066],[77.29403171075154,16.476686583581014],[77.23591259653445,16.472661392766984],[77.28799304586714,16.408659494783777],[77.34913035301348,16.38386301161978],[77.42098032684108,16.36624842296343],[77.48972198605519,16.38503250477535],[77.59395155104257,16.343911968415057],[77.59783801240631,16.29313162333594],[77.56323484567831,16.301654448353663],[77.53692700345648,16.26682339121203],[77.50484452109379,16.275820141844523],[77.49009577234997,16.255199968496616],[77.49237244374143,16.229317138623387],[77.5156864571411,16.22780942094581],[77.4861808568496,16.163004998641725],[77.48982141608242,16.11964067253974],[77.51330345666105,16.10804531177579],[77.49368598101111,16.086365400649964],[77.51346826787129,15.926810324278092],[77.18532270558305,15.956761165852102],[77.08460883759723,15.918660510101732],[77.03265151135739,15.856935338448967],[77.0252201793049,15.837529638812036],[77.06550493688006,15.827369383686785],[77.0491308438348,15.730279549702312],[77.07972115713694,15.727532122807553],[77.07872588488758,15.6951656652756],[77.12891461877582,15.665886452811431],[77.1214536980145,15.631106996135646],[77.08322083088882,15.659167328849806],[77.0304640507585,15.634515061458835],[77.03006961039871,15.50267159913053],[76.97404815669316,15.498258062714543],[77.0320376610827,15.435580720804651],[77.06375418327337,15.328043670705217],[77.11312731515562,15.333703383711644],[77.11840090287883,15.294876130797292],[77.16695576206372,15.268609857119882],[77.12514504529852,15.22696557206009],[77.14768085265916,15.223935635451488],[77.1691569174791,15.171375305638623],[77.1354285616158,15.149774804185538],[77.15635039465154,15.122958808138518],[77.08247333645268,15.006109268727117],[77.04414001611863,15.009871525318648],[77.04958530153704,15.033104631040104],[76.98524555969165,15.01521768836609],[76.87718764625455,15.030236680813172],[76.8360420025999,15.079263180808544],[76.80026181377927,15.09586072373544],[76.77672063081727,15.078429550809274],[76.79015610998934,15.020744227249141],[76.76656426563859,14.97564686173467],[76.82852801565978,14.956487357282153],[76.86748299173001,14.969852122631869],[76.86964518361827,14.937740177534371],[76.84550278338943,14.889324767602002],[76.853999412266,14.809475799719946],[76.78270952095005,14.785970067848332],[76.80296546879829,14.74191666387698],[76.7650152484919,14.602157763892087],[76.86797879079992,14.4740735883859],[76.97483029465822,14.485365120706206],[76.94480669972275,14.450931527319321],[76.9428437011639,14.399754052407108],[76.91584566803792,14.420728211234525],[76.88483375291507,14.39574476586198],[76.88477208087589,14.347572231563136],[76.95673799846058,14.294383426449603],[76.92491106703326,14.273820940858334],[76.94006892832044,14.244644952998348],[77.05247477397093,14.245540217855696],[77.08118325958495,14.214189599228327],[77.1077686210424,14.219946170107422],[77.11565467220692,14.292516231584164],[77.15735449105193,14.342134242849854],[77.23821093529055,14.31739582555881],[77.28657666946373,14.340134386217954],[77.28354612739429,14.282772595462196],[77.36382868291365,14.275863106734917],[77.35949347264129,14.23404287668137],[77.39199508106779,14.198938614306625],[77.41939693206679,14.211661241456016],[77.37708113304153,14.304830967969645],[77.39281209163218,14.335867459225346],[77.50386878091363,14.263783632549707],[77.50351051481202,14.157154636558023],[77.39372539979838,14.174282095880384],[77.37894947881384,14.135878913799132],[77.35137527345121,14.130017076256001],[77.34747239088405,14.103673476004849],[77.40092576510989,14.11875012094729],[77.3323076278406,14.030727018525221],[77.39016184055848,14.016734981870377],[77.38164674950616,13.976273005627258],[77.43788420042682,13.975560740145298],[77.43536633946641,13.947554264829401],[77.41208858207163,13.945598336353628],[77.43504346069881,13.915046397522355],[77.40002151196171,13.888328792370194],[77.39797509404896,13.90662412407271],[77.34784197755488,13.91600377437425],[77.37128992796679,13.95279099464073],[77.34949165901399,13.958179765177512],[77.36109510141924,13.990851254431565],[77.32223562614519,14.030033425901864],[77.14922966229504,14.001202687380577],[77.12740982030068,14.047053627220642],[77.02780331993868,14.06218091381123],[77.02334023807887,14.176725765340127],[76.94757851531227,14.19821349927798],[76.94238322744421,14.173368862255847],[76.89454694592644,14.16784994484616],[76.885926316303,14.138277165000476],[76.92499286582644,14.13714744163007],[76.97758030005095,14.07132821940321],[76.93239522361775,14.053964618748038],[76.93114482623443,14.03024094369827],[76.9995014217037,13.990379189185466],[76.99377430783122,13.962604779017672],[77.04166447658793,13.933474045173654],[77.0472997970114,13.906640868790415],[77.0230365922415,13.902636598790846],[76.9780280051172,13.826908926052406],[76.99850866833039,13.745616785471887],[77.01650701602064,13.738552514742112],[77.0244779885222,13.779266324834127],[77.06470490986446,13.743875318085939],[77.08563854586471,13.742478869937747],[77.09044745754929,13.767182754030024],[77.17305546298007,13.762052268128997],[77.1686892958647,13.829661245041395],[77.12820421487947,13.85649990607147],[77.1685846708802,13.864531858145973],[77.16193965665377,13.906665670642326],[77.18471507344677,13.925226410980235],[77.18139384283957,13.869884676219055],[77.20043513277804,13.863078364703377],[77.23562634567422,13.90417695378639],[77.25669795391896,13.84656357561685],[77.31149798809564,13.866623645027845],[77.3253837666685,13.833278919843577],[77.36243252399403,13.854286800919155],[77.43252100395742,13.843257185007403],[77.422568302125,13.799133150809729],[77.46459094494044,13.806117842624742],[77.45533255278778,13.682304121462154],[77.49211297615139,13.689851631620245],[77.48503841899712,13.71482457034979],[77.52523403495005,13.691045186356291],[77.52726385558964,13.75385184646231],[77.56056514068878,13.722448274756717],[77.59996983854303,13.750800792916205],[77.62771372039154,13.734641554997241],[77.64223090591298,13.74684308481269],[77.62106976887206,13.768479486571254],[77.68007524359345,13.786818219419796],[77.67171492777302,13.760521657077161],[77.7032909893859,13.769829257156402],[77.71735858966723,13.741115207691573],[77.71930533231267,13.800315120156196],[77.78153071755868,13.818333011438742],[77.78226520349119,13.84412004807057],[77.83706854346808,13.869779997044969],[77.81348950011015,13.914661761405117],[77.8265856209207,13.94476277717894],[77.89569088492416,13.941080004213147],[77.9267624248257,13.90536506572061],[77.98261723116454,13.957725071387838],[77.98465708598587,13.897840321536238],[77.94907363180573,13.886487394608611],[77.95297639040535,13.827392839074239],[78.00047776201887,13.872966750660165],[78.02122320905195,13.863865940349354],[78.04132211881212,13.860303714602948],[78.04618600020555,13.862171542341784],[78.04885893014695,13.896130252111975],[78.12362642540488,13.845392071200344],[78.12639210370439,13.786415754780387],[78.09151427438327,13.742316517518606],[78.12078997603064,13.715657850380033],[78.11321000513794,13.692775442099512],[78.06906668966838,13.697848753004159],[78.08709825256628,13.643107123059998],[78.16756687972371,13.655865469317408],[78.16821212521926,13.632892405343135],[78.20418442235665,13.628462172566532],[78.19295901887074,13.564887992574484],[78.23603316128579,13.599311414941605],[78.25947484954186,13.582535980257175],[78.40224109637562,13.587299309632698],[78.3744150626961,13.50908220347691],[78.36579296163221,13.35869685708471],[78.40838001144905,13.345729272575015],[78.37823215076371,13.337230044058822],[78.40108482087449,13.315513307732639],[78.48338119893657,13.321214481345008],[78.47928930005388,13.301333997787067],[78.53215685413682,13.266981779519154],[78.56951522301154,13.309268078932085],[78.57944099425002,13.215672128334125],[78.54973546490888,13.189738806071064],[78.57974123008262,13.167406613708806],[78.51702142288401,13.131636065946884],[78.53848169891451,13.10577614602592],[78.5094463747591,13.091541359525817],[78.5142270155634,13.061902017722003],[78.46217176038118,13.04326113308546],[78.46743610444008,12.975070380748646],[78.4353055172939,12.981087722574319],[78.41113825798622,12.945316491987917],[78.46667056015497,12.905458451653448],[78.46474446169302,12.86681296669072],[78.44555396068752,12.911844829241048],[78.38867069473942,12.90690719850518],[78.35585090303931,12.94078945888857],[78.31242174462734,12.858568140977718],[78.25217415948113,12.860601143331289],[78.23092787652435,12.760710107975598],[78.13421424422798,12.782017298073104],[78.05331224462464,12.853904538816527],[78.02384494041199,12.85655189975727],[78.0097314919152,12.805790807538862],[77.95231623557105,12.857168031086449],[77.94065824207186,12.82339607018204],[77.9205367810048,12.82820889773221],[77.94175772967397,12.871687707721982],[77.92930560390406,12.890966442741178],[77.83599545286062,12.870381119338248],[77.79244499763078,12.842755689067113],[77.80851856738256,12.796777995195747],[77.73990879612354,12.673043956964857],[77.59885555389157,12.667212498298946],[77.58033110516024,12.551646082461735],[77.58718265824018,12.514811636866535],[77.61630650597695,12.509237248722883],[77.5836601681784,12.4788528392406],[77.63460487659904,12.487656429595134],[77.61678543648249,12.368258272627251],[77.55131467527016,12.291266724187727],[77.4790381490063,12.271333985558126],[77.47189279203124,12.208479328837493],[77.73331717506264,12.178140614601931],[77.7763643985619,12.112342664521288],[77.70887779269921,12.036081034400791],[77.67564961788776,11.95207918942064],[77.49475968426961,11.943950490031613],[77.48615772073944,11.88751382212378],[77.46158563834392,11.900087487189793],[77.46657085338619,11.847184835893952],[77.42723914993698,11.7609537333848],[77.39440991334996,11.787738136447707],[77.33510264421898,11.771336725675313],[77.29380917829273,11.809105005259582],[77.24983086627284,11.81312017365265],[77.11070002054556,11.773582283515912],[77.11765843361839,11.721181703494356],[77.0801703273554,11.736092274084529],[77.06687369179363,11.788090644329957],[77.03505482633926,11.769890133816002],[77.02983411614863,11.804786254084485],[76.98294492753664,11.811961020628297],[76.96987598345834,11.776971997642793],[76.90033032847168,11.78403085811561],[76.83495472400082,11.655530754088979],[76.8535308959296,11.597084910654736],[76.75686551663871,11.618552668148588],[76.61393274550748,11.607671344139622],[76.55990270047997,11.622588502035946],[76.55050785423563,11.674312797671627],[76.51162569470402,11.705098568139624],[76.45816085348362,11.66445016849655],[76.41670758625146,11.671821582267414],[76.40342635949179,11.711368274774657],[76.42742536524504,11.726389641373334],[76.41401386480285,11.760177694578404],[76.3397217759596,11.739082952551996],[76.28019269122541,11.812430347351105],[76.22370610603542,11.808283397996988],[76.19037489086763,11.87129129272529],[76.11999716056927,11.850388543581065],[76.11248340000462,11.978798815299925],[76.00319106302659,11.931470339847428],[75.85852052702936,11.958930661902944],[75.80107932644147,12.03703515399641],[75.80272633810753,12.07950439282958],[75.71472284446786,12.07052089872849],[75.70325813338353,12.108253216288364],[75.66164594968605,12.098500870704854],[75.63593251370459,12.14845474818857],[75.59246747029198,12.14701333584719],[75.53261177698509,12.200496696685178],[75.48494460781114,12.289988164913174],[75.41408524128164,12.289636578279735],[75.43215786167961,12.309080377915134],[75.41041427856804,12.347276621105015],[75.42193761460612,12.372746205162798],[75.37248555404808,12.400253002762692],[75.36564208311076,12.456821813409992],[75.4133247742745,12.458641716387293],[75.41737282548988,12.498515068605155],[75.38193968011801,12.502070385708311],[75.33633549289236,12.464166704620604],[75.33217424496804,12.499614234138427],[75.27314218011426,12.536877091447144],[75.2720706669484,12.570245133326317],[75.31457185938365,12.573813935468262],[75.32619029556932,12.593669274980297],[75.27553271925619,12.619779893208296],[75.22033850702778,12.5682010521295],[75.20174170528851,12.628988241894003],[75.16110704133374,12.620990286350057],[75.13770764126966,12.644704309987917],[75.15247030940881,12.6822604542289],[75.08521607255729,12.705296719354994],[75.0852622980652,12.673885064962747],[75.04662690304718,12.666750663703596],[75.05029927252255,12.719452718635994],[75.0010462211393,12.715473472179102],[75.01124135491067,12.727968955745501],[74.98248703365756,12.738453936151398],[75.00947547816618,12.76758454726832],[75.00318767631755,12.791739318042643],[74.86482340883626,12.760449888236142],[74.82355821379032,12.846752418809508],[74.69775292129209,13.347286355915788],[74.66969696651057,13.63482999321461],[74.61006424404037,13.866907052976703],[74.56944275657419,13.9492410379389],[74.51505215833436,13.98687310733901],[74.39451496664957,14.418530854139698],[74.35539062760557,14.508923293987936],[74.30993268970144,14.521310849729993],[74.26310601574838,14.719243771051168],[74.23433707800727,14.748231094882689],[74.20181061140028,14.71985034287539],[74.09300140724666,14.80419293318401],[74.12461112154669,14.80552555803222],[74.12508831560876,14.840650547645785],[74.08568785959928,14.900641739228085],[74.12406074712831,14.92499220856217],[74.16195468528721,14.911807932599327],[74.16344500202165,14.95815010040927],[74.20138210153499,14.925391948295095],[74.23653845800153,14.966514505075828],[74.25243483596184,14.958763082619964],[74.25353406484915,14.997850770040804],[74.29655158824848,15.041243196535694],[74.27270271703031,15.097532494235045],[74.31702169805368,15.186298646762069],[74.25139839751627,15.25859097983875],[74.33649918743629,15.294979120108835],[74.32326258448832,15.367711693663626],[74.27593541776793,15.391622487568421],[74.25097302007642,15.491624031724239],[74.28271563024124,15.531448161534241],[74.24525934320394,15.566636503647416],[74.26436482765097,15.615542445816493],[74.24422435913081,15.626137988878876],[74.25050758675803,15.657287208118492],[74.22384481387927,15.669011874101614],[74.20519544362787,15.651065325279353],[74.18103660872093,15.682178177954391],[74.13561275200038,15.648404924818859],[74.08812969344223,15.672285016301851],[74.12583775220253,15.680996462072484],[74.12223302766472,15.720760050431986],[74.22109662577836,15.786025691694352],[74.24032146847884,15.743349205723746],[74.3584941416222,15.774861756551578],[74.38315140406961,15.849132113321799],[74.33827564992806,15.854945948953327],[74.36332309741573,15.87494753180542],[74.36476195146422,15.893888570425379],[74.36868165318839,15.894386389418216],[74.40623653302309,15.855403537443078],[74.38693204119792,15.905007900983756],[74.46329937219649,16.039208649707888],[74.4297715274911,16.059168002496875],[74.37347892360523,16.03646019416998],[74.36140634951761,16.053852330916623],[74.4276968665458,16.11198086477634],[74.48163191203706,16.08890579301382],[74.49130762643642,16.10432119531925],[74.47990944458203,16.147140539802113],[74.5080722746279,16.20227309475201],[74.48055739670154,16.250139719976943],[74.41768966662003,16.25801444210456],[74.41059367835805,16.283110276176863],[74.37308848344342,16.261649322115026],[74.3548585087504,16.292654042069874],[74.32501428132603,16.271769614162658],[74.34262864684305,16.2980403835765],[74.31668773227882,16.32657413555307],[74.31727417495418,16.38101560022987],[74.3359507300227,16.393753303457245],[74.353490757255,16.366430893871946],[74.36377531561796,16.405102978722034],[74.33513577031212,16.401419008876736],[74.33267346296553,16.45476966866298],[74.28935781926613,16.46298118420872],[74.29097797759343,16.504912200214886],[74.26085338776552,16.48010696915349],[74.24745636187745,16.49692331245357],[74.27809513749256,16.50446542329585],[74.27062780006514,16.547973390966607],[74.3062253721683,16.503703081196292],[74.31579639600615,16.554464211647026],[74.35632896014066,16.5597569002143],[74.37991433212981,16.528602314958977],[74.39670788900541,16.58327688815846],[74.46679252238278,16.606831608134115],[74.46882403724497,16.663811479508198],[74.48911473641995,16.630153831111777],[74.54456908189,16.63547774531673],[74.56861576482868,16.553878924684625],[74.62871153918344,16.57774198130988],[74.64009205836271,16.610463448750462],[74.68705943723538,16.606797823400026],[74.65355656479656,16.638838756198954],[74.68962851923496,16.67703455540956],[74.6910979645121,16.715549942523104],[74.84989692751516,16.772763640007238],[74.91951971634371,16.772499550153782],[74.90159212625342,16.862557212080663],[74.96043647734881,16.880954131580335],[74.9636544636821,16.909717861354604],[74.92185239320153,16.929867836223547],[74.9317838651488,16.944761217490996],[74.96462042570037,16.926782663565803],[74.9644312908072,16.947639283613157],[74.99298475235602,16.952076488082035],[75.02530995322027,16.928008781753192],[75.0894080284913,16.951588448467632],[75.13655613133113,16.874495285507077],[75.18905951019453,16.875287753438705],[75.18191942992345,16.84341021044797],[75.21427366074444,16.841707203123164],[75.28210063377668,16.880298112742548],[75.27967408027672,16.956563008271107],[75.3922049552451,16.980097257392547],[75.42794719114328,16.966501391259413],[75.46562105912554,16.988371647266792],[75.48914572476443,16.944429972367253],[75.56771912316636,16.96575300868303],[75.57316451278932,17.00961304510774],[75.6069543035366,17.004572532388416],[75.60792949125288,16.971004225053708],[75.67038636695767,16.962059357375825],[75.66976010376241,17.038166691912593],[75.64106500394442,17.037587810788764],[75.67678162617892,17.065421945219992],[75.67235543722956,17.11600126676585],[75.65041406575367,17.115697723908784],[75.6254445956259,17.174004921454],[75.66197949864262,17.21458173920192],[75.65778441567312,17.263211275751605],[75.60380390554698,17.305506266632346],[75.61009501499251,17.345042745726683],[75.58091571964314,17.351225307128008],[75.57421335247741,17.383301038239985],[75.6135865311433,17.39191699853085],[75.63305039308301,17.477215271676645],[75.67594575279021,17.455944340166596],[75.69079862525861,17.409475372545643],[75.73366340541523,17.42009475617148],[75.79300780640847,17.369699885051137],[75.81372712144993,17.372762476167324],[75.821507978098,17.42122452888658],[75.8609445167375,17.385597383463313],[75.88425477158607,17.4179616328097],[75.89064751103295,17.35652512177732],[75.93088413687519,17.32257606986049],[76.01439609092522,17.35353636491916],[76.0605982507029,17.355310881382724],[76.07919254973577,17.331605893590375],[76.11901562625553,17.37050734122461],[76.16267921531224,17.345223538045],[76.17637572604127,17.30079147303118],[76.17037607049811,17.352627568882554],[76.24214758457052,17.378840266234825],[76.27641995208504,17.334577932048074],[76.34535788779885,17.354451739737204],[76.35406980242486,17.31432058967336],[76.38321760014541,17.314529891706837],[76.40917836837573,17.371391261964355],[76.36348513564754,17.377671421879462],[76.37156943511377,17.436426266859886],[76.33332206828108,17.433903631758852],[76.33074728647098,17.470195741001763],[76.37557562034533,17.490221865790037],[76.34582454911423,17.492531750970485],[76.36727903101115,17.519454525771295],[76.34075304819396,17.542475862610416],[76.33134774466141,17.5974191763816],[76.41974485310915,17.603710737091728],[76.42925153062322,17.644953575490902],[76.48980813353221,17.66049929057734],[76.48728762613499,17.71476304336041],[76.52396159015429,17.715151537238143],[76.52333558208055,17.75979622685629],[76.5727922500977,17.760525752866126],[76.58208139876906,17.705681686448163],[76.61538970330383,17.77039541446388],[76.66424582150239,17.687560216355237],[76.69089645095517,17.68100491411407],[76.69970280546698,17.727248666911365],[76.72832736238232,17.7375602252923],[76.71414854707557,17.780938966971505],[76.76209500067472,17.787015961114392],[76.79045015732795,17.826332607914768],[76.73853967373859,17.85667967296103],[76.74002992579433,17.89969872048157],[76.80672608607222,17.870573232467258],[76.9190366114879,17.91595136819251],[76.90570041501933,18.009706069758323],[76.91437200247559,18.03535733684645],[76.95236137495533,18.04021542787541],[76.9452705744641,18.083196433872235],[76.9664063089454,18.098196682449682],[76.92055703795405,18.11817804525277],[76.95199218893312,18.188093787156273],[76.99066627618704,18.189982263902003],[77.00117076009786,18.160894272561208],[77.03323418380349,18.181987394899473],[77.06401365625331,18.150647089776275],[77.11159808699632,18.1558284777961],[77.09765435540956,18.19671808052649],[77.1515769754038,18.21703921465899],[77.17486727777155,18.284855365674105],[77.2130680930079,18.280313971317227],[77.19876781469495,18.315445435294922],[77.246446244251,18.370758281530737],[77.24182368268221,18.412599321358357],[77.32647005622245,18.458838418279793]]]}},{"type":"Feature","properties":{"name":"Manipur"},"geometry":{"type":"Polygon","coordinates":[[[94.57315482111545,25.69156231359162],[94.59639505408423,25.682340681225345],[94.57250231184256,25.637773467699606],[94.58796583029499,25.6403988968515],[94.59342434879584,25.635585420321984],[94.55088403472998,25.579508454427092],[94.55388861009783,25.502621380478242],[94.67545193565354,25.445610547355752],[94.63474079542371,25.395189525624772],[94.57563994477198,25.21386287805357],[94.60598369657976,25.18137286159607],[94.73647672072569,25.13505256426853],[94.74408122999866,25.037007641089374],[94.69634849997868,24.96826069738945],[94.71100637874159,24.92942351839597],[94.63155265741237,24.83904218576136],[94.60501397241707,24.715869876100736],[94.5452280386819,24.710458052899565],[94.52564164384248,24.626324466361005],[94.45453239295037,24.565996854106288],[94.4259791631669,24.48167923272475],[94.39834558545216,24.48234862796317],[94.39477066971041,24.409479235392403],[94.36095875435599,24.394476266396058],[94.37845075675489,24.37970077483006],[94.32172028076192,24.328896220749947],[94.32164759178404,24.276305558911837],[94.25965853172973,24.165309886544946],[94.25451056261925,24.082483497835508],[94.18984354026134,23.93363982622853],[94.16969044232663,23.928414952639663],[94.15664060631273,23.848169686126855],[94.12606123269413,23.833477972645277],[94.09606395659985,23.889188013616856],[94.04902576263503,23.887240166515717],[94.01673290561257,23.926910951273406],[93.93010819208503,23.950039532614426],[93.80776267556365,23.926760203086634],[93.7543018516092,24.005539799657768],[93.62375862152032,24.01137256448659],[93.59185325638893,23.960692163688403],[93.5595443078448,23.982026520154278],[93.50511773477277,23.942493835357276],[93.46166409187943,23.97606587140796],[93.41662300460649,24.07185815781907],[93.34869903957468,24.10498611355127],[93.3322762380781,24.053579074567388],[93.28643324541227,24.052552259957604],[93.2532747870534,24.021244170700626],[93.2497524658749,24.080428442492842],[93.22032701057807,24.083448689468327],[93.20966815837221,24.0482182019184],[93.16747543752403,24.051442562342494],[93.14046300620072,24.087919167774608],[93.09937244095107,24.04324880348596],[93.07841110899227,24.101774553038645],[92.97284510957692,24.112612754076842],[93.00596378424682,24.161762184237986],[93.02397944426924,24.233750230336074],[93.00680931182991,24.2826150288602],[93.04034237035721,24.341369589694015],[93.0177324735452,24.349946665636637],[93.00875933512282,24.412504933550046],[93.04298420780997,24.416608045855384],[93.03245185995564,24.495400311090723],[93.07070594618668,24.558150233570913],[93.05818146022231,24.574161098999205],[93.10425843168031,24.5824846979929],[93.0710486840103,24.60074484197207],[93.1040521623214,24.674259017821324],[93.07344541254452,24.707907869230386],[93.10765904551086,24.7415435871855],[93.10932803446038,24.811576868956603],[93.14936122243348,24.78747588186666],[93.19685238649046,24.81146088233428],[93.19472560080078,24.853951158245437],[93.22634368919589,24.872936261054456],[93.26290499908868,24.96143739763229],[93.24378308625174,25.018387458750528],[93.2641053863618,25.04946317132103],[93.29985726477625,25.046140726109755],[93.38102004710319,25.23972947565501],[93.47040459988094,25.30516118384988],[93.45333483171672,25.321564714680232],[93.45314142713099,25.321903315284896],[93.45328648887968,25.323519106282507],[93.45389382726688,25.324915826952036],[93.47198157170095,25.30351493763073],[93.4719567737075,25.27133144496136],[93.50623618401391,25.269326542736923],[93.50125199933929,25.24238018010091],[93.55597743741475,25.245972836612538],[93.60517885992367,25.19901455206996],[93.68657143579186,25.360086585767892],[93.70934543145007,25.357182353935002],[93.80498854321898,25.463309590692614],[93.80023860683112,25.49684102667696],[93.76127908618389,25.495805617419077],[93.7649255473481,25.538483513718084],[93.88869753464175,25.5651252552345],[93.96044452291027,25.550730419054695],[94.00727481258235,25.567226968146898],[94.01283821298587,25.592601546003877],[94.10807142888054,25.521922869960896],[94.17809904349186,25.550610720842155],[94.21861231181407,25.49158604834132],[94.32158707497832,25.502932421231435],[94.41664959210438,25.536589864218918],[94.4249839888339,25.586523612037638],[94.50516776829957,25.61356384436006],[94.57315482111545,25.69156231359162]]]}},{"type":"Feature","properties":{"name":"Meghalaya"},"geometry":{"type":"Polygon","coordinates":[[[91.82533634188755,26.119496972943175],[91.87909669829372,26.098072609205595],[91.8672235349278,26.042114073171824],[91.91890894741937,25.99792914279421],[91.98898056151329,26.038626473115762],[92.1325390793085,26.044335722957786],[92.16932294950787,26.07773525842523],[92.27481511100014,26.06574799513613],[92.26338736019986,26.03322700628948],[92.15235833992743,25.944415855474304],[92.15466060432135,25.911089749838396],[92.2254826683087,25.909266068071847],[92.15102035680393,25.81673623003955],[92.15606641833365,25.672280830582594],[92.22495289046313,25.716187355167822],[92.33342798600974,25.724213803092137],[92.38393692527934,25.7546210118642],[92.44420761509467,25.719793456862188],[92.44056457651166,25.691699542223475],[92.50554444615042,25.616409839403794],[92.55408164355848,25.614902205192777],[92.57240491368366,25.55744935173275],[92.65290428927494,25.59102692072507],[92.64275183086946,25.5349082853365],[92.56457794651205,25.465582512181545],[92.59852525504778,25.46823739493237],[92.6065424413791,25.41333161083705],[92.65353128100394,25.433622658166712],[92.6615549980874,25.406453872418954],[92.73792940152217,25.379432903485007],[92.74981127046149,25.34419543400325],[92.78170681161696,25.333282551363876],[92.79240325202926,25.28266444155786],[92.76179590217777,25.246628307618217],[92.80199392651397,25.215225000745644],[92.66338339937226,25.176767744435363],[92.62134064507428,25.115126352597887],[92.5215267093401,25.13912850082029],[92.53933182492118,25.099153950684663],[92.48087515705798,25.108675351654444],[92.46419410518858,25.037535230107704],[92.42891515563521,25.029153450535347],[92.3447851004826,25.05056044191874],[92.33337686737852,25.082503189226976],[92.29723578578235,25.072094871121894],[92.22932325720244,25.09715539784598],[92.2192019110485,25.121682915960424],[92.17586179903739,25.123325528846888],[92.06213984513889,25.187859904562988],[91.74664156941265,25.17168239197643],[91.74395672601398,25.148634774400264],[91.70480345313298,25.15676352447287],[91.64201434180855,25.124343562186052],[91.6009426753158,25.146958796683283],[91.60286969005934,25.173696382960483],[91.47747535614235,25.13511299627164],[91.41387930526619,25.172469439783136],[91.33836355290246,25.17365462262763],[91.26464437720807,25.20678734229268],[91.0815071830409,25.201932692838792],[90.86938064768103,25.15966913669187],[90.78010337979937,25.183774932981912],[90.73733708374401,25.15368589731193],[90.65511020743712,25.193154168985455],[90.63630130537445,25.173207286338986],[90.44456596282211,25.143812864371455],[90.3317186437185,25.191723914508923],[90.11238195949541,25.224237795802992],[89.9722448066138,25.30104205445587],[89.83488657858886,25.296042139937487],[89.81575193931933,25.388645708680123],[89.88587249542657,25.508011750110466],[89.87710524907065,25.549080234474562],[90.02018693482486,25.60757855839893],[89.95039013064766,25.65569481958719],[89.8946781528457,25.74505956367731],[89.93722185805181,25.745210068531378],[89.9592900896121,25.780021365253823],[89.9481984030512,25.825561825274388],[90.00352460025267,25.8393267634105],[90.02375963082952,25.867309052051663],[90.00803248828221,25.88169958268971],[90.11678942216436,25.957309653633345],[90.2705203580324,25.960401902752608],[90.39968427171485,26.01260872845697],[90.42403605666,25.988972566417726],[90.4760711796984,26.009679538854257],[90.50247148820733,25.991553921608066],[90.53494013564944,25.949681263626623],[90.5149153899008,25.89619433181912],[90.58780679950192,25.958164074070723],[90.62405908983528,25.939268821348765],[90.60620101497496,25.916710332744984],[90.62180068568514,25.89792977796054],[90.71752182332301,25.955034643843966],[90.74802909995353,25.95680979845402],[90.73891029431792,25.916252066279583],[90.76631023639693,25.907734395521782],[90.80898761630716,25.95253121616394],[90.83540102404957,25.936699372615887],[90.88445851578875,25.950402028487414],[90.91676863753266,25.914150625337697],[90.91726897489139,25.944501906044536],[90.94736687307729,25.948186253680397],[90.96878647518835,25.885313690479755],[91.03047939213452,25.885896222997072],[91.00594513150742,25.82047794052966],[91.04815006944345,25.84929794304459],[91.07843386768916,25.852831918914173],[91.04881460176814,25.829367572941532],[91.06206445756149,25.820872831255393],[91.19575907827834,25.861488648931356],[91.17819075770787,25.77744678725619],[91.22238172790492,25.722658612848274],[91.2744657192948,25.750542947266922],[91.33528283004291,25.840639726283584],[91.4450756579916,25.839833654806117],[91.53036021177769,25.871349940913692],[91.52651272022928,25.89116957893134],[91.51306440143682,25.86580891650824],[91.47473592931038,25.874116928229295],[91.53688185048469,25.931307810946937],[91.50318866995295,25.913839889108317],[91.57976919991451,26.03334367728273],[91.63102277877422,26.022063079192286],[91.64064155256101,25.963854467442467],[91.6093986608157,25.937488106143512],[91.67052640988739,25.90424779649559],[91.72003380487031,25.953692267068156],[91.73098805548095,26.059022924947584],[91.82533634188755,26.119496972943175]]]}},{"type":"Feature","properties":{"name":"Mizoram"},"geometry":{"type":"Polygon","coordinates":[[[92.7634967130479,24.521224052310995],[92.82927079580575,24.37379036641964],[92.86083887858227,24.39860177728427],[92.90277664946797,24.391168932669274],[92.90924175988908,24.41301196167598],[92.95781716084954,24.392002519518023],[93.00869769991453,24.411779175653148],[93.02462035180028,24.392550184637066],[93.0177324735452,24.349946665636637],[93.04034237035721,24.341369589694015],[93.0040695427398,24.258967189793662],[93.02192914114288,24.21786866648989],[92.97284510957692,24.112612754076842],[93.07841110899227,24.101774553038645],[93.09937244095107,24.04324880348596],[93.14052089453594,24.08791957453936],[93.16747543752403,24.051442562342494],[93.20966815837221,24.0482182019184],[93.22032701057807,24.083448689468327],[93.25025142252306,24.080237059833724],[93.25312899497436,24.021273363847314],[93.28669863918823,24.052625070397994],[93.33751168513096,24.04128846113933],[93.32870988956921,23.985032569188206],[93.35137833228323,23.94145802895068],[93.39515867627573,23.923936394244553],[93.39176069361065,23.7561852694239],[93.43617078087186,23.68673366254927],[93.38765942080798,23.445543913553802],[93.40143293871643,23.384218931576257],[93.35537106075182,23.352605816700546],[93.38797556221097,23.21646674653673],[93.36752973656282,23.14423666850428],[93.38510366172235,23.13399516552012],[93.29362002370507,23.006661671930505],[93.22877069454844,23.01155789972951],[93.18463149875278,23.059487038585672],[93.15519961601011,23.043454188670857],[93.13637261558938,23.060757283729757],[93.12562361115654,23.04081762356057],[93.11974023893363,23.0023714874753],[93.16418540720329,22.91148424841959],[93.13100372200445,22.906968688357193],[93.09420983469134,22.80620829589713],[93.0954456587058,22.672286974640393],[93.14015578237355,22.59271517965418],[93.1064147584681,22.526887951097223],[93.1283542282105,22.52364390032992],[93.13887293604556,22.454220441213323],[93.18522542619107,22.42769012642709],[93.20184922932575,22.26340059196771],[93.14173988142704,22.245657639389304],[93.1506913408067,22.17631481590959],[93.1236442929039,22.17401171518295],[93.11089999547775,22.204308416919922],[93.03775719863256,22.19540883133186],[93.05917615215999,22.101228135030674],[93.00453860345533,22.104735953284443],[93.00339402312088,21.982521887061104],[92.98142270181346,21.98074937324821],[92.95123519308471,22.030018281714067],[92.90410319074972,21.94117422421981],[92.86253176182002,22.0629304883395],[92.69954201428611,22.155041425206605],[92.67963540328559,22.01152301181652],[92.65179312806573,22.016342317064783],[92.60316723998965,21.977135856026244],[92.60188272728676,22.06089838062656],[92.56213207474187,22.12817539038877],[92.57810050297786,22.143842063615313],[92.6053791832733,22.12393577532095],[92.60857329957287,22.16466485077137],[92.552395881266,22.4097213076823],[92.55117713422509,22.513068653815957],[92.52201927896658,22.559698365446696],[92.52895127707849,22.66590093636364],[92.51243902224422,22.733385763766808],[92.47347415841769,22.75988479245668],[92.44994323331795,22.893136810701286],[92.37109776486086,22.936123616978193],[92.39182826752085,23.057356304111387],[92.35771702632724,23.103037863539857],[92.3463333837057,23.23667263592186],[92.4034838256873,23.240887900024763],[92.36392432654999,23.32322275223004],[92.37780185140204,23.362292243697205],[92.31739390440121,23.47125930476162],[92.29582132279049,23.622318678976875],[92.27289142002316,23.642280762639444],[92.29094457303059,23.690959410343414],[92.26538822723951,23.725112310834334],[92.25696299736002,23.812575514000127],[92.28223491766752,23.81473638584822],[92.26857621253725,23.842278702414426],[92.28501015853325,23.867252624245346],[92.31493241631814,23.860602139604424],[92.32508718519054,23.91419297824843],[92.30786440428905,23.960662270526882],[92.33195844371456,24.17966365892565],[92.29228206747058,24.250492575781326],[92.42243290805344,24.25495851034798],[92.43632155943861,24.15313582304682],[92.47857825560634,24.14212518903565],[92.53411109137434,24.180249504055464],[92.55079536460238,24.24732506033071],[92.61220191660226,24.253570503401285],[92.62466952483611,24.334177892687823],[92.68473480677686,24.346639422753277],[92.7634967130479,24.521224052310995]]]}},{"type":"Feature","properties":{"name":"Nagaland"},"geometry":{"type":"Polygon","coordinates":[[[95.19345606133793,27.03583942863219],[95.19149272591086,26.98485697983234],[95.23220313581035,26.902831895248898],[95.18094699495543,26.856032902945852],[95.20292745751918,26.846351421411352],[95.20827975742424,26.795090723051068],[95.24248709230208,26.782548249419747],[95.20990026160291,26.72898560219981],[95.23391968067268,26.68245856965871],[95.14910719695831,26.61601437504668],[95.15427184329204,26.582821366195653],[95.10721692000168,26.541475504221687],[95.11410003538913,26.518359885279462],[95.06174618290139,26.44989018213666],[95.13219898271312,26.37774158037744],[95.11445564966401,26.232724806859984],[95.14253367515377,26.21155325097156],[95.11774097820255,26.101248412441766],[95.18568340271513,26.073299559295272],[95.12576825351285,25.986202275894627],[95.0115934588796,25.89795309974385],[95.0486707610716,25.759796778961043],[94.93548290052524,25.666830455681534],[94.91483457934068,25.607450168973575],[94.88185007434672,25.590757275176262],[94.8982310817247,25.565570273407264],[94.84564451347609,25.561325223231464],[94.78383434482576,25.480643828990615],[94.75173904530061,25.4937726622648],[94.67545193565354,25.445610547355752],[94.61651057549061,25.462252214601722],[94.55339513946112,25.504098158529683],[94.55088403472998,25.579508454427092],[94.59342434879584,25.635585420321984],[94.57210172610792,25.64122669969004],[94.59638938840973,25.6829532190996],[94.57176078401653,25.691797741941613],[94.50516776829957,25.61356384436006],[94.4249839888339,25.586523612037638],[94.41664959210438,25.536589864218918],[94.32158707497832,25.502932421231435],[94.21861231181407,25.49158604834132],[94.17809904349186,25.550610720842155],[94.10807142888054,25.521922869960896],[94.01283821298587,25.592601546003877],[94.00727481258235,25.567226968146898],[93.96044452291027,25.550730419054695],[93.83440865982807,25.560604251171007],[93.76483051996411,25.538363748159732],[93.76127908618389,25.495805617419077],[93.80023860683112,25.49684102667696],[93.80498854321898,25.463309590692614],[93.70934543145007,25.357182353935002],[93.68657143579186,25.360086585767892],[93.61015451509469,25.20339259449657],[93.58800157419974,25.20101267222919],[93.55210625549566,25.247520529598685],[93.50125199933929,25.24238018010091],[93.50623618401391,25.269326542736923],[93.47156149791451,25.271764796769997],[93.44841538772626,25.34035277568713],[93.47351471561657,25.379380442910385],[93.45809611741988,25.43108452218574],[93.3902474069544,25.460485029166197],[93.32659244815513,25.546023206957358],[93.42728431639962,25.63263422874869],[93.49645800148501,25.6546333713639],[93.54107315615926,25.698944251321734],[93.54235670586814,25.731039473128018],[93.61732654844042,25.776087903725298],[93.64604218644074,25.822479089600325],[93.7142274058117,25.84461278135233],[93.68143590026322,25.904485757041634],[93.75121958274902,25.932908083778138],[93.76535641439267,25.969850961635473],[93.7955795161696,25.90660880510592],[93.77744072766446,25.849911396897106],[93.79537854327761,25.809027454947245],[93.83960692830628,25.856709549576806],[93.88170556320485,25.84344900498853],[93.97859914961217,25.91682877734492],[93.9529059472842,26.00306519138244],[93.98729353541204,26.06688547321092],[94.00098547820782,26.172366297419195],[94.10496212073036,26.320047164521124],[94.17446342948469,26.34055899331899],[94.17164264133915,26.42988329650841],[94.25624635298823,26.541321533380493],[94.28469461373244,26.561167127376326],[94.28965598658877,26.479813169797808],[94.31649403694912,26.458412597230947],[94.40078399491726,26.534250688208996],[94.40283086558094,26.610665996263723],[94.46540371828051,26.633158866822257],[94.46019316713743,26.66172797307085],[94.53917337120905,26.70628265404892],[94.56640255073906,26.683655902088237],[94.59378765983611,26.697292840082604],[94.59698043584923,26.73465030243067],[94.62021015403761,26.712220089915533],[94.6922532000743,26.732028237396214],[94.7400927927822,26.776080755487023],[94.75823650675004,26.766103246566406],[94.87349626861712,26.917613366192967],[94.92213100420047,26.945826915826064],[94.98252600378311,26.913095293566144],[95.01667161721443,26.92115992762176],[95.19345606133793,27.03583942863219]]]}},{"type":"Feature","properties":{"name":"Punjab"},"geometry":{"type":"Polygon","coordinates":[[[75.83873440705788,32.5126967060539],[75.9347380648526,32.393384884697014],[75.87347687553702,32.39554087007179],[75.77055113613278,32.28868730751682],[75.61786144020557,32.23670643292893],[75.63877319773708,32.22189751108763],[75.6242135632252,32.19032266054045],[75.6557251356821,32.1971185933928],[75.67305892050496,32.158765597002755],[75.59482340543086,32.069865839063034],[75.65816910482049,32.077707219084154],[75.9103671026728,31.95017612387864],[75.98646171143928,31.817978882008866],[75.93665079907807,31.81545157269389],[76.01770459779473,31.632182871513464],[76.05514925164911,31.605654804334783],[76.16860606779153,31.409711237727283],[76.14685424173894,31.359039201784196],[76.1787887239636,31.340531812471596],[76.17978880399639,31.30659228180074],[76.27573265824769,31.300644056402216],[76.32260066278867,31.32166316714196],[76.30756471725864,31.342652170738013],[76.3544360940752,31.34495869404424],[76.3310808722585,31.401245007532562],[76.36778644350106,31.40394848291108],[76.37395535871175,31.437225985405007],[76.46379847179762,31.30145889711924],[76.43967313147434,31.279040802343626],[76.47953005202243,31.308253582019024],[76.49732354250538,31.270544016100796],[76.52740279885252,31.27722928968465],[76.52376839757098,31.25819710983184],[76.54289322274603,31.28249325900665],[76.54918119347796,31.252815701988304],[76.58771752857463,31.274257866455002],[76.61214464174793,31.247890525404546],[76.59319233712483,31.211694035812357],[76.64177368762746,31.22273518474582],[76.59998199089178,31.178514538590417],[76.6020126712191,31.12379407639051],[76.63859073469193,31.10810390155727],[76.61096144283943,31.045884577326447],[76.62471386650836,30.998826576934192],[76.73716370176001,30.949607480718786],[76.81397388602394,30.843041037083072],[76.84667584570825,30.8339604596315],[76.8569634511567,30.79480192592862],[76.83774575724924,30.754488775571282],[76.77148161745271,30.795266600596648],[76.70515164372233,30.742971970106787],[76.77659479571058,30.670401333121585],[76.82729681347746,30.68218687902152],[76.84983626889645,30.656890362249992],[76.87642171749052,30.680557589007496],[76.87119454661637,30.642176350376246],[76.9259879799723,30.610117774979916],[76.9161401663308,30.553716960845307],[76.88647682457035,30.54987996925633],[76.93199534485723,30.522238886500602],[76.93112342926267,30.500919364554],[76.89893553139801,30.48884601286392],[76.91225581780459,30.46579812452093],[76.88640960004436,30.429673503211134],[76.9065288395777,30.43581767737881],[76.93671965141175,30.385800880230544],[76.89750688400783,30.359348036962064],[76.84676643810974,30.43813016905284],[76.82336338369907,30.411596717301098],[76.78959840441995,30.41501573150983],[76.77722743784268,30.441269497821533],[76.74102700096248,30.426266517005164],[76.71282197614943,30.390251602905163],[76.74606910990494,30.34958225709367],[76.62340680609188,30.264594125162994],[76.5566530530245,30.26248142099205],[76.5480396503475,30.222488471258632],[76.59609418924165,30.25570521847093],[76.62736871066812,30.224086091893618],[76.61576427562449,30.209052668315245],[76.65608244693499,30.18524566003706],[76.63590456627823,30.16862814142273],[76.64502180255704,30.188844175122792],[76.61415852807099,30.204480459676073],[76.59987900802763,30.184735775096062],[76.64223025457397,30.149677149237238],[76.59933427502921,30.112540664394785],[76.54556988069585,30.1249228751962],[76.53949999845702,30.108193357989116],[76.57524661543887,30.10061559831148],[76.54622399974976,30.075873830323406],[76.46252443075602,30.10105758622548],[76.4227128580618,30.192281624407556],[76.38715386051526,30.170634210266552],[76.41006660366405,30.145076224655277],[76.4000365928183,30.11670846433935],[76.36217592556258,30.120159634131003],[76.35046613789906,30.14687327269951],[76.33347925908274,30.138205249963924],[76.36020470831718,30.12020874334828],[76.32173648977358,30.09509782823206],[76.20763104687688,30.15658676054414],[76.21672059707863,30.110077007619967],[76.25345729764075,30.088957396370375],[76.1719478150215,29.926306537685],[76.1934310124648,29.885655343494097],[76.2467319255189,29.87598783115345],[76.24379332422215,29.852441637341375],[76.14545825170255,29.8191108236459],[76.12392466326337,29.7909417734096],[76.09805519081542,29.81063850871431],[76.04344114383515,29.742726414685386],[76.02607491276257,29.75618144188252],[75.9843894912166,29.727133085986594],[75.8702238863487,29.74932559066957],[75.83773208213522,29.81303984571128],[75.77879606066006,29.822371638987367],[75.72064366655663,29.813556626762463],[75.70641426621792,29.75320364651426],[75.64243255152228,29.775101167165662],[75.6297737826943,29.749930597358087],[75.58004272696854,29.73944592627115],[75.5620901062212,29.77024116893196],[75.52301045117608,29.75841712507482],[75.4595124127856,29.807529507443306],[75.45394857041097,29.78201951026388],[75.40628196448071,29.761266950934427],[75.39223517097797,29.713297917766347],[75.34569857021668,29.696015646936416],[75.3601384763692,29.66261129896417],[75.33373398979586,29.673487738842862],[75.29570653413795,29.625046794939905],[75.31990966856482,29.587425651811923],[75.30944155115166,29.56084655351579],[75.23534206290194,29.54207982547574],[75.23535336370821,29.603075479481543],[75.18304257376026,29.62840571068794],[75.1675349740785,29.670186873143095],[75.20677087489763,29.6875202076869],[75.2006110793837,29.72648815359312],[75.24157831852128,29.7546497784537],[75.19145826622638,29.841250612788762],[75.16403683644577,29.82410608638584],[75.15545610459735,29.77689781046594],[75.13507687555278,29.80730341851166],[75.10071997297673,29.806793211967015],[75.1188564761678,29.831962293966708],[75.08972373421139,29.858632695844538],[75.11470390866405,29.87866668152874],[75.0887646964073,29.91720324122074],[75.06994976395411,29.877061977967404],[74.9909139056574,29.86768915953055],[74.92673643638322,29.950260273773832],[74.8972779114059,29.939415666421443],[74.8879696591617,29.967134478479906],[74.85537132643363,29.956366523898055],[74.81243347910839,29.99233814346527],[74.7313937246529,29.96147296608679],[74.70664205376072,29.976898752338027],[74.64684139034985,29.90434544404143],[74.5317429919589,29.94919768326655],[73.89468376185788,29.973831442243775],[73.90401554367433,30.05003102013634],[73.97512232240277,30.120022859835817],[73.95973320152383,30.27003281039687],[73.87984832119756,30.359767068301867],[73.97375378038988,30.44389129880939],[73.92645444347704,30.438909897276307],[73.93458882851193,30.490149285372894],[73.9641342529166,30.456436442046712],[73.98196864818603,30.503972316561896],[74.01994543437034,30.51414093586112],[74.01188613861173,30.53362019122216],[74.07227887354153,30.522869507172743],[74.09592383976663,30.611405259024334],[74.19340123768387,30.665152298430545],[74.23256679053476,30.724503201054798],[74.28619876870367,30.735018647837734],[74.26088709255495,30.774458751172045],[74.30179934761063,30.77936224766323],[74.32038982970188,30.846562990168763],[74.38218953118249,30.860374502001594],[74.36588650206274,30.89293587158646],[74.42276762732551,30.90777203948958],[74.41639074134676,30.940318313970305],[74.54637939020675,30.992428890317928],[74.56816342086232,31.05480695773357],[74.59688637564062,31.03764061830578],[74.66650514001668,31.05208061045743],[74.70237091672432,31.0916870355041],[74.68908628804462,31.128020129489595],[74.60323146125828,31.13373410557503],[74.60956582638137,31.09761378070805],[74.56048514822639,31.082657129373434],[74.54840381107317,31.122094548482973],[74.5102838522972,31.1320126179825],[74.5420067237803,31.303758048245566],[74.52632054351163,31.31246196315078],[74.55164759612308,31.364420353226325],[74.60113982664569,31.41996346991315],[74.65458693871567,31.42591998837608],[74.63659784007959,31.48478753643996],[74.60973169401036,31.499799885497612],[74.5873515422306,31.4960886284859],[74.57528331778558,31.50090347329605],[74.61277766105158,31.527251032343663],[74.61582170659639,31.569041432122187],[74.55542085359137,31.607915429488408],[74.53502033716953,31.67760045786409],[74.48655240076815,31.715055384877434],[74.55936893399372,31.757878018553743],[74.55782216083861,31.804779006001155],[74.60777452102613,31.889958203888362],[74.63660310690207,31.88403082549267],[74.66662846163719,31.922603540559095],[74.71897696016582,31.923825032639],[74.75533829788984,31.95582816809603],[74.81894454374618,31.958661410801543],[74.87935144061645,32.053838106925845],[74.93393469873865,32.0655909903998],[75.01228087817093,32.035743744521],[75.12278854230357,32.08150420442217],[75.17414866135601,32.067710879543],[75.20255572625963,32.120152127844165],[75.23133504403378,32.09157978576518],[75.26115332002794,32.10162563609747],[75.32237280505645,32.17972979658455],[75.31627203963647,32.20816960624782],[75.37249873143497,32.22603706838868],[75.38146525017207,32.268971331838074],[75.32100632288052,32.29736283850644],[75.34140744027533,32.346092764438154],[75.43037709535928,32.315898742738625],[75.48914421110317,32.34599461562208],[75.48209885278891,32.32043846870946],[75.53342603870473,32.27765453330259],[75.55978194079422,32.35712889855709],[75.72249291324768,32.40545692021213],[75.74374282360161,32.43203983048344],[75.72852439879631,32.45269366494316],[75.83873440705788,32.5126967060539]]]}},{"type":"Feature","properties":{"name":"Rajasthan"},"geometry":{"type":"Polygon","coordinates":[[[73.97323629688734,30.122721514142114],[73.90401554367433,30.05003102013634],[73.89468376185788,29.973831442243775],[74.52715904986246,29.942785226137097],[74.5100195068552,29.90819274202544],[74.56103623051722,29.869643852978417],[74.4850827084543,29.81501363362097],[74.47378148356516,29.76834108315663],[74.48037029110259,29.743494078181932],[74.57588707189478,29.74830787060292],[74.58726763778644,29.7669050715591],[74.616092094107,29.752155861702988],[74.5749328535522,29.5643194595746],[74.6218572525301,29.522243971132674],[74.5846125483866,29.458497946047338],[74.54330776368778,29.46789644075338],[74.5346190588338,29.44770786497685],[74.60287103470841,29.3649056306136],[74.59924998059537,29.327455068327623],[74.65447469242427,29.332929105642567],[74.65819325327153,29.37196376836852],[74.76217010150826,29.354375734992388],[74.85051890754318,29.40360721227946],[74.93825471221136,29.36203866686257],[74.96113758458029,29.280583973777553],[75.04999435377239,29.28615014667052],[75.07551193456402,29.22969492742992],[75.11957597820135,29.22286640820689],[75.1879898421683,29.268268057835137],[75.23836710279029,29.23024434862051],[75.32293364754284,29.289478097834618],[75.34150853308412,29.281240310399824],[75.32809504197525,29.23532138050704],[75.34981741676128,29.223778989279985],[75.37894820398363,29.256866483454615],[75.41049835728538,29.255689255213788],[75.39680045416765,29.217541994264202],[75.41435848633319,29.18431492967924],[75.37147440856765,29.13809775606301],[75.40214337655944,29.12789511414136],[75.39123600632851,29.062714622548942],[75.44180608763128,29.057525390523093],[75.44570223732536,29.008301249467966],[75.52179861756959,29.003874862226763],[75.51153437281013,28.942069971035117],[75.47336689674893,28.92338929698415],[75.52021801296256,28.834004394819104],[75.50344242418927,28.782408738931725],[75.54298583180487,28.750401379728025],[75.56149396533407,28.613221116361956],[75.62168268298136,28.602073365363655],[75.63345142258541,28.544448706152373],[75.78827518864097,28.453560920786117],[75.77676252279181,28.40041585790184],[75.81903960442831,28.40984180134253],[75.9182313795731,28.372002297985144],[75.9578422722261,28.313817203153704],[76.02632088586041,28.275026801020214],[76.01613626147952,28.236950758699386],[76.05596470363649,28.220272462709723],[76.0473579422044,28.198135137617403],[76.0954456109662,28.15085732636339],[76.07469326577004,28.137126125258554],[76.07063276031158,28.165133760961748],[76.03179555247681,28.16785108904976],[75.99899276498668,28.12276494188475],[75.94526164425145,28.10629376595169],[75.93861861799674,28.087930254352294],[75.98343279801544,28.081340647602193],[75.98442223211377,28.04707744994903],[76.02321201608808,28.085988519027488],[76.04079374131922,28.07404262100063],[76.00829999404979,28.05838494420769],[76.01641580102627,28.030490156949945],[75.97272966515425,28.02362439345322],[75.9955350245923,28.006880911766586],[75.96581694219337,27.983601351288552],[75.9999544851602,27.977569614248562],[75.97270865625468,27.932656994874435],[75.95168167002507,27.947712564074937],[75.93239627099297,27.930129983767312],[75.98748351004069,27.904152993619352],[75.98106667059136,27.84544334756583],[76.04807952473612,27.834974815104918],[76.08888616037224,27.860547608775835],[76.1749645769345,27.798061983454293],[76.2177083288695,27.81720858831027],[76.20146857168847,27.892535149081116],[76.16815876067895,27.90337256369765],[76.1866379711509,27.965471615796677],[76.15777992233029,27.98897276794449],[76.17688920754927,28.02154265285068],[76.2147388381034,28.026578187060625],[76.18040387148827,28.054515718988736],[76.26095974482273,28.067528353379352],[76.29897526366712,28.022702581458393],[76.34231064245498,28.030563232761388],[76.35560359133082,28.070722392170115],[76.30144015187352,28.09786257646583],[76.3598582514683,28.12491441801643],[76.29758313279324,28.149110141666725],[76.29226174840869,28.17921600594131],[76.34523802469218,28.169401928710492],[76.38072378888181,28.133405415277235],[76.47572146201739,28.148585994480744],[76.49934763908,28.099662664093614],[76.46367410813137,28.108962271808906],[76.44782557354475,28.088960153993927],[76.50152197978419,28.06006313954058],[76.45465509993393,28.0423239823817],[76.54380594251575,28.03422037355829],[76.54470425061335,27.963681791360454],[76.58876321607437,27.997965414582538],[76.66814527609844,28.01384432860758],[76.65714190381141,28.089186131516595],[76.79480051589094,28.148411953025814],[76.8083882154862,28.21088730052009],[76.87488904698702,28.217789138929348],[76.90675440295229,28.200329755476943],[76.89161211665555,28.190311579707906],[76.90652706720167,28.171905497342323],[76.97053708601528,28.138448502856356],[76.93078160861897,27.993553459571455],[76.93151209615014,27.92264359640867],[76.95159919126766,27.918320679913997],[76.9422925748556,27.84291214186836],[76.91419862852408,27.833397795866226],[76.89239449806405,27.733472995526892],[76.92443737190924,27.699936206558295],[76.88958583178493,27.700765132414777],[76.91054275930387,27.654688296606643],[76.94307157590367,27.673830042695563],[76.97908642803273,27.653612087612277],[77.00008835755415,27.736985518973427],[77.08565183284607,27.738106559223123],[77.07620918724548,27.766394312856935],[77.0265671123436,27.779256289256143],[77.04478851171889,27.821833301642098],[77.13521031322256,27.775938080402],[77.15950214909724,27.81718797880346],[77.18960125641549,27.809840966388325],[77.16908821252956,27.79175099521795],[77.17701557541733,27.786320393856055],[77.20206435420826,27.82461152114662],[77.2366922758106,27.785369688423348],[77.26874884716722,27.814958739610702],[77.30285409480126,27.794054328644375],[77.31944298131916,27.736670508273445],[77.30392385804895,27.71078989696807],[77.34114225143607,27.703368483145827],[77.35257474803602,27.65123820097058],[77.31705098421155,27.60675141466631],[77.35820991754252,27.588960946121407],[77.33998487549874,27.526618896803207],[77.38738306302548,27.51289248454784],[77.4378064099165,27.456318136605006],[77.42109442815354,27.42201717120503],[77.43996924230358,27.390329542663977],[77.50718117838665,27.377089867004212],[77.57877659391728,27.322664068931008],[77.62270291324512,27.33618645775736],[77.59866066798396,27.29720438653222],[77.65281478562356,27.23484283746096],[77.64670793321922,27.210218192728075],[77.68112422970692,27.19440391650266],[77.65839625563903,27.170105536389563],[77.61995037999317,27.17354950102507],[77.59783861248094,27.117998135835283],[77.5177343985966,27.102456677918866],[77.5193392505298,27.06661631843959],[77.57168335719497,27.07186578061729],[77.56320137804407,27.02936764721288],[77.6300219621753,27.0102050987444],[77.66557742754614,27.017250189638972],[77.67976047481622,27.047082079402394],[77.71193513241191,26.997103238529178],[77.73005334500547,26.993887014462032],[77.73768088259075,27.029750220095455],[77.75951243412482,27.01798381131623],[77.74346861388028,26.983164925360636],[77.6608770215681,26.971215986307953],[77.42727708579142,26.864080309418007],[77.3978652345813,26.830360633031493],[77.43267914876994,26.76783067733924],[77.46690180980487,26.773727222348473],[77.45455710816988,26.7418659982537],[77.50255648870895,26.768727637646286],[77.50116596222615,26.844448576418735],[77.525679946979,26.818866034622072],[77.61033278569435,26.828572762876117],[77.72260435656607,26.874315705065282],[77.72491256331556,26.91037960338733],[77.76059343799166,26.93261989519863],[77.89648408294698,26.88399731242614],[77.90635508030937,26.91777900206955],[77.94840042085707,26.893578103223764],[78.01458171801808,26.902912543082312],[78.02646955266921,26.84953512538121],[78.05596943159067,26.868393110729016],[78.04880208385747,26.91013452200696],[78.11119321815481,26.89587953624163],[78.12450608896872,26.949288048519552],[78.21013200705437,26.931229646802834],[78.22419907463471,26.946465823532392],[78.27225358568109,26.919190043851422],[78.23264079309125,26.874279583371163],[78.19697625068534,26.88217934082489],[78.22295373746142,26.830628482261844],[78.16920499717018,26.821537532688172],[78.1840602438859,26.784038751615846],[78.10610294693673,26.789991991617654],[78.12353433820678,26.74699205303821],[78.09592599596498,26.72780228559889],[78.09266956622913,26.676255471894745],[78.00060882352386,26.694931483536497],[77.95357087659575,26.659219032859543],[77.90360060040817,26.658965925485994],[77.89457290819688,26.615183733162468],[77.82732099618532,26.596033955082568],[77.82363825745665,26.550447771078513],[77.74474902846883,26.53823406221982],[77.72625902743368,26.502094828386234],[77.67553719372994,26.503015345214713],[77.5383590788178,26.411336411212403],[77.4376072354517,26.403408796800104],[77.44434900811568,26.361576778735365],[77.36736213421852,26.36382356230333],[77.21269314519148,26.23378476151112],[77.13628744804548,26.233796123105893],[77.0972669470618,26.18363129977601],[77.03002932365314,26.17172220070098],[76.99898642653446,26.130063487795688],[76.90063740587345,26.092786694022518],[76.79096963598876,25.943127335841957],[76.74871862615676,25.940923777923537],[76.75811147185293,25.922538638724333],[76.71572473646299,25.900693505676806],[76.64189326506987,25.90794099496885],[76.62145196872738,25.869249401045884],[76.58225453826029,25.87021146290822],[76.52071159594911,25.79249964951904],[76.52218384756321,25.728339836927788],[76.47311164231797,25.70919227929138],[76.50411383407621,25.67085351642569],[76.51636456833918,25.527573550137678],[76.5558278552146,25.452559020279455],[76.5985045604901,25.392314839905065],[76.72932116319126,25.32854058361571],[76.89909421430139,25.324188039310407],[76.94305761608418,25.282145560042117],[77.03144239425633,25.29453595030461],[77.08352262619673,25.336712560111646],[77.20917624175247,25.30616024636944],[77.2342275070801,25.378897468867944],[77.29123993998626,25.422721282510764],[77.3709224882695,25.408367282915506],[77.342156276017,25.321736003296337],[77.37633575593455,25.318147573698596],[77.3552079167463,25.263514905384653],[77.42653977375905,25.187960327871814],[77.39324981911058,25.1595496092976],[77.40658330715856,25.111691096872732],[77.31120134282925,25.079722160543167],[77.26951303319966,25.11601267052499],[77.1745831532236,25.11170961086268],[77.16691549238615,25.084872959666583],[77.147982801579,25.09529076217094],[77.08530878600199,25.055086600982552],[77.0002632855911,25.07484416319164],[76.87616198130418,25.04151853814623],[76.8568659444225,25.002453065626216],[76.89020146791039,24.919370637451873],[76.92012685452741,24.916559198345595],[76.91245312557024,24.888216494792655],[76.94962582794706,24.869356696245433],[76.89774382274884,24.838583712136142],[76.82437579041417,24.83619137110928],[76.80261732401497,24.809274809456053],[76.85613114857122,24.74245568049536],[76.90689991835022,24.731458065115817],[76.95438916091078,24.759482755274018],[77.03066649688753,24.712196553307848],[77.07132775366965,24.572426225809508],[77.054748660585,24.526432127882103],[76.97782534698574,24.461228482289567],[76.9184459691886,24.48068819081257],[76.91760755985581,24.543377615124],[76.8841353559008,24.521514127620936],[76.86294593450489,24.54958221779857],[76.81640457896077,24.53361081448681],[76.85325302814758,24.46693918716474],[76.84149821871866,24.322509949861647],[76.86305128173487,24.27311304762499],[76.94714447002825,24.20101277831509],[76.9161148931286,24.187703793027747],[76.90075575531888,24.127207208165853],[76.80197816191058,24.116543684470514],[76.75635225521798,24.16907959232754],[76.69885480212697,24.168376189479204],[76.6759803568537,24.19089209803444],[76.7022101229009,24.24139724586513],[76.69543910648112,24.284279220235742],[76.58476727612862,24.243744048990134],[76.57679412970408,24.17779389302183],[76.52764252147259,24.15701073341491],[76.47054876947365,24.225948987490476],[76.41636859440261,24.220680064271694],[76.41257919600531,24.200251050152865],[76.32175234773327,24.24541492030766],[76.28120887984782,24.20678649837695],[76.2124604069123,24.209804427987102],[76.1854232620372,24.329312066701792],[76.13666396425994,24.27087773811407],[76.14827789898771,24.23157493580833],[76.11744142843312,24.194140359822185],[76.12707980435769,24.088023497969342],[75.96345367320853,24.018657575303312],[75.981361909096,23.928920369720046],[75.78209193542,23.84879777972796],[75.75276929140915,23.88724810833558],[75.70602758820051,23.89926886990068],[75.70170339307015,23.87281964616937],[75.73657278271918,23.856489666056472],[75.72163874836313,23.81185714344515],[75.69015588157116,23.813397405021632],[75.68692551106335,23.755335365883223],[75.65442959526081,23.79831389829634],[75.58354172518733,23.79472778177053],[75.55919620329637,23.81855128543654],[75.57949833802493,23.834853674374063],[75.56433615584126,23.856430396740823],[75.46224618202791,23.9144868099932],[75.47390181385623,23.981961094383674],[75.5210965329711,24.024592542588504],[75.59571610534611,23.99001862720798],[75.67085386909618,24.018048517782315],[75.71752652330052,23.9668598952912],[75.76547694655491,23.992737564067458],[75.78291759137069,24.04334238946358],[75.83681101072833,24.056979082459538],[75.8349544077334,24.091723278563332],[75.79294219525676,24.091843848691525],[75.75101578087289,24.143434020873208],[75.77645687820291,24.20833872432132],[75.83025953447918,24.233418699283618],[75.8108148937916,24.295841483811774],[75.76643891017184,24.298078516236135],[75.73985569209466,24.332100003560576],[75.72776832634756,24.390467644714004],[75.78938569048674,24.471554215049697],[75.83878701958744,24.41413082412865],[75.90919065550197,24.455028373941417],[75.91161712635694,24.491833390048416],[75.88806480787869,24.507692555265407],[75.92062845126378,24.521432068190116],[75.91474567642054,24.57229927906008],[75.82516288881583,24.612992416038136],[75.84908209722238,24.64742766905504],[75.82517577964013,24.6675442952577],[75.83627522405185,24.727788675087638],[75.75682849790375,24.761506083794536],[75.61083554299363,24.680981145519194],[75.583096230875,24.71325172924793],[75.45543604397753,24.680649919264347],[75.26474139788522,24.71751995706343],[75.21943808609262,24.702499166799825],[75.18443119311972,24.748448538163167],[75.21562671849674,24.80246881476821],[75.25235616785788,24.81304415322303],[75.22422582987588,24.843973098401097],[75.27839672804498,24.840019751615763],[75.31105358062393,24.800933760130658],[75.42566122308696,24.868766615160798],[75.42034828556106,24.886234700783596],[75.3092473039462,24.85595185459255],[75.26342841757099,24.874801500069346],[75.29428258314007,24.90890796357397],[75.2610533357402,24.963401314240645],[75.28519776795817,24.965678773487703],[75.31844139558912,24.89410315612766],[75.33706223534712,24.95531767169355],[75.31187991929426,24.995671415158444],[75.35137261521544,25.019537343986006],[75.33433439408735,25.041055426221877],[75.1658127545585,25.047563103379797],[75.16650069608116,25.002846896561625],[75.11355121654262,24.96675288699237],[75.11681861470811,24.8778572083731],[75.07652689518947,24.880625560652476],[75.03403866544376,24.844593955780486],[74.92399834444778,24.877906501074335],[74.90281290348688,24.929897952962197],[74.86980050580331,24.924861104568],[74.84309762853701,24.968950053911005],[74.8257807859404,24.90070811296879],[74.85914401167503,24.838397933133642],[74.84932090260216,24.775922680026156],[74.8609022159087,24.79854424176582],[74.91455132674672,24.769001531338876],[75.00096323028174,24.7746363266522],[75.0162896397707,24.731925090639933],[74.99235283067274,24.731675584451267],[75.00162675290007,24.686310099908784],[74.96007095196138,24.678700173953967],[74.94326426980118,24.637777161660324],[74.88883687297403,24.63362636400426],[74.79989786122103,24.779140524995007],[74.77176276665959,24.661445139050194],[74.81424656771095,24.66591473997001],[74.8136403818623,24.649539029357577],[74.7795665159744,24.615328722639983],[74.78651513741066,24.58581395413033],[74.74350819706369,24.571395489385935],[74.75577299624909,24.53457549856491],[74.70872234624454,24.486408549141668],[74.81510865393967,24.468636941905064],[74.81374865849845,24.436675789979418],[74.8542251479963,24.444498056921514],[74.74710440018272,24.253402061422005],[74.89684529354486,24.227115060892444],[74.91016928819693,24.210099214814285],[74.87954056203492,24.173651506558922],[74.90334826166698,24.10919256978814],[74.98244759941325,24.025697271925594],[74.90249829820303,23.873155886913292],[74.90370670653333,23.79423959840321],[74.9404073999239,23.764670442437637],[74.89967598831136,23.682243659869176],[74.93651696531165,23.628550816697626],[74.90272367832128,23.624656006619848],[74.8473246618862,23.552072108371735],[74.77287866199039,23.54400688395053],[74.72723455812508,23.495382553878354],[74.70090265632506,23.504227079296786],[74.65192910496266,23.46243538407282],[74.60406044995867,23.45745702765649],[74.56886116569966,23.376250414678953],[74.51415541240704,23.328243267920623],[74.54667463499962,23.277038427578017],[74.5743959358968,23.295144834526976],[74.63886900210339,23.255420815738855],[74.69975878476139,23.268379652040814],[74.71510516200246,23.236729751864996],[74.69184009870091,23.21918161770257],[74.7471242277977,23.22670054100937],[74.74153757629966,23.2083593413509],[74.67141545712383,23.200062868109956],[74.606628964223,23.14264817486047],[74.53941281593954,23.129308079925213],[74.54481275889398,23.109024751926796],[74.50576569382905,23.085121737479206],[74.38614457981649,23.11146729278297],[74.32916007912578,23.061220269181163],[74.28444197213008,23.093213537627562],[74.29299138331783,23.117224414771304],[74.2470671012036,23.184359019858878],[74.20294369150241,23.190240409414386],[74.1811945334462,23.151575054378785],[74.12780861910495,23.17604294558703],[74.13881563855205,23.265982319346996],[74.09224167595974,23.297982425081297],[74.03818695241472,23.293373672363412],[74.02867419959442,23.331599689379615],[73.98195426346341,23.33777588038268],[73.96237026353252,23.38082894180524],[73.93565834202796,23.339646009581507],[73.89194900357043,23.33403944943464],[73.82872699860216,23.447618709250325],[73.78629569868926,23.430148774251833],[73.75575044398346,23.454244401269673],[73.72082572979106,23.41005607925418],[73.69741995797666,23.456592844754255],[73.62722950934707,23.448492110264954],[73.65638382254838,23.507375936023557],[73.63308886151758,23.52860314431264],[73.6556742756448,23.621208238510203],[73.5726724146575,23.653683446852437],[73.5231029119525,23.606818364331705],[73.49378317758483,23.63225397153528],[73.50741293809838,23.702960177486517],[73.47353648957056,23.70514940195316],[73.41803513885496,23.776723257579132],[73.37079106450174,23.765173870007015],[73.35186240713021,23.79131067915264],[73.36113943573176,23.87261409924839],[73.42084164468582,23.930740835049082],[73.404709662881,24.040951363950107],[73.36200680315602,24.104574971973523],[73.32633701009726,24.109558401596118],[73.31671791112038,24.053544765925196],[73.2428035360063,24.00219505456202],[73.19315662188,24.040904942145886],[73.21394581686741,24.077595698339668],[73.12523110905096,24.12477037780891],[73.06745417210877,24.194596939489507],[73.13544619530312,24.308340995916264],[73.16923154657627,24.300214299984418],[73.17635713163192,24.33778687937104],[73.19857319893855,24.331844672457223],[73.21927252107501,24.363806407761928],[73.19853379883018,24.37682132878863],[73.15204016359057,24.35426035541654],[73.07651219863055,24.396508080824006],[73.10283914891677,24.432914230278293],[73.0872393263913,24.497950371905503],[73.03459415385022,24.464148187918234],[72.99111467091771,24.477796107954315],[72.94929431433123,24.398089874360316],[72.97512572156738,24.36870331801703],[72.91074011174356,24.337115948649394],[72.84977017510775,24.3719459053766],[72.7308703121486,24.364199530735913],[72.6891547018192,24.411633206712597],[72.68337049282387,24.463776250340135],[72.57595091324455,24.478750287967483],[72.53895701244016,24.519513533266426],[72.49318569994412,24.458981956375233],[72.50035338274891,24.41694430856642],[72.45725322153001,24.414694222139335],[72.43022803233302,24.48006569108075],[72.4414459402762,24.514957237335352],[72.38861547493639,24.50761504780175],[72.35373858076147,24.563651318539264],[72.29481839927968,24.546691275807163],[72.24640647642954,24.58549486424176],[72.27605203064908,24.607342919692673],[72.33608848565237,24.598605042520887],[72.34738276566605,24.628410384664303],[72.30498273700651,24.61744399493708],[72.23035877546299,24.64050416587431],[72.19657750254125,24.614623659857333],[72.16481841637575,24.62117683497934],[72.08982526431848,24.658579971140842],[72.08520872775027,24.706297002725535],[72.06131965782146,24.71200090183998],[71.99384211775661,24.694944586444155],[71.988240847974,24.657412938716963],[71.93988163107818,24.63368749093553],[71.91862383261777,24.671996080485446],[71.87176205789328,24.68164695914294],[71.85217618228009,24.609244983544574],[71.80590901412027,24.626627535649266],[71.79153773656051,24.677216033050723],[71.6553790954098,24.639065118123483],[71.60787200691782,24.676964201859],[71.5027008332395,24.682750312035505],[71.37738230096284,24.6258668575527],[71.34781986426331,24.66095128091065],[71.28758462196912,24.615841462265074],[71.11201349546893,24.67567759228883],[71.0651607335417,24.717635833971933],[70.93737446270421,24.938815389319483],[70.8881684650755,25.14834688443521],[70.75134406450145,25.277883605262982],[70.73650197990129,25.332594916194402],[70.66451003542788,25.397065768745456],[70.6782434103212,25.525689894538882],[70.6598314701893,25.702197519089275],[70.60853497521516,25.715094876353746],[70.52986171828962,25.6835526810012],[70.38674341630613,25.67391934614868],[70.26837380909629,25.71377813821129],[70.09951715995022,25.938344584969506],[70.083184406476,26.08342885286408],[70.14090045650656,26.156021532439528],[70.17492547829752,26.251373462272927],[70.17402977980582,26.551401439766384],[70.05602328510854,26.60058496530485],[69.88592549481983,26.578806111903273],[69.79168573388273,26.598305697932332],[69.71951790556489,26.654808070382735],[69.51008650560189,26.74357252253747],[69.48422685443494,26.80489553583903],[69.5131019981954,27.010006601795624],[69.58690286039355,27.18353288172891],[69.86290857225093,27.40220308521132],[69.93351590205444,27.497758058465564],[70.02565331596921,27.562880454230196],[70.13220090449552,27.805608621740884],[70.37191892521082,28.011794687524688],[70.50541726763137,28.036953954192],[70.58917220159267,28.01044668438217],[70.67705904000958,27.921813252221344],[70.68398201544281,27.828182411522413],[70.73946152182565,27.741882128552312],[70.8716106099608,27.705557247483192],[71.20512550600849,27.83534678454248],[71.38259685230386,27.8724974899032],[71.66597639954401,27.877770605240695],[71.8982659735955,27.9615331595678],[71.92773446088935,28.12161360385348],[72.20611721829479,28.39412402724347],[72.29929864075804,28.669502190393537],[72.39216362088266,28.771941016062584],[72.73245143598186,28.947638095423425],[72.94523685505989,29.02773503166105],[73.0042849018409,29.152913417012787],[73.08450577633793,29.23584349152885],[73.28242142743372,29.571966235183602],[73.39699061661265,29.945880838385424],[73.8062347532446,30.067678359211545],[73.9725888702823,30.198127560826826],[73.97323629688734,30.122721514142114]]]}},{"type":"Feature","properties":{"name":"Sikkim"},"geometry":{"type":"Polygon","coordinates":[[[88.61280558602812,28.128232838230925],[88.67200981300613,28.07232477457726],[88.75608579496854,28.07607915467315],[88.83617460993229,28.0150202004509],[88.83704819459665,27.92917932911586],[88.88284018271725,27.89108487349892],[88.883072490643,27.834679915058153],[88.85559714577568,27.81594256780898],[88.86524035912808,27.742496596297592],[88.8379014979968,27.70586757378036],[88.84816101941449,27.667756123774087],[88.76376324025608,27.56484593674358],[88.79256704251162,27.529079472354482],[88.78250513338845,27.449899268461326],[88.82323040052445,27.39073417159851],[88.86101409833,27.387013963766854],[88.92014845075194,27.326763936921935],[88.90788902439024,27.277235263611093],[88.80332404823872,27.247950821051866],[88.79126288814507,27.185834679487776],[88.73884984027337,27.13631215104065],[88.68579353218296,27.176099506063853],[88.65515716135789,27.159575719973677],[88.59576409862568,27.18932506070314],[88.54125583366005,27.181755954339906],[88.52991150131535,27.148048286017442],[88.43064887155253,27.079449114794897],[88.30200401791595,27.128943787360864],[88.1816942500167,27.132513346704613],[88.15361405060399,27.10977387532254],[88.09615538946187,27.13344551170311],[88.07883847500007,27.201251915371433],[88.01347875633667,27.21748689673973],[88.06838007196835,27.33507077184256],[88.04227442255073,27.370999033927824],[88.07531664789498,27.432738478659928],[88.04425607013486,27.49647690752412],[88.19807203603608,27.7907416057556],[88.17314971937593,27.820287352034747],[88.20287741285007,27.841467860866853],[88.13470186923306,27.881749862338793],[88.12905022282759,27.949470119865648],[88.14490868289977,27.964347866353737],[88.20523091804608,27.941726163573673],[88.2374898259373,27.97124443988693],[88.2512037487115,27.942151225882775],[88.35253150200626,27.989850762085855],[88.39870643205104,27.97785356109021],[88.49537663888827,28.053943355559213],[88.54677170420192,28.034699649723485],[88.55250267005032,28.08145405340488],[88.61951892791171,28.09813001641593],[88.61280558602812,28.128232838230925]]]}},{"type":"Feature","properties":{"name":"Tripura"},"geometry":{"type":"Polygon","coordinates":[[[92.16803746752282,24.527494459457525],[92.23034444674606,24.501811254593722],[92.25807345339176,24.389415705892738],[92.19229319202137,24.24326784552022],[92.29119705082941,24.251354052637687],[92.33195844371456,24.17966365892565],[92.31662946324727,23.864451077557998],[92.26907389088274,23.847016538801256],[92.26538802961015,23.725111316558348],[92.24036204017965,23.717298472002792],[92.22752024410413,23.652766668881984],[92.205366066229,23.70559909081756],[92.12929349852634,23.73578518164038],[92.07437692500955,23.646429624821145],[92.04255386532111,23.646425644497604],[91.95844872224794,23.738564551646988],[91.95926264081112,23.6990090154718],[91.93703750950328,23.68929852745872],[91.97599819436716,23.496765798541414],[91.94017148988277,23.467918269434485],[91.94741522585618,23.43084911208378],[91.90663807472433,23.440393290524884],[91.86364090894597,23.408295588329445],[91.86553941475563,23.446154714631668],[91.80113421626874,23.517800066652942],[91.79853042785815,23.506219064600856],[91.84235222191448,23.388912115727656],[91.75989844015002,23.282805138247795],[91.80618444598139,23.179761978952193],[91.8135550950398,23.098966752124998],[91.83512879595138,23.093208182173345],[91.80573471162091,23.063268730666344],[91.7744443439128,23.06956374107496],[91.78028847862242,23.028996203129932],[91.76892310863208,23.04122448682867],[91.71970164740411,22.987447040890306],[91.64560780596427,22.984716690168145],[91.61894604009696,22.939183734373383],[91.60603529473008,22.97212219734071],[91.5763031375273,22.96572529317993],[91.54228511540903,22.999634694289334],[91.55025753419821,23.038527545427172],[91.53042371188847,23.038392152950884],[91.51520987477936,23.145139414045424],[91.49097266545715,23.157789950682623],[91.50743554618846,23.18377672529635],[91.47068107245843,23.196524694691742],[91.48442521635542,23.209404026931526],[91.45042169484246,23.219344324548462],[91.47022232530072,23.227811496402744],[91.44391832158014,23.24670119641528],[91.45409626339362,23.26049556001991],[91.41818329369251,23.255577593803206],[91.40867103584391,23.28530256697274],[91.37978880976573,23.184675176225866],[91.41720743493477,23.064993578908318],[91.39569789080247,23.056112539593695],[91.3468549598723,23.10236658771646],[91.32323288361897,23.158251125722774],[91.32647417225071,23.25240364103637],[91.29904218367227,23.285252431120174],[91.3139006777977,23.300630755496478],[91.28836283460654,23.31450806259328],[91.32348727393102,23.36299756519663],[91.29262104578432,23.355010725191974],[91.25484696354557,23.486773589678783],[91.2019744660336,23.514010043630865],[91.21309434352476,23.54744781890953],[91.19313214836772,23.544759851847388],[91.16083594871411,23.594537932324844],[91.15697016387324,23.67043245465853],[91.2144618021694,23.65663693696492],[91.2068287336569,23.689469705754576],[91.15354138336697,23.691102398918915],[91.1568211046215,23.742089644566786],[91.22748133621211,23.753370937370686],[91.24777553971502,23.82978685991727],[91.22034365983272,23.891217933790085],[91.24311439550478,23.903483886019963],[91.23296484404753,23.920164880388565],[91.26857694729871,23.923435984672587],[91.28016383105833,23.982256198301197],[91.29055701370544,23.969433065112515],[91.3007975079071,23.997428352062318],[91.37932879598347,23.974547943134688],[91.3969655097881,24.047242165142787],[91.37614158054193,24.10582989988764],[91.58096965995117,24.07441057126921],[91.63130321663628,24.103556066136647],[91.66226854962007,24.231931142490385],[91.68255209730708,24.162412649494552],[91.75625230327762,24.141841470755313],[91.74658315466465,24.245272175182205],[91.816036003801,24.210080632121738],[91.84117807532914,24.227318985916114],[91.83692294716941,24.19712337309637],[91.91827209129025,24.115530590320144],[91.94233316254484,24.26308524677348],[91.92243594882046,24.33841130627289],[91.96008296166734,24.358715744207334],[91.99298626614616,24.328525642162827],[91.97592138122383,24.38695532203923],[92.0821244209229,24.37488996623603],[92.13940654604367,24.425359719639633],[92.1635311192057,24.41886639717342],[92.14971813381524,24.491003249883434],[92.16803746752282,24.527494459457525]]]}},{"type":"Feature","properties":{"name":"Uttarakhand"},"geometry":{"type":"Polygon","coordinates":[[[79.07185082211919,31.45610035662369],[79.13899054533155,31.433631297952132],[79.16688692338602,31.360972683633037],[79.2333076080955,31.333854981710488],[79.2171826115903,31.312366756678298],[79.24581643462781,31.28268736120805],[79.22188340653891,31.259934817311585],[79.29629322768498,31.217550701048154],[79.31836049535299,31.135910728952112],[79.40949285795817,31.10836240729762],[79.42643459014326,31.024027844608636],[79.506926048882,31.0321153765987],[79.55257571152227,30.958048845504088],[79.60105851683821,30.933221732774264],[79.66542521173537,30.982679157419913],[79.73187598641363,30.97871610549043],[79.75319740446078,31.00641602346287],[79.86481691521719,30.972724802094774],[79.93221439832224,30.879962915819796],[79.96273603811585,30.888760296267098],[80.0530833728757,30.844449069204682],[80.1095026365217,30.779951085759805],[80.17222848219564,30.80863804380835],[80.20896455753031,30.752450673075177],[80.23595142100399,30.759293602442156],[80.24873178489052,30.719875657172214],[80.19340195041042,30.66745045812803],[80.21980315364138,30.642461240038728],[80.2126039471566,30.584186140897344],[80.31543681064194,30.564965816629215],[80.34691265440505,30.520846139822194],[80.41778821576254,30.524362450937915],[80.54094799759679,30.4482695632563],[80.6072084237579,30.471684952662237],[80.73439419508243,30.399907499843803],[80.80368100501157,30.32350616640053],[80.9085197921533,30.30368189894088],[80.93549468467751,30.262883145257423],[80.99960670000512,30.26753834122115],[81.04515135587688,30.210972112092865],[80.92843542313759,30.174767486211472],[80.90738921296088,30.22268457993899],[80.8623931276904,30.169562661519336],[80.87687052323467,30.128630922883943],[80.76175047634369,30.049898531220038],[80.74395971943412,30.00448230475528],[80.67533077992354,29.957299044925527],[80.60194777716468,29.956993948377093],[80.55351305058106,29.849279596748175],[80.49342091979308,29.794642883271763],[80.43486716830222,29.80474813882364],[80.36797056513835,29.748572020653615],[80.38547323952281,29.67595079168408],[80.41974067887972,29.640303722865504],[80.4092394693281,29.597530812066505],[80.28545219719992,29.475307953140437],[80.30042787745246,29.4504579929924],[80.24212843632361,29.44273074324496],[80.24294543520986,29.41102109921091],[80.31762663291174,29.313091090011355],[80.29789186872671,29.205209714465912],[80.24803862685098,29.22086983715506],[80.27125244126555,29.140385592764037],[80.23332552146101,29.119256644742382],[80.18351405214432,29.136408674491467],[80.14463722052066,29.102582111564523],[80.13584937489695,29.00736712913586],[80.05891981980312,28.91576231694443],[80.06802909431359,28.801178088923972],[80.02519003651679,28.74653841918434],[79.95417132322893,28.72289700588437],[79.92408478962969,28.773227348797924],[79.93982606537138,28.78778140802566],[79.87306360942553,28.797347016794202],[79.87849499431321,28.81489853021627],[79.91552810029154,28.80433844669689],[79.88809458098385,28.83668339423848],[79.86319503571781,28.840281165071502],[79.84934672228218,28.799701267612356],[79.81019710015453,28.798361607399226],[79.84960639199316,28.859361759046593],[79.81802976713661,28.887870715526038],[79.7066740017476,28.841071802926702],[79.65605343602418,28.8698320969596],[79.58436542844228,28.84633396893951],[79.58427337268523,28.8792419062994],[79.55648257003284,28.899321567231542],[79.52178441095509,28.86480567146447],[79.42557262069555,28.866478832953828],[79.42794784895177,28.919845093449982],[79.37236130470956,28.987532182446785],[79.3647037508174,28.968135182843316],[79.30726764816872,28.9665271744972],[79.21173414613583,29.0276241518282],[79.17105656427006,29.011927886415805],[79.17510821413643,29.046305688082988],[79.14250347192879,29.06700620107794],[79.1535012072874,29.115244398857772],[79.03943696112967,29.168627452656626],[79.03740025400512,29.144881880190372],[79.01782042225716,29.15389890247949],[79.01692001659335,29.13083039198164],[79.0406317887295,29.127725426709457],[79.02669822427508,29.112475212043407],[78.98234245993577,29.14310402506608],[78.95646567879464,29.119970323898862],[78.90662280886718,29.124859090888062],[78.90874858844373,29.17861941846857],[78.87446359420954,29.230259967596748],[78.80762536806441,29.236566694935686],[78.76501271805861,29.279363126424858],[78.7226874112644,29.299375641702905],[78.71858479188707,29.30669765794415],[78.76654861261561,29.337459181485894],[78.7959081450453,29.31182327121917],[78.8247304211547,29.367190007793873],[78.84986589904864,29.34487633724331],[78.94233080008843,29.438632602777982],[78.7996701969287,29.464635178112633],[78.61772794354911,29.558086059381893],[78.53266884803467,29.638809270562025],[78.50095874879831,29.73296520971331],[78.335651480782,29.79666482084687],[78.25974395246163,29.73839408282455],[78.20391367731655,29.737321800538858],[78.19602225243003,29.692732034171243],[78.08667932952173,29.625086005588145],[78.05746256903512,29.630739928697245],[78.0215898285874,29.58090413480565],[77.99515532660547,29.595847471133993],[77.96748720597311,29.58011619724016],[77.93329216723487,29.600565780085066],[77.97767993225956,29.613497181165997],[77.98377718526676,29.64368931606862],[77.93988418355447,29.69613555016013],[77.95300815842704,29.70739990304231],[77.88263578657937,29.702479310959653],[77.83003758335119,29.66834997154569],[77.7990420858385,29.686241773272197],[77.81047197013756,29.702421874112495],[77.76971917951956,29.71765275987638],[77.7746619464697,29.791073286750613],[77.71428516202609,29.869506419898322],[77.74776378174886,29.91121893291557],[77.73328462730326,29.95598729839907],[77.78197197092456,30.018682617450285],[77.77112601491636,30.048077249424523],[77.801182498971,30.09553387647985],[77.82804152948485,30.085974142426682],[77.86040357385214,30.113250142212166],[77.96168597659813,30.242430277164495],[77.72183494772857,30.330265884532118],[77.65663291304197,30.400998695010045],[77.57234788143482,30.407965023474198],[77.81503566061421,30.505197492251853],[77.82732637709387,30.52918349436777],[77.81784048839212,30.561088248817423],[77.77401479385082,30.557905106060144],[77.7431405132059,30.59317059788485],[77.79624409693481,30.613711515600325],[77.79251419036555,30.658751927234178],[77.7473929940305,30.67991559717608],[77.75580615953572,30.70699025008254],[77.70242182892432,30.74602003163761],[77.76126416240356,30.826133171493858],[77.744005882777,30.84666134747578],[77.75820980689427,30.87686603087348],[77.80566865855043,30.853282160918116],[77.81328497078793,30.921938086927373],[77.76278214006227,30.918249893891073],[77.74877438285023,30.952250251587333],[77.77096446908216,30.974408525806407],[77.82434479500402,30.950568544670563],[77.83830790684478,30.95425442178549],[77.81436106626002,30.96185431578077],[77.83180371611553,30.994064589240494],[77.80749638789548,31.016284366595112],[77.82980834227386,31.02883106339703],[77.81134277810939,31.059172531660984],[77.85122150885422,31.073439256557965],[77.90129763353173,31.151899295317527],[77.96731035464315,31.173442528041747],[78.03032957212257,31.15104414984335],[78.04262823599755,31.178581045245217],[78.10360981839273,31.185458233970902],[78.16021530639034,31.22555688942759],[78.21243228617149,31.219649240520965],[78.2828570980722,31.266292578258067],[78.30631785666343,31.259975105922436],[78.31114861088417,31.28322654161767],[78.37030690879833,31.28641760943166],[78.40694329988256,31.242270848650087],[78.45570350585656,31.241103119213193],[78.48374484594673,31.199020423309282],[78.60933667537724,31.229345446894673],[78.65800067627589,31.185124673066184],[78.80990966615263,31.19837198582515],[78.83120218449878,31.14068248471078],[78.88543154861983,31.098809167380413],[79.00891512191004,31.110012428483547],[78.98590654918169,31.17392117628475],[78.88116667463761,31.28428667179742],[78.94330463134858,31.365723583659435],[79.01509555801427,31.347019313490115],[79.01578247096595,31.423235426429343],[79.05871782546623,31.42628442812601],[79.07185082211919,31.45610035662369]]]}},{"type":"Feature","properties":{"name":"Telangana"},"geometry":{"type":"Polygon","coordinates":[[[78.32305764397938,19.916785480849736],[78.3308583264458,19.885662239434986],[78.38068973476857,19.880435170206926],[78.40300888465231,19.831864839424718],[78.47247690723214,19.817338805237387],[78.49025594561881,19.792685352906368],[78.55202364551575,19.82408619564798],[78.71917651845295,19.766652415214693],[78.74007261745075,19.7831375308366],[78.84097822095245,19.761895941179823],[78.85193531113772,19.658367321188422],[78.95557251984023,19.655798922139414],[78.97284907299635,19.582396174454786],[78.94045815048759,19.55187652924345],[79.09804768467416,19.532037229429893],[79.18973335918874,19.459146695139875],[79.22360154501256,19.469087369831705],[79.20386345616268,19.494095547816414],[79.24003494662952,19.535252557345654],[79.24356864676771,19.616700934593812],[79.30685155122404,19.59656895313506],[79.31394163306308,19.566433987494122],[79.36574060518294,19.57634521653074],[79.47143471244263,19.50020733401787],[79.53993624748975,19.554677500674686],[79.59616261589471,19.507294542598792],[79.6279276722636,19.573188126054543],[79.75345519399787,19.60755268557709],[79.8148331247745,19.57543948386339],[79.86459008970965,19.510534366045746],[79.91487139858118,19.495862065145428],[79.97972266540387,19.38942763910561],[79.92474865630277,19.227322259286982],[79.94567481382828,19.168960193957414],[79.85843685099898,19.102439061927505],[79.87111009977102,19.04104028515431],[79.9279261205319,19.049342095781657],[79.94026982952846,19.032588139517326],[79.96161194475977,18.866652142803474],[79.91578976785571,18.82993771011415],[79.92105536326784,18.81025605615603],[79.96416123956861,18.773851130155613],[80.0185508972723,18.770409833029245],[80.11812773436536,18.680545488881688],[80.15771341310499,18.701008842728825],[80.19657410020632,18.680825162658337],[80.21277656293003,18.70574750576946],[80.27844499213239,18.72164320735568],[80.34661677180834,18.595052895995753],[80.45459628567733,18.630266972086115],[80.51472952696597,18.619375963648004],[80.63764109530408,18.522554481043922],[80.69895378503486,18.421432511503355],[80.73483554187314,18.412859651796282],[80.71959019366045,18.39112579469797],[80.74898114287058,18.3082932229765],[80.79417646369127,18.256928259330902],[80.73718580325264,18.22211449638174],[80.73682889540373,18.177221974572415],[80.79911174587848,18.171546130274944],[80.83672317915185,18.242296166171723],[80.87260684221512,18.213953504688135],[80.85291071816376,18.2053779653099],[80.86666862514919,18.140300852844714],[80.97902736943439,18.178789895359547],[80.94925711827366,18.08624055010885],[81.0082439412748,17.7982752842528],[81.04661453001502,17.78235666295051],[81.08558432199924,17.798071960732894],[81.10426012248291,17.77205375684865],[81.05816345905558,17.733132868904267],[80.9913170959706,17.749963267092088],[80.97342106549287,17.780167850525853],[80.8855466175387,17.735722858532565],[80.91105521877074,17.638063163805345],[80.86149566850074,17.63425998526619],[80.8554022872324,17.60191539242292],[80.96939492239069,17.598102459228816],[81.01989515069695,17.520082552115067],[81.09756173126061,17.504305220028183],[81.12727783287434,17.52647246080858],[81.15967867907203,17.48442034676948],[81.14825175831507,17.463703550716676],[81.3123786678958,17.408776550923868],[81.32263379475512,17.374597553268426],[81.27402587388303,17.31724568432279],[81.19040843516076,17.324865984265447],[81.17397560038079,17.23038939985671],[81.05460902220734,17.224925154611526],[81.0312711297908,17.190380824562045],[80.91887846332382,17.219786557153427],[80.92399588432478,17.157896082612453],[80.87943982981308,17.160879326866702],[80.87716294821584,17.07048428111484],[80.8453119176844,17.040016923406696],[80.73888487049281,17.07963699263481],[80.65381527906263,17.06865858184801],[80.67055901716923,17.10123456642894],[80.58002435043493,17.153117438131826],[80.51408582477609,17.122097767223668],[80.50540331919588,17.068508862538234],[80.46486602812632,17.03006870804559],[80.40903758734103,17.09154066365687],[80.38574071020372,17.06797049857315],[80.40704226021172,17.015840323226566],[80.36341256189576,16.976109595257967],[80.49345280549409,16.927474720976292],[80.49923557359169,16.956380590287363],[80.53470228451414,16.96146084722038],[80.60194711241137,16.918637321008365],[80.56285387663577,16.832888595626727],[80.6129722913019,16.7935897904827],[80.5702470832893,16.76805746919483],[80.4644623180511,16.795495498552807],[80.46424754074815,16.820024393803244],[80.38404523083479,16.86530168520683],[80.40780373962022,16.84827444900645],[80.3804396133716,16.81749544794234],[80.37407384314618,16.852439639097167],[80.32170760378901,16.879674137135762],[80.29359949911024,16.996375328464904],[80.21143918077945,17.010315237787932],[80.19646240278558,17.04407494944679],[80.14024726781322,16.99063325428679],[80.05545623856274,16.971461635521834],[80.04041648956579,16.9181230986949],[80.01739568268155,16.9150147510181],[79.99877384938692,16.86525417250296],[80.04685568898081,16.853383182341364],[80.07061371267598,16.801733873062126],[80.05496740413122,16.74468814794516],[79.96162252601552,16.642620740932998],[79.91012022611146,16.633958400388067],[79.87754293102901,16.697338074625407],[79.81727714332021,16.691906108020017],[79.77400614499214,16.730813448913054],[79.72291011805682,16.690314387595535],[79.44719275013426,16.61974746408219],[79.41865977736043,16.580279827467706],[79.25908949121003,16.566954108695754],[79.2148523871332,16.48794140358634],[79.23337918585734,16.459234252933935],[79.2115870910255,16.447420529308264],[79.2102244599272,16.358263945224568],[79.23431861164214,16.333873290537536],[79.2133800699421,16.22474663642315],[79.1569714118064,16.209321114836186],[79.00953436297475,16.240246773700242],[78.90491474679607,16.18290655912631],[78.92046323868789,16.10203118038206],[78.8892480213415,16.084820970608476],[78.8729083517379,16.14328608611964],[78.83469828744738,16.14519123591915],[78.83708666614106,16.070404916470917],[78.74093616793336,16.00869292426259],[78.62100587446129,16.088075042536598],[78.55179246587402,16.04282894955822],[78.41009289477833,16.075090691695458],[78.3122960352848,16.011533656780447],[78.26247377181166,16.02673435570838],[78.25165256259287,15.93524855910911],[78.18202179223303,15.907375533360247],[78.17538044582793,15.858098701706663],[78.09901440660676,15.83602582612155],[78.03192760224947,15.907367034162018],[78.00890159501809,15.861774776236759],[77.8880184791854,15.906102823236845],[77.80355735352808,15.874152750496034],[77.51346826787129,15.926810324278092],[77.49368598101111,16.086365400649964],[77.51330345666105,16.10804531177579],[77.48982141608242,16.11964067253974],[77.4861808568496,16.163004998641725],[77.5156864571411,16.22780942094581],[77.49237244374143,16.229317138623387],[77.49009577234997,16.255199968496616],[77.50484452109379,16.275820141844523],[77.53692700345648,16.26682339121203],[77.56323484567831,16.301654448353663],[77.59774739036045,16.292824240428025],[77.59541187392801,16.342217804757087],[77.48972198605519,16.38503250477535],[77.42098032684108,16.36624842296343],[77.34913035301348,16.38386301161978],[77.28799304586714,16.408659494783777],[77.23591259653445,16.472661392766984],[77.29403171075154,16.476686583581014],[77.29874813009785,16.49617753950066],[77.36904680326133,16.488687557996847],[77.37782293036214,16.513720677844322],[77.41915033553813,16.52239411653881],[77.39290897763053,16.56998952650212],[77.46743014046449,16.59885169571969],[77.45368173226487,16.61676171743506],[77.47614459193285,16.650121234707292],[77.4343780641948,16.64139625212857],[77.41889546462741,16.668586128617854],[77.46983607493372,16.687043677052873],[77.47408425192981,16.71657207169433],[77.43849716406432,16.711692493459257],[77.42610333715972,16.722886863121488],[77.43953473528548,16.789143870631662],[77.47653666253693,16.788380359644176],[77.45405283349524,16.913908292955803],[77.5025688180862,17.014113904065457],[77.46366159016831,17.110004883839906],[77.36376517561632,17.158789113111894],[77.3723128153263,17.19556975819883],[77.40378862225852,17.20989887839571],[77.38022890884885,17.22253708343567],[77.45857583747606,17.279003245197124],[77.437966976587,17.291924615035885],[77.45364791338935,17.37399468287535],[77.48385952301886,17.355002449885486],[77.52984235373,17.370716213085657],[77.53788482943325,17.406097197070704],[77.51303975890434,17.43087443006733],[77.57590217006104,17.43071858237793],[77.57622668645742,17.456171478695154],[77.61431127676401,17.44595041541628],[77.6569321903721,17.506464390683604],[77.65740446525972,17.480922088807574],[77.68844119274901,17.475199779097483],[77.69243478000703,17.496882488369483],[77.5969403960115,17.534306067705888],[77.593841338537,17.564515658076807],[77.55060130603508,17.551736474801444],[77.52842600247942,17.575367868275883],[77.50694134707042,17.542281685337247],[77.44316300376857,17.583965336844308],[77.4524751717691,17.694704189365932],[77.56857803756463,17.74890660350295],[77.56919350480683,17.76649200722338],[77.5066025241048,17.78595242452395],[77.52826667189076,17.82789708702555],[77.55407087544513,17.820067271089307],[77.57644379309194,17.87541813787924],[77.59912114709354,17.873086073267306],[77.58610837736491,17.90783405545211],[77.61908327397863,17.904057059048046],[77.62458970412517,17.95960063069604],[77.64952962956156,17.95001315474993],[77.65589998388984,17.968836947418062],[77.64895083693918,17.99887494360134],[77.58863648630609,18.012153399510265],[77.54768303181655,18.056127693723656],[77.59885068771769,18.093327496613036],[77.5968905565812,18.155943056913955],[77.56350915253849,18.196123948205944],[77.60547049431892,18.281275169101644],[77.55143503514522,18.29191082540236],[77.5705117663166,18.318108419181335],[77.52276671949572,18.34539319820525],[77.55678802315974,18.41713840122563],[77.52754815620739,18.442105722887067],[77.58532889302322,18.446787600640008],[77.54859521798697,18.46857593885767],[77.60315730281792,18.476842895464664],[77.59640042138915,18.548936219372774],[77.6479436233847,18.55492690476891],[77.65589090282064,18.53089476144628],[77.73852919854446,18.55678555697549],[77.7300034534729,18.66693297957918],[77.75353260260336,18.700988194218812],[77.7873168426605,18.68263678177876],[77.83998238000912,18.80481836672694],[77.94830180021194,18.82909539240373],[77.88541118644686,18.904197100855757],[77.84328134946524,18.90868968951171],[77.8586184498044,18.949107285092044],[77.81927650645925,18.945855703640717],[77.82178480665007,18.97850338404316],[77.77152465579842,18.979153957978948],[77.76181757582258,19.03299621879341],[77.76483920570611,19.062649625926344],[77.80037636341144,19.051116483833326],[77.80996087814825,19.104728733670992],[77.85042133631153,19.088552322020508],[77.83408920536982,19.134303196706465],[77.84774694570952,19.18958980241927],[77.8714304918811,19.25501521276371],[77.90758862619626,19.26822367103455],[77.86348409548907,19.304190823942523],[77.945146306978,19.342448412850008],[78.04253007349318,19.270600964672862],[78.0416374912572,19.243425469752474],[78.17534369574963,19.237577799498688],[78.19376108775703,19.31488523084009],[78.17217052906086,19.349297488460174],[78.1762120441342,19.412260825484054],[78.3043616475715,19.456136985714377],[78.27433136288211,19.553973618589428],[78.30370918860423,19.569319928489527],[78.30558703226406,19.607065746735564],[78.26266933864225,19.66506257222558],[78.27620594386082,19.692413735000816],[78.34315353809514,19.7132492448683],[78.3636728315605,19.775774218601175],[78.33643347142335,19.837921793075125],[78.28609454371116,19.84793494536905],[78.32305764397938,19.916785480849736]]]}},{"type":"Feature","properties":{"name":"Bihar"},"geometry":{"type":"Polygon","coordinates":[[[84.10851152191714,27.52134731479078],[84.15182834600282,27.516766000788884],[84.14904015143073,27.48616074832859],[84.20842238227722,27.46874668099795],[84.21061913684606,27.442698235655225],[84.25852193052575,27.45104243541873],[84.29413406611627,27.382421531212586],[84.6201546788713,27.339288955806197],[84.69137969834902,27.214936684439376],[84.67966031577996,27.11388100212439],[84.64278402690414,27.04684940938397],[84.79344950049264,26.996272981414908],[84.82571234300487,27.0209304836362],[84.8916091814446,26.969924486797375],[84.96216939461145,26.96057126941388],[84.96872374187626,26.9157480612685],[85.06085989545467,26.886925505483557],[85.02307865633807,26.855233777229667],[85.19052789786052,26.87020609140584],[85.17669770074922,26.809738035982676],[85.21116782249213,26.758155189494644],[85.33434359254181,26.741718631778806],[85.40766418574461,26.791657070245567],[85.45418440662506,26.78222996269848],[85.5757277976663,26.86087536023673],[85.58570404344398,26.84692618123287],[85.63519282084265,26.872382019127638],[85.7292471443523,26.80865713329653],[85.73234782238755,26.653619977067244],[85.81750805562653,26.602427548983066],[85.85073565910947,26.60853543563104],[85.84992422977794,26.56845568733841],[85.94715161397521,26.61333760110144],[85.95929425575667,26.651201954190448],[86.02727627890528,26.666270272118503],[86.2179381867954,26.588631812207083],[86.25220110672811,26.61720184438671],[86.3328319723208,26.619473565988915],[86.54202251598979,26.53831573389969],[86.57034393910745,26.49655038989518],[86.73017646235395,26.422457214236445],[86.76649538163022,26.45881034398962],[86.83352103407286,26.439327413095487],[86.89347929522225,26.46152213373662],[86.89310767476562,26.487949530213275],[87.01649586583727,26.53183010272585],[87.04246993901526,26.587516264780387],[87.0707462873669,26.58652152773352],[87.09113680464132,26.450771983889695],[87.16221779722954,26.404517591711294],[87.25882751061724,26.409907204113548],[87.26552880339788,26.37357427476795],[87.34024963387172,26.34773755143224],[87.36800230483695,26.40808521935681],[87.46371440811801,26.44019774361862],[87.6052506448338,26.38090967061552],[87.65133637845909,26.393355898145355],[87.67708402498148,26.435554657801095],[87.76669532152006,26.410945299869393],[87.79212066599327,26.468957224782844],[87.84829903112443,26.436949329778898],[87.88840030151461,26.486835339876603],[87.92612285099878,26.418656675192995],[88.01923952379465,26.363799917235443],[88.0991513805289,26.456118327748936],[88.09810175840819,26.547515590764174],[88.14596066130146,26.522234971347526],[88.16854943063626,26.55347985121716],[88.23094373329165,26.57248010520767],[88.23541172893606,26.544801647774456],[88.18258345638385,26.5042315074839],[88.22757862627105,26.49195299087446],[88.21518541022085,26.477219801253224],[88.27336500171776,26.41903845475217],[88.23830322168101,26.380867598319195],[88.28330434829684,26.377969192334294],[88.29974145995591,26.348781458529185],[88.27822055662688,26.32556133370812],[88.25324634249611,26.33441202504873],[88.22767951875556,26.284868681372956],[88.14596185246751,26.25021412393669],[88.07324906747074,26.175170820813452],[88.03480921413053,26.179159584451178],[88.010455242686,26.14541568464955],[87.97514832678124,26.1430977573785],[87.98876375467438,26.105203632737748],[87.96420246913027,26.095025296599612],[87.98231060891456,26.07272806091348],[87.94881355666047,26.060130582381444],[87.92664620139846,26.083946731648997],[87.85543328941415,26.035109826235725],[87.83962503887817,25.933920910917852],[87.81079751391256,25.927962965080283],[87.82962705027734,25.871586613907223],[87.91570254192501,25.853398133867888],[87.88915880660117,25.829780675285004],[87.91767400800376,25.816177243730326],[87.90438759976148,25.77252722802519],[87.94198831164195,25.774328019256224],[87.9678970126201,25.72605595971589],[88.0496952568908,25.70224962411259],[88.03600483314614,25.64884203114662],[88.05520237514685,25.644767114095075],[88.02085958690053,25.57052095441204],[88.04016780853074,25.573710789554138],[88.031440303643,25.554148183706296],[88.0693593847484,25.52612937256337],[88.0732085983672,25.483682677968787],[87.92709001855617,25.5390402198844],[87.90274370524943,25.50479236290561],[87.8839857825791,25.52057094400913],[87.8683901479995,25.468143610927218],[87.83057342453084,25.46191942211959],[87.82404607613189,25.43651790651251],[87.78704738820538,25.449283577170064],[87.76485907704442,25.383899550895528],[87.78951558850025,25.376870637534374],[87.79277812228847,25.32960738209385],[87.85342071822467,25.290031019176187],[87.81849243951719,25.241959472988167],[87.76278592616711,25.26559880211728],[87.71104033463637,25.257627128747185],[87.69199746276466,25.311614877324864],[87.61044236369527,25.313271528077543],[87.58402540221759,25.349452022007856],[87.55185839377654,25.33265732619293],[87.54297343577906,25.281060279407285],[87.48739943471315,25.297323570067842],[87.50056802171939,25.259876809103506],[87.48284552509334,25.251838928626128],[87.47326013899071,25.238283068746302],[87.47810605318018,25.19440699825097],[87.40132313368343,25.227200308873684],[87.37188280767542,25.206274441391383],[87.32752132196605,25.22364245402737],[87.29550496908297,25.08856273448551],[87.24130620607207,25.116925919337696],[87.23711211663925,25.08921033002505],[87.21265145588171,25.091164522322],[87.14576730785927,25.019334026697774],[87.15671513282068,24.881013618677645],[87.07447451498493,24.817743820952447],[87.09571219028469,24.80275191729208],[87.05107242805985,24.60855888838768],[86.93980204574197,24.65255544660787],[86.90873630716057,24.59565234851132],[86.91644128311657,24.545150505623994],[86.88128787671748,24.574168716233807],[86.8567889126945,24.55466284663784],[86.8435533374192,24.574901805090576],[86.80209457159921,24.570284354216163],[86.81092919339807,24.59923385065102],[86.78701578541327,24.616453037710173],[86.66938257575084,24.56618560196154],[86.60341513961122,24.608160249266582],[86.5524267101857,24.536121866460796],[86.52768916350473,24.544241072337556],[86.49971210505961,24.509885044272103],[86.49124344522941,24.428028908633312],[86.46781752060997,24.425220900283875],[86.4720325129411,24.393543874845786],[86.44528040620058,24.36785016689473],[86.37737957817727,24.430755277343135],[86.27613316822978,24.46591216118944],[86.32280732082403,24.586905525669074],[86.25920687449117,24.578200473774235],[86.21496445059124,24.61385874033795],[86.21362973553873,24.594346010785713],[86.16687323797565,24.583750872264467],[86.12460550151307,24.61128275362537],[86.12854129745388,24.69874778782217],[86.09420637395786,24.744916074641868],[86.03690629600617,24.740668855215933],[86.05529381723369,24.779738560420395],[85.94534914974753,24.732960312659912],[85.86725381138359,24.804682408078726],[85.77811645071755,24.796537338323112],[85.73668833631336,24.820782013190378],[85.70745945036703,24.77961310829232],[85.70716676128117,24.724535301400362],[85.64901128595633,24.68458673266751],[85.66799870213062,24.578982457721303],[85.58063013234383,24.60075686246139],[85.57172002331502,24.561662365333593],[85.54089684782663,24.56234792413892],[85.52382276415578,24.52096598408854],[85.49777030218948,24.546604072665083],[85.4344895366218,24.528035148146845],[85.38458173826227,24.555451260728937],[85.37081855816612,24.555259248032357],[85.39170966702247,24.529937158290718],[85.28820643575641,24.523069398855704],[85.28262818979448,24.491639555981664],[85.22611816037221,24.463257076213655],[85.15264619116255,24.455174187176564],[85.17394443986188,24.420586866104603],[85.12317087757084,24.401980670025967],[85.10394924724581,24.377282833202965],[85.08876040575944,24.372266079693137],[85.07952723919827,24.433482011592748],[84.9746591265541,24.374679922927506],[84.90391216711441,24.372219173714676],[84.88738085002981,24.463188265922643],[84.83984694862319,24.452359728717397],[84.83879028550732,24.512713364257063],[84.80218797470833,24.53063336658868],[84.68641500891268,24.45673510419424],[84.66529389541095,24.390981663141893],[84.56754894776105,24.409209774525863],[84.57234912602446,24.382822437801405],[84.52777947640926,24.37647980275324],[84.53168586779591,24.33867636812023],[84.49621829449077,24.28632737317969],[84.50502740503389,24.331365803496066],[84.48368231368403,24.312932888607886],[84.46002913506062,24.337367270005757],[84.4243963867276,24.32982489871428],[84.43077935519912,24.356605216337815],[84.34197003681696,24.39325947374771],[84.32049518202768,24.42111201603772],[84.3355838299188,24.431353252980887],[84.29741128196949,24.449046058058354],[84.32752928624808,24.50033035078008],[84.29722319720688,24.560478395612307],[84.27049457961444,24.560130997737858],[84.2568739172381,24.526925529763307],[84.18831388120478,24.553309318877748],[84.17822595058277,24.505159948161996],[84.14564080332643,24.537534084606058],[84.14071635931313,24.500510355270002],[84.1083415723435,24.477495142997405],[84.05210627917616,24.610397899871536],[84.00835443513434,24.64280078336329],[83.93678832624157,24.549671826890194],[83.87268959879364,24.532201235142594],[83.71863425971696,24.503351043564614],[83.5032947551147,24.52543975680424],[83.54798316201048,24.62329658554658],[83.5004965937345,24.65126924991081],[83.52038437155512,24.677519684083258],[83.48505064812564,24.701603911684455],[83.48937186174757,24.73647251959361],[83.45826859604514,24.731550209438225],[83.39312431045488,24.782968256374655],[83.3968857092631,24.832444141114344],[83.35761230378085,24.87057488954272],[83.35056591420066,25.008795399699203],[83.32023795297891,25.01728210271007],[83.36740077291806,25.125265546403487],[83.35727623774486,25.199699871840995],[83.4020664704747,25.20910520805361],[83.40993625225109,25.246648110884564],[83.46794720301972,25.252366215524077],[83.49040113343378,25.28950215773313],[83.55411885662363,25.308513643268252],[83.53993252870616,25.31580909444883],[83.57374820889996,25.306147724446387],[83.64882590949344,25.33929391800807],[83.70170788692661,25.39618311035173],[83.74061923182347,25.410655335448055],[83.76899835013859,25.38637881360347],[83.80786041974716,25.40912304943395],[83.8015863764954,25.42985514869379],[83.84637850736547,25.434375438353783],[83.81658138310301,25.462783562859677],[83.85677210683087,25.468594165531286],[83.87623839512017,25.518086746856138],[83.9246160122079,25.554339736792357],[84.08130833424157,25.636469487518706],[84.07499047386518,25.695342838554204],[84.10445937438406,25.72101342421086],[84.15465199707921,25.729316410437065],[84.19891392250564,25.70222577893612],[84.20581917327999,25.669791168381167],[84.27645487816837,25.659351044390377],[84.32396371657853,25.67036409859583],[84.33664057298476,25.743578470198106],[84.39103787085999,25.744957425305042],[84.40662565775727,25.69790170152352],[84.45347984261596,25.71397334214428],[84.49921910142604,25.67487711905561],[84.52913595045457,25.682714344745015],[84.53974363372359,25.72681299673293],[84.5354488359609,25.690543185638802],[84.55745037389956,25.679568310138293],[84.56031941684726,25.736943670940835],[84.6346905107231,25.727958166550085],[84.6029990892581,25.761983162897227],[84.62483848847451,25.791938740335656],[84.5507844172489,25.840651280450636],[84.53052344242835,25.83166152818525],[84.53402124229454,25.876276895360036],[84.4275885330217,25.89127892924674],[84.411899087377,25.93078799589019],[84.35398610866986,25.958826982734962],[84.29694673618661,25.945218021545],[84.20711032812608,25.99987559429827],[84.17005906989078,25.987719670776475],[84.17252861137037,26.02462750359797],[84.11780094367637,26.080087986540665],[84.05595483253322,26.100082524353763],[84.00945124396027,26.175468549011033],[84.03121513169218,26.217157991812417],[84.01226539175924,26.232328415042595],[84.08651204291714,26.21869555018201],[84.12188071709936,26.258904645954104],[84.16628757491709,26.24109102238951],[84.17694334859652,26.370691120964928],[84.07926429057609,26.382661103562526],[84.01733994784978,26.447636273907243],[83.99152125536817,26.43229982985747],[83.90805515402522,26.44711833944555],[83.90812154311797,26.519106896366825],[83.97122816936947,26.507543705003783],[83.97662824078299,26.533484363129592],[84.04779252785929,26.536265428766537],[84.08912370955275,26.603053725943372],[84.0865361734623,26.639172878473087],[84.28148429571252,26.59956165107381],[84.41991381232444,26.626432376445194],[84.41061880753574,26.670190825545365],[84.33033099417702,26.68397897718966],[84.30611865920501,26.749566236713168],[84.24070685172985,26.738755416819824],[84.25409777087062,26.85658865273496],[84.21953317600422,26.871663538014698],[84.1661360731461,26.833827922570116],[84.14064580832566,26.852713838128675],[84.14644804111883,26.885456754946972],[84.06029560697044,26.888168819743253],[84.03216069836027,26.941257358392154],[84.05486191161583,26.960137709532383],[84.04954478794069,27.043304248208052],[84.00010474684115,27.06862019494861],[84.0303797730381,27.0976637358807],[83.9465137893414,27.090854995057725],[83.99422724870189,27.175205839767653],[83.9702277659432,27.22402591664774],[83.9052570204928,27.257409400256567],[83.93306303611453,27.31109965829397],[83.83675890533196,27.32227755225004],[83.88404840299755,27.37082339935459],[83.83101676354312,27.42724995194891],[83.8480971084715,27.448824834973646],[84.01632214944635,27.437165348233446],[84.10851152191714,27.52134731479078]],[[88.27559636657786,26.332611375584662],[88.27417163763894,26.33082797020643],[88.27570556039392,26.332423076043455],[88.27559636657786,26.332611375584662]]]}},{"type":"Feature","properties":{"name":"Kerala"},"geometry":{"type":"Polygon","coordinates":[[[74.9896164419431,12.795546750164178],[75.00947547816618,12.76758454726832],[74.98248703365756,12.738453936151398],[75.01124135491067,12.727968955745501],[75.0010462211393,12.715473472179102],[75.05029927252255,12.719452718635994],[75.04662690304718,12.666750663703596],[75.0852622980652,12.673885064962747],[75.08521607255729,12.705296719354994],[75.15247030940881,12.6822604542289],[75.13770764126966,12.644704309987917],[75.16110704133374,12.620990286350057],[75.20174170528851,12.628988241894003],[75.22033850702778,12.5682010521295],[75.27553271925619,12.619779893208296],[75.32619029556932,12.593669274980297],[75.26974062754424,12.5496147528115],[75.33217424496804,12.499614234138427],[75.33633549289236,12.464166704620604],[75.38193968011801,12.502070385708311],[75.41580101089791,12.50047910447263],[75.42326832137584,12.466842920920048],[75.36564208311076,12.456821813409992],[75.37248555404808,12.400253002762692],[75.42193761460612,12.372746205162798],[75.41041427856804,12.347276621105015],[75.43215786167961,12.309080377915134],[75.41408524128164,12.289636578279735],[75.48494460781114,12.289988164913174],[75.57702727659587,12.156910788264081],[75.63593251370459,12.14845474818857],[75.66164594968605,12.098500870704854],[75.70325813338353,12.108253216288364],[75.71472284446786,12.07052089872849],[75.80272633810753,12.07950439282958],[75.80107932644147,12.03703515399641],[75.87009146569265,11.951987291654639],[76.00319106302659,11.931470339847428],[76.11248340000462,11.978798815299925],[76.11999716056927,11.850388543581065],[76.19037489086763,11.87129129272529],[76.22370610603542,11.808283397996988],[76.28019269122541,11.812430347351105],[76.3397217759596,11.739082952551996],[76.41401386480285,11.760177694578404],[76.42742528170176,11.726055115521799],[76.40344433747556,11.707838160707611],[76.44340841266397,11.643702551355103],[76.30236480486347,11.571306998869511],[76.2789878321388,11.600891232321787],[76.2343359588273,11.571363636741436],[76.24722594592458,11.467987698647654],[76.284414711077,11.483003598940762],[76.32601222528592,11.454063100160791],[76.34220449482609,11.467675752100961],[76.41868184609073,11.441866009961204],[76.46035580872693,11.388889462120371],[76.51772581693027,11.371646331025694],[76.50815900619108,11.354208716200233],[76.54783047134538,11.35896837110648],[76.54572606807936,11.300396525879169],[76.45306208869451,11.2394545086324],[76.43859358826819,11.19904787721422],[76.45841393225535,11.187765637059615],[76.49580969799536,11.211453654399605],[76.53384183477418,11.185680250525456],[76.62891880669147,11.194251381096308],[76.70580407484184,11.240444064160286],[76.73454195512859,11.21807401762112],[76.70019005527033,11.153631351836916],[76.74806348661669,11.135479816017911],[76.74648747779064,11.056751507188222],[76.80077286803933,11.053978536362855],[76.76656342212057,11.029179068227158],[76.6997058516541,11.026658177893516],[76.65905766535936,10.930588113269302],[76.82838585187616,10.872638198008037],[76.84824284263537,10.819528153062825],[76.90075956417569,10.808025012328178],[76.90728614721,10.783407270025698],[76.86750057086181,10.694280944315857],[76.88212093597846,10.638965535985793],[76.81012200440875,10.623840723749995],[76.83860189752906,10.596327759920065],[76.84308859699598,10.536679351345192],[76.81603791900115,10.423003113104613],[76.84861912624666,10.367415641613002],[76.82992965969254,10.30315321540764],[76.84856899127064,10.28452150124193],[76.87315101711805,10.297546227649867],[76.91187581337142,10.234259902237332],[76.98359357405383,10.219659293726579],[77.09142847623006,10.315060116029677],[77.17599452062097,10.358574913364139],[77.23525271029641,10.352869869019992],[77.25911824975468,10.23045950223318],[77.2952790897955,10.218546066864459],[77.26771637837689,10.122207643029055],[77.20118377975268,10.107203462288817],[77.26389717657342,10.029307110386844],[77.2727897980986,9.964293512469489],[77.21834772998623,9.904908890535514],[77.23728223269532,9.851990989022642],[77.22187122885606,9.823059737693281],[77.24679666985682,9.798458529415488],[77.22278883815588,9.788367107662763],[77.22387498667432,9.730446063265012],[77.16582739901511,9.61294070168897],[77.20888475551077,9.61355033919148],[77.26964118955304,9.572874617524327],[77.31774607812049,9.602609345833057],[77.33942423962488,9.573424915282233],[77.36105476167307,9.602365849241547],[77.36548900312067,9.53519478813165],[77.41232049024705,9.509082635352339],[77.3925367067936,9.459456056981326],[77.34928227250104,9.441200231004384],[77.32521031456356,9.337223226160404],[77.29997996289751,9.336804627972164],[77.28296704371773,9.301419846029333],[77.28221741937607,9.216893150524893],[77.25247399640129,9.189545986568072],[77.26779965130542,9.153421294028597],[77.21206627114182,9.099888866730586],[77.19717519062944,9.046550661534809],[77.14700999349995,9.021366285015706],[77.19620524368457,8.954698625123994],[77.1927129127618,8.926313512430124],[77.2213048859852,8.927519190106208],[77.25833876990457,8.874972032966614],[77.26399115562349,8.84206893499998],[77.22971675791639,8.78466360073648],[77.16999157904053,8.741850180160423],[77.28375606367617,8.54685140048988],[77.26161393400568,8.50627529103725],[77.20127547528531,8.500969788757327],[77.22699535039071,8.446731115514014],[77.15067447307214,8.384458134764637],[77.17556474952109,8.32000302643087],[77.14822419416721,8.331711641557535],[77.09779810741458,8.29248867977566],[76.97965520264306,8.382065221352406],[76.6315380317519,8.8368342337326],[76.54683811682409,8.904209099701797],[76.33529397812752,9.426654712403627],[76.2405691152589,9.982334284270198],[76.10046569411621,10.381759535684132],[75.91000390482026,10.793443581823846],[75.83022006070895,11.116728733810715],[75.69784504088997,11.425147903724216],[75.61802859242542,11.47736258753094],[75.54441045743756,11.704809014267502],[75.52456879283542,11.708302692508239],[75.47314983233525,11.769228085584903],[75.45394146383872,11.771655497978541],[75.38625347275735,11.85638338080758],[75.35640261037628,11.860293955895877],[75.25033141730977,12.009835225664986],[75.22761068096811,12.023476912104492],[75.20124565648693,12.006354083315292],[74.95810513179421,12.540811503073458],[74.97573458002486,12.57110316185945],[74.95374808078239,12.551021703335598],[74.9385192894187,12.591406302737223],[74.95409022841284,12.60521920585212],[74.93205051387123,12.614621619250466],[74.94997810845308,12.636347789578906],[74.92811325816808,12.611812738158404],[74.86765619847402,12.751435167220304],[74.9896164419431,12.795546750164178]],[[75.53767978256059,11.762642643543506],[75.54160290866264,11.738838633216078],[75.52663646668445,11.726135068231097],[75.53116885177178,11.708435936222598],[75.5555057246832,11.721747549478474],[75.53767978256059,11.762642643543506]]]}},{"type":"Feature","properties":{"name":"Madhya Pradesh"},"geometry":{"type":"Polygon","coordinates":[[[78.35863824690685,26.869184000334812],[78.39523211983035,26.817103716940082],[78.43354157641889,26.825743542698895],[78.4606670140083,26.78763923204377],[78.57624323528202,26.74879711865969],[78.7255724585972,26.795931833084843],[78.72996580334315,26.77508597326498],[78.81586386784072,26.762358462754015],[78.87174219926027,26.69811648514395],[78.95556571420364,26.691782055860596],[78.94549151073748,26.654831692555973],[79.00478765243705,26.673353358464006],[78.99362803168107,26.641036506920287],[79.01653987292133,26.60066203262563],[78.99010127462171,26.578036949799067],[79.06812575746928,26.496627393708017],[79.05261460674721,26.453743323931008],[79.13517684481087,26.440137533094095],[79.12598266243808,26.411259664117466],[79.09520534324999,26.41264175649943],[79.08417285207304,26.35930507158285],[79.13883375158524,26.337549243244567],[79.09065114077937,26.270062572066024],[79.04564689431453,26.260341424818794],[79.06344347949366,26.225911874763142],[78.99172759179861,26.23897135912705],[79.02582009144045,26.220104802414546],[79.02653978032359,26.191325645640728],[78.99370153273595,26.19689925408481],[79.00489402554311,26.14805578697021],[78.9489057816553,26.128686616948396],[79.01190737868043,26.08267119626789],[78.9482976249029,26.027755324969675],[78.9389600031388,25.942695271920744],[78.88463755558797,25.913936741417253],[78.89009204604311,25.874472575027763],[78.85236471662333,25.8565355280874],[78.85057321453706,25.811217374467045],[78.81817254261249,25.82914691732402],[78.8055432528989,25.813561887308516],[78.82873459326167,25.795582327437998],[78.75292235643002,25.750938677750003],[78.81670253499,25.67632148970938],[78.81176103915597,25.620782074519923],[78.71733233197187,25.605327455163664],[78.65827982236054,25.55985079225363],[78.6181392120491,25.583659491137897],[78.58774466410527,25.55659648264715],[78.49334131725995,25.578697714636146],[78.46469649345347,25.545507901076416],[78.44360198894877,25.563202792217588],[78.41935813209345,25.532840828322488],[78.43130432579703,25.473628038485817],[78.37765839140184,25.436807974290694],[78.35454217085808,25.451976326160715],[78.34052802123448,25.399517351586056],[78.30530965316557,25.37674716175745],[78.34379095746793,25.328451979277744],[78.31173194988021,25.30329609583989],[78.35458367122756,25.292250326764254],[78.35979790905655,25.24218426187385],[78.41094995762793,25.212657404726354],[78.39527729341107,25.18790279158614],[78.45825964043796,25.163715113482223],[78.4272978701726,25.15397934216175],[78.44681815349865,25.121766085847597],[78.40681994322773,25.12892494272069],[78.33863296854874,25.086570972844953],[78.33397455611528,24.994906474682196],[78.16896864592736,24.862605870248334],[78.21667687709294,24.8085805728599],[78.27669510168583,24.662978931418987],[78.26446816379473,24.552187312130435],[78.22582073225024,24.520096638305937],[78.27497782469656,24.473907941406814],[78.2696883538608,24.446923459223218],[78.3657854328518,24.385961269932917],[78.32908239216339,24.327112022198584],[78.3895523157323,24.262651459665395],[78.51862086067098,24.387810333204833],[78.58610191853845,24.353707249174604],[78.66863295541735,24.240029803873725],[78.70305720648686,24.226916080223603],[78.73428352431523,24.252456875995478],[78.74864693532803,24.233042632980546],[78.76193024707752,24.25945824663573],[78.7854848014625,24.183463124646117],[78.80636707359145,24.17836848994087],[78.81514718921211,24.206997197363968],[78.88233586072599,24.217450901488174],[78.88457805657346,24.250463526651984],[78.91674452333041,24.26902104706337],[78.90963697554734,24.297985903620912],[78.97145320513087,24.347597896997335],[78.99364689091216,24.422742871832604],[78.91420855592713,24.459609790336426],[78.92057500348226,24.499711353681437],[78.93774629115507,24.47881801628407],[78.97152068298175,24.49423482392745],[78.94725018029844,24.50240437748088],[78.95320271471341,24.54689660771623],[78.8832206635516,24.641290879139277],[78.78377814166153,24.588552346376712],[78.75202907350814,24.600171165082962],[78.74392685085536,24.654051234941793],[78.78098512583132,24.70606794281458],[78.77039645181205,24.788393486207237],[78.78983785137807,24.810971036084073],[78.77003550064606,24.859013107636887],[78.67655844980932,24.898624416771394],[78.63172952484355,24.957687213432116],[78.65261511265422,25.050585471604293],[78.60216510107061,25.09492886181844],[78.57020100139101,25.223871882129675],[78.5557533310995,25.209207523825196],[78.57800495911495,25.25328711434187],[78.53173953368675,25.28398440202497],[78.45048937313044,25.26210496536079],[78.43502884876283,25.284160950332097],[78.45379070335913,25.301263434202045],[78.47294343380021,25.285499597345222],[78.49828747984188,25.320068585669823],[78.51038171770091,25.29534798429808],[78.53299267183002,25.300942857499578],[78.55308183756426,25.319677208437508],[78.52962361132381,25.35337887054569],[78.58498252337132,25.346820201120615],[78.56649906296978,25.390753387868948],[78.59137418304323,25.38586868304],[78.61058924758186,25.416017954380987],[78.6351814091206,25.400673189372732],[78.65818230933812,25.44102031791889],[78.71148549872318,25.428081441204778],[78.67450458126962,25.399802795313985],[78.66568649296354,25.41535426636611],[78.66012420467433,25.38395073612581],[78.7147150733236,25.37298719849538],[78.72673782235401,25.343415653067623],[78.77463096722924,25.353046797166805],[78.74826219407838,25.409784718864802],[78.8214168432954,25.42252625150395],[78.76235810566419,25.426897490106647],[78.73213359892215,25.457590937802646],[78.7353114575117,25.49139918969673],[78.76788729822168,25.469364862940957],[78.7967462507475,25.482761289486334],[78.81868572318486,25.470977845518593],[78.80916878421532,25.45345683780563],[78.84089373978988,25.461542648695485],[78.85488636577927,25.447648215117496],[78.82072377059582,25.438688959641865],[78.84655917533496,25.42868545472959],[78.86616964143074,25.46566733783858],[78.83341227904957,25.50263700031695],[78.88438057992457,25.51557870826832],[78.87429343622674,25.540949040277006],[78.89339453599686,25.555314403251085],[78.92222038021455,25.53605379089887],[78.95178854097905,25.54878760821886],[78.91993426124124,25.51581157460068],[78.93784384549996,25.465104184349183],[78.90887138005822,25.44241948307606],[78.93826377735255,25.4222481765057],[78.96723073252836,25.43435864631833],[78.98933064407547,25.37404025811137],[78.93871111410957,25.346975458388716],[78.89641692855004,25.374109284428304],[78.93829355740257,25.37482431046926],[78.95309733873732,25.400089490479232],[78.88024132724998,25.38589102650679],[78.84615568444868,25.326976787581728],[78.79231998184805,25.308084596943612],[78.7976599038668,25.28917099508287],[78.81715271132157,25.30667938569373],[78.82856459158575,25.30273410851848],[78.80945583367782,25.270530136462348],[78.849652134147,25.228782096600355],[78.88200256509434,25.343634918404547],[78.92254190971259,25.342896629831277],[78.92793267907135,25.32412728952379],[78.96061431706731,25.345082399987593],[78.95742622756501,25.30223662171263],[78.97992329957057,25.279045152772582],[78.87980496251588,25.25263545398994],[78.88190711999368,25.156890656339435],[78.95384692714636,25.21895601787509],[79.00587222890378,25.19504564799271],[79.0011849715665,25.233696612144126],[78.97484300055044,25.240491688442066],[79.01322040301208,25.27404900378575],[79.02223408330157,25.241313972714302],[79.06363762608783,25.222023396105943],[79.05962021730511,25.19067429462608],[79.05228321105238,25.207709907928933],[79.03094709207559,25.184926209537867],[79.03100252801008,25.138390143987536],[79.05080438377043,25.13425340963581],[79.09058448309035,25.191073181778755],[79.12594660136762,25.16129342889848],[79.1239751828996,25.111045125162725],[79.17424256878257,25.10855486085903],[79.19224789638258,25.14624756117527],[79.21498893375134,25.111370698090276],[79.244914322165,25.113678848597132],[79.26046188160556,25.153157559173373],[79.26004031032754,25.12521718730842],[79.28297520862621,25.117290587565364],[79.32319565850513,25.14976411614211],[79.30847042945207,25.198215536073764],[79.28467035921174,25.191069032841465],[79.27936515528212,25.244710334645372],[79.33845972671,25.197980763176282],[79.35209522206831,25.212195131299783],[79.33297179197685,25.22795423578319],[79.34736141493136,25.266698115883155],[79.26304236502273,25.27218671419476],[79.2998298500428,25.337657564337036],[79.35218446879345,25.329839804950417],[79.33614653161574,25.288099075152836],[79.36289841018416,25.26169925698507],[79.36860993109993,25.292441908265694],[79.40874002034276,25.256090306673677],[79.46721351095627,25.2833011063605],[79.4945115454545,25.266865769486657],[79.46247889264059,25.264658163838135],[79.44042166723918,25.198865852677475],[79.41221257575283,25.200255275080565],[79.39027695888466,25.170120733324936],[79.40533943256338,25.106230769334037],[79.47724026990066,25.12748784816405],[79.46511883285147,25.088030921456156],[79.49150789265644,25.079616926744006],[79.56919323722974,25.171824951379204],[79.60648453788532,25.15240775365967],[79.59966576522842,25.12793331720006],[79.74850031416442,25.13967515734274],[79.85123657551904,25.094207234080745],[79.85161675512367,25.128556734777472],[79.88152998573828,25.142054696387273],[79.8513684401179,25.235616599426965],[79.90748819646498,25.250898638748577],[79.91753500490823,25.22678881333385],[79.94833028591042,25.2686605782976],[80.00481639050173,25.267235037155736],[80.03347951299055,25.34206063483671],[80.08897202518206,25.35580866240135],[80.13112652720646,25.334238993121065],[80.19489177396979,25.37804532307226],[80.20240207242732,25.414046185483503],[80.25354350291208,25.400848965359657],[80.26387319622816,25.424061295244666],[80.31544085665395,25.3888815117971],[80.31082887184932,25.286416684756738],[80.40337271414134,25.244043983324854],[80.43169421810738,25.177626569005557],[80.35458559643806,25.138366275661717],[80.376110303234,25.116368015292647],[80.34845789413599,25.086660582467793],[80.35545128131781,25.05567937094357],[80.2858403547426,25.056037006747125],[80.2736503349147,25.025980991504085],[80.33057380945493,24.992333770793124],[80.36298123042218,25.023618959558096],[80.39566485010165,25.010216861783068],[80.37360713601673,25.055915512006504],[80.4484741996424,25.07865173396803],[80.4751742840465,25.037949389571985],[80.50196371848202,25.03663966931515],[80.47438052008503,25.03053831706116],[80.44897652227795,25.040559948567868],[80.43726993890503,24.994336909398065],[80.46243565229481,25.002498904611773],[80.45617110693054,24.981644135950503],[80.47862299727059,24.973938876100945],[80.49932907743296,25.006223666394472],[80.54930952973609,25.002114237291575],[80.54609556516034,25.03242706077419],[80.50059629307503,25.04157205772884],[80.50674407811363,25.08401084499657],[80.47963363071133,25.096367734346273],[80.51422166801333,25.09678150051759],[80.55225572449193,25.062830412603525],[80.56838478138219,25.086913867625622],[80.61320797419816,25.065682873577146],[80.59236326781776,25.09019823769954],[80.60185395711639,25.15046272000899],[80.6382556597394,25.116744354675156],[80.60752301466869,25.09817383786365],[80.6617391205545,25.067611538875795],[80.68462861889698,25.077057196152957],[80.67958674890637,25.048552389527078],[80.71713636820678,25.06911069592152],[80.7762202622592,25.054836897386487],[80.78342517843589,25.075895425066218],[80.72547816705422,25.091441203798293],[80.72740016830014,25.11853975757449],[80.70441664599181,25.128385069774133],[80.73041819683772,25.146618661912203],[80.74203235434764,25.12350759368936],[80.80831840495223,25.13693030956018],[80.82990616809123,25.10004801164414],[80.83817537138566,25.180561302314473],[80.88468317844716,25.18795026010085],[80.91293932817966,25.159094498508516],[80.86846576236726,25.115690583101554],[80.87806722651683,25.065479930600382],[80.83180807761754,25.0328839917179],[80.85223412954964,24.988740901183952],[80.79228550732324,24.964920641980356],[80.8121656000566,24.922525926080503],[80.90682475565379,24.9351775619354],[80.89915735353114,24.94860292167712],[80.94665553702373,24.966300207843343],[80.95723770544372,24.91786110181401],[81.02309453292071,24.927631722340337],[81.01589955929755,24.951300129125354],[81.08477002883856,24.949682864383266],[81.13963412547142,24.887529583602095],[81.16804234740509,24.955227283633654],[81.20722416155927,24.93043024424199],[81.19294007268437,24.925350268351092],[81.21966757007766,24.928617443117453],[81.2089545997658,24.992616041717273],[81.2639859204837,25.053092832462294],[81.25207464699017,25.102111558411426],[81.27755320586418,25.166008646403903],[81.31345724810797,25.163748792946084],[81.3213749406317,25.112805716874583],[81.33457383410068,25.16925194753799],[81.39954519759203,25.119394332259237],[81.43828665220403,25.130572507098147],[81.44763040496996,25.10711695083639],[81.40729231711127,25.105137344081918],[81.49119522785442,25.072278441849264],[81.5181787927144,25.101045571596373],[81.48000675860142,25.132206428574207],[81.52727042970258,25.138104972894944],[81.5365516130123,25.160557443762517],[81.51453086100804,25.183684167883122],[81.57334543744335,25.192115171853935],[81.62623301587229,25.160751475315404],[81.59770775962676,25.13125623044525],[81.60825372863575,25.095973431704305],[81.62436326782984,25.11997472309963],[81.6408550644318,25.098962592017184],[81.60014702877962,25.074228282882533],[81.61165808035618,25.056334812675818],[81.6665684545992,25.075125276906167],[81.68977788523519,25.038961919896522],[81.73153325320243,25.04865629905927],[81.79270958945288,25.004456226526734],[81.83519345967453,25.017288545801563],[81.89133811013478,24.988883323661852],[81.90707741856598,25.00621314566481],[81.91966904371634,24.928139822509706],[81.90286006546226,24.891689944867164],[81.96528923802202,24.827054200737464],[82.01693835408454,24.846026573553985],[82.09767681988195,24.816163686478838],[82.11563158311128,24.78445127718449],[82.16704353675225,24.78545714571917],[82.16667306344425,24.800890308110883],[82.17820416002809,24.810903079147113],[82.20361408222445,24.819220203185083],[82.18427974567061,24.795648329352534],[82.21786001964927,24.776710385580593],[82.19652458249378,24.778106778951862],[82.17746849191265,24.732339997865253],[82.2211988509478,24.721980923111857],[82.20698803495569,24.747348085164948],[82.23415001780751,24.76060071485795],[82.2455594025518,24.74410148140888],[82.24609473468077,24.7696934845297],[82.25082679908606,24.76985087929428],[82.25012032801402,24.697138130714368],[82.22975031478596,24.68166445213074],[82.23898175927674,24.661079903527682],[82.26867486042593,24.68340040449488],[82.30299704311624,24.666943929330348],[82.29666766094803,24.605842591397394],[82.33879727424919,24.620323056909857],[82.41610952782375,24.5911532816866],[82.40635073093866,24.681283407921406],[82.42951525389529,24.70266350276361],[82.44982201854081,24.674673993112815],[82.52351867796263,24.67625618593227],[82.53910998715415,24.647770396111767],[82.6710388074833,24.696983247416235],[82.70159626670053,24.675086751612692],[82.70654611327346,24.63623708502265],[82.77380318520798,24.6417831159017],[82.76543861945797,24.59576622471242],[82.80336115099234,24.596988427010096],[82.74300430824971,24.546996522689167],[82.719251306137,24.552476443235147],[82.74367923947216,24.496318974006805],[82.71344800794189,24.38034686320575],[82.7695102541445,24.370756569742007],[82.77278563833285,24.307644460715558],[82.72811553281436,24.135596189158797],[82.68302710522424,24.15468723046067],[82.66447267162704,24.12833096012469],[82.71388922357852,24.07458417465951],[82.77409171689074,24.07594056884909],[82.7506155773452,24.01270605721013],[82.80384090794794,24.00357036731295],[82.81032738928965,23.962434224855883],[82.75236345993623,23.919831502892063],[82.66157040898014,23.907682649530354],[82.66810849584,23.870933388252016],[82.63531820301716,23.837748508243738],[82.5330553610038,23.822186505479156],[82.55145540384808,23.790680790727176],[82.52337858569409,23.783716858309532],[82.46578831956623,23.812061329581734],[82.39346207065309,23.799938896369536],[82.26059340772082,23.821277257415005],[82.2317961299292,23.805350650248098],[82.20952558968204,23.85277590000736],[82.17144568229303,23.818275886016472],[82.05271074732512,23.819458337028546],[82.00751638680346,23.861789002426143],[81.92145917407518,23.870945629839543],[81.81556564800893,23.806396997904162],[81.72545994658576,23.839855001838238],[81.66856878175136,23.924992643676386],[81.60900453426198,23.90323451405569],[81.62219388223276,23.870268402647085],[81.60316870717217,23.853739726765223],[81.6358226258534,23.834543053548167],[81.64464833277135,23.77015625545619],[81.69589561444096,23.721350852904063],[81.65515896385367,23.663166636443904],[81.61455215935082,23.66294774483333],[81.61195582516046,23.595282808990856],[81.57667155488569,23.58537398459333],[81.58400833027137,23.553605551130957],[81.61030333556775,23.5551129454773],[81.62703965179347,23.482056981297568],[81.65889787872864,23.529027680497848],[81.69963095671606,23.522047676503714],[81.74662308058154,23.56982844595228],[81.75824777982133,23.549902916330023],[81.80905492652758,23.549373367302692],[81.83641047206864,23.51094013055471],[81.92327094125598,23.53269272488272],[81.95767616780442,23.500399443643346],[81.98531864243371,23.414529132953394],[82.02545942073012,23.42491565023559],[82.02188211546971,23.387356518608954],[82.05598772512482,23.376819184569662],[82.10339607798728,23.398271077851064],[82.1171208398337,23.355496064540183],[82.14573152586273,23.361215813050034],[82.1939448051524,23.32387999049112],[82.19336371104627,23.27800151452806],[82.14481941515082,23.227406101105625],[82.16134284323059,23.143151093933003],[82.12579915656974,23.103980370235675],[82.07013838633223,23.11822395372569],[82.03484267511399,23.080444831871905],[81.94223569652888,23.0789989942705],[81.92148644153731,23.04084784682909],[81.94629211016124,22.956812864165318],[81.8660990942178,22.915843960392223],[81.86161171831948,22.889294437409735],[81.77566876321052,22.874469197293408],[81.76133103952324,22.830319636963726],[81.79437730908292,22.766492786780635],[81.75225168609828,22.72671457258182],[81.76852082807058,22.664260549617918],[81.74659183537932,22.648305735562623],[81.72863878972883,22.67646766839083],[81.71312643077269,22.648121574424856],[81.68330179650299,22.646938436212153],[81.64724113748096,22.61329569035996],[81.65991812593954,22.56948722191164],[81.62901205212007,22.563390703638454],[81.62192938048388,22.5380468121436],[81.5222181527294,22.53904269713924],[81.4846980844086,22.487859988571756],[81.442594457572,22.49438030418815],[81.45891550599805,22.469322117475127],[81.42782693314044,22.47984204664034],[81.40669295396721,22.44098009271495],[81.38204394613894,22.50984704296846],[81.32651577352559,22.52617216239635],[81.31371715497417,22.4829491247078],[81.28125865759648,22.502981691700093],[81.23218075074418,22.452182042697068],[81.1726824827158,22.48793481459603],[81.11115484590043,22.437600196671028],[81.11870888512581,22.29128654243608],[81.07954008306851,22.239403464461954],[81.01945423599594,22.22120959767237],[81.02190457059643,22.132754322294776],[80.97796248044544,22.122649801652116],[81.0113251267667,22.095594192437943],[81.00619664121642,22.06323264266318],[80.9693949942559,22.05801606948556],[80.94756965906357,22.11829029746292],[80.90792665163916,22.10959700341091],[80.85673940438001,21.964862002819952],[80.8255664339031,21.958361976825785],[80.8457987398897,21.94242264495586],[80.8317049977353,21.891020611891545],[80.85248403996334,21.85423388678849],[80.81973273402386,21.74804707665939],[80.7561003903119,21.76217996798534],[80.72613699507687,21.71368852609587],[80.71535037189484,21.585072990848083],[80.74077609096553,21.539249396289865],[80.73774821060424,21.47314781993808],[80.67133563768178,21.338462592092743],[80.59989048155211,21.326806415078618],[80.52764884495558,21.394774314970448],[80.45756336177196,21.402692502499804],[80.44863671026721,21.372061087387102],[80.41230289512687,21.376633782997374],[80.39611358643386,21.408024518700138],[80.42222754257293,21.440469245184925],[80.3764967557743,21.523277132881415],[80.25328247764334,21.62477528411357],[80.19278397058038,21.635459904995727],[80.1197146990446,21.609886921088506],[80.06672138531346,21.554116335447326],[79.99849625648937,21.53343687217548],[79.93589277752682,21.55612708536854],[79.89121814899089,21.51802797099437],[79.73763943354608,21.603857435728003],[79.65196954921551,21.555745266365882],[79.54062279842037,21.542679401408243],[79.49617793378127,21.67399874933836],[79.4222125424439,21.691822262215453],[79.35233343282376,21.67784469892475],[79.2311990644943,21.72228070920034],[79.22390582416224,21.64862521354716],[79.15501507156043,21.66002256592267],[79.1683544543533,21.637164418419406],[79.09363880805695,21.597998600129603],[79.01227300467916,21.59940367079916],[78.99841820361056,21.619018857644775],[78.9141349866003,21.588962691337667],[78.93164963822248,21.561731810001945],[78.90657936005182,21.553228781778024],[78.94418621012065,21.51580552608135],[78.93671033779975,21.48571502628249],[78.80027380281588,21.490146911460617],[78.77619358576766,21.46444200570409],[78.75086344384997,21.492975469274004],[78.72816716953182,21.462183494622888],[78.58543024909885,21.486719279074872],[78.57015657251368,21.514251141778747],[78.51184098147262,21.528513709168855],[78.45138120437484,21.49652712165902],[78.42449369457157,21.544259190646013],[78.42745389136776,21.5989460568711],[78.38744463990369,21.614825960221417],[78.36329234922357,21.574863289158284],[78.34295930436443,21.58861632870646],[78.3064624917124,21.569358634626788],[78.26649712654323,21.591718882510317],[78.27401926120294,21.568715293794213],[78.18197846828352,21.55663138181001],[78.1763372917427,21.49913486495538],[77.94109557878308,21.38570323394911],[77.88314473159515,21.375942979526815],[77.80118102842889,21.4095169957238],[77.73705408040632,21.362179080210545],[77.70988958586497,21.357327707819298],[77.69182975568003,21.397530388881062],[77.66955857223917,21.368815706620325],[77.65365262542446,21.391193401700445],[77.60561648762058,21.390791891186414],[77.6077178797338,21.36464281339176],[77.58735892836016,21.362668332692696],[77.53205747345653,21.41906710716522],[77.51442416516512,21.375929985036667],[77.48864016022988,21.374165997807456],[77.42561451889787,21.537783525514637],[77.45461279922593,21.553739536679046],[77.57511625288359,21.526410497388255],[77.61177491320367,21.538540759525908],[77.5769749893773,21.55490435234038],[77.54380608271336,21.70383652711769],[77.47911897672064,21.769965028182533],[77.28979480491734,21.760236371587865],[77.286902302466,21.721841112595044],[77.22693816094478,21.716764271216114],[77.21039535530602,21.68964038300406],[77.17605974639547,21.725728143919795],[77.07324859069897,21.71942737146451],[76.90193087028814,21.596857492824295],[76.85445142026248,21.613332175480615],[76.83285185326064,21.58896512455525],[76.79518548800762,21.593905201940988],[76.78925112381594,21.53637874898503],[76.76334362927523,21.520762017509966],[76.79555015460565,21.489410322854066],[76.7857965257284,21.46502279245195],[76.62149647306319,21.332228399623503],[76.66268375902118,21.275894225216565],[76.62318526088158,21.18491704210026],[76.49238838069246,21.193545779236675],[76.45564880462311,21.107623679915164],[76.37620084059654,21.073037042695777],[76.16662075238608,21.078945563782973],[76.16984243977832,21.10360509687812],[76.11017589573765,21.161177983460615],[76.17170472192245,21.166479805748953],[76.17636622096725,21.18395072616421],[76.14089248971085,21.22757484127823],[76.15917849861634,21.255329164899194],[76.09562065219089,21.371118382500566],[76.04779361882898,21.348961528869626],[75.96294676108022,21.389605111514122],[75.88551628292605,21.394558305670387],[75.67012739164443,21.37453401087607],[75.60697718722017,21.391797921671007],[75.54376229151902,21.368481115723203],[75.52009232338298,21.38696910044495],[75.3824258851807,21.379280988597685],[75.35720095574572,21.400815937137647],[75.29963807745425,21.38456389772893],[75.29536556689379,21.413522692256414],[75.21708450364149,21.408560087064423],[75.10769820737633,21.462239986523063],[75.05165974407088,21.5664957176398],[74.90177538077475,21.62918697379833],[74.78295954173572,21.610634039467737],[74.55418998109074,21.681301015426115],[74.54725578749625,21.719492133525435],[74.50541575421181,21.726149872798004],[74.52417296900965,21.911187643019876],[74.43942980738746,21.976728559177257],[74.43237059435654,21.99940796313089],[74.45222091332813,22.004657827261315],[74.43172335010948,22.030224518898144],[74.38664791126007,22.03380925230759],[74.37562149898267,22.000442097406342],[74.30071428335872,21.966978809523752],[74.28099466836265,21.93296055507582],[74.19289645995266,21.925817706517332],[74.14421029581932,21.95306038461899],[74.15063952842632,21.986524123952222],[74.09211643284281,22.014979057242552],[74.17863314821196,22.0854950159109],[74.12451991829086,22.097782272965542],[74.12248982007183,22.212369596266086],[74.07220858935372,22.2190845493218],[74.08721563338612,22.24278675340248],[74.05241681089426,22.294019001155178],[74.0649235156059,22.354460346838607],[74.10542048040399,22.371688475785437],[74.12806096125814,22.33298573447471],[74.19018631370739,22.320182446169856],[74.20373541898311,22.366472949601903],[74.2241843087847,22.35644252536014],[74.25670366971784,22.399489342001097],[74.29105778302493,22.39387782340396],[74.25575555003775,22.42892105478195],[74.20165674167018,22.434444079024896],[74.19063664634585,22.47586273586356],[74.18407430048174,22.441500200406846],[74.16048226748478,22.43114327632782],[74.14941732915977,22.455629585188536],[74.11944611678516,22.418801734112193],[74.10438784542534,22.464617195916915],[74.07566100633174,22.464115786906543],[74.08288702932437,22.506565642747752],[74.03347634247334,22.49011245156014],[74.0411722490383,22.541720602226633],[74.07466869942112,22.551332139992276],[74.15070557615925,22.521193336720703],[74.2636650104002,22.64401994259096],[74.37906625512794,22.634572992163744],[74.43376324894824,22.807979216760657],[74.46476351022694,22.816366552861776],[74.47656899990925,22.855456407097588],[74.44693671021322,22.921260725164107],[74.39323849207187,22.896778677076323],[74.33951956147502,22.952825875095293],[74.36501194811619,22.9787464093918],[74.3188922186473,23.05875247757871],[74.38614457981649,23.11146729278297],[74.50576569382905,23.085121737479206],[74.54481275889398,23.109024751926796],[74.53941281593954,23.129308079925213],[74.606628964223,23.14264817486047],[74.67141545712383,23.200062868109956],[74.74153757629966,23.2083593413509],[74.7471242277977,23.22670054100937],[74.69184009870091,23.21918161770257],[74.71510516200246,23.236729751864996],[74.69975878476139,23.268379652040814],[74.63886900210339,23.255420815738855],[74.5743959358968,23.295144834526976],[74.54667463499962,23.277038427578017],[74.51415541240704,23.328243267920623],[74.56886116569966,23.376250414678953],[74.60406044995867,23.45745702765649],[74.65192910496266,23.46243538407282],[74.70090265632506,23.504227079296786],[74.72723455812508,23.495382553878354],[74.77287866199039,23.54400688395053],[74.8473246618862,23.552072108371735],[74.90272367832128,23.624656006619848],[74.93651696531165,23.628550816697626],[74.89967598831136,23.682243659869176],[74.9404073999239,23.764670442437637],[74.90370670653333,23.79423959840321],[74.90249829820303,23.873155886913292],[74.98244759941325,24.025697271925594],[74.90334826166698,24.10919256978814],[74.87954056203492,24.173651506558922],[74.91016928819693,24.210099214814285],[74.89684529354486,24.227115060892444],[74.74710440018272,24.253402061422005],[74.8542251479963,24.444498056921514],[74.81374865849845,24.436675789979418],[74.81510865393967,24.468636941905064],[74.70872234624454,24.486408549141668],[74.75577299624909,24.53457549856491],[74.74350819706369,24.571395489385935],[74.78651513741066,24.58581395413033],[74.7795665159744,24.615328722639983],[74.8136403818623,24.649539029357577],[74.81424656771095,24.66591473997001],[74.77176276665959,24.661445139050194],[74.79989786122103,24.779140524995007],[74.88883687297403,24.63362636400426],[74.94326426980118,24.637777161660324],[74.96007095196138,24.678700173953967],[75.00162675290007,24.686310099908784],[74.99235283067274,24.731675584451267],[75.0162896397707,24.731925090639933],[75.00096323028174,24.7746363266522],[74.91455132674672,24.769001531338876],[74.8609022159087,24.79854424176582],[74.84932090260216,24.775922680026156],[74.85914401167503,24.838397933133642],[74.82590662104708,24.89932942685896],[74.83364071050316,24.95960887518808],[74.85917035656736,24.96267591806584],[74.86980050580331,24.924861104568],[74.90281290348688,24.929897952962197],[74.91659617799763,24.885973501488294],[74.95316525831761,24.880512845524603],[74.9585337647287,24.858078789631133],[75.03403866544376,24.844593955780486],[75.07652689518947,24.880625560652476],[75.11681861470811,24.8778572083731],[75.11355121654262,24.96675288699237],[75.16650069608116,25.002846896561625],[75.1658127545585,25.047563103379797],[75.33433439408735,25.041055426221877],[75.35137261521544,25.019537343986006],[75.31187991929426,24.995671415158444],[75.33706223534712,24.95531767169355],[75.31844139558912,24.89410315612766],[75.28519776795817,24.965678773487703],[75.2610533357402,24.963401314240645],[75.29428258314007,24.90890796357397],[75.26342841757099,24.874801500069346],[75.3092473039462,24.85595185459255],[75.42034828556106,24.886234700783596],[75.42566122308696,24.868766615160798],[75.31105358062393,24.800933760130658],[75.27839672804498,24.840019751615763],[75.22422582987588,24.843973098401097],[75.25235616785788,24.81304415322303],[75.21562671849674,24.80246881476821],[75.18443119311972,24.748448538163167],[75.21943808609262,24.702499166799825],[75.26474139788522,24.71751995706343],[75.45543604397753,24.680649919264347],[75.583096230875,24.71325172924793],[75.61083554299363,24.680981145519194],[75.75682849790375,24.761506083794536],[75.83627522405185,24.727788675087638],[75.82517577964013,24.6675442952577],[75.84908209722238,24.64742766905504],[75.82516288881583,24.612992416038136],[75.91474567642054,24.57229927906008],[75.92062845126378,24.521432068190116],[75.88806480787869,24.507692555265407],[75.91161712635694,24.491833390048416],[75.90919065550197,24.455028373941417],[75.83878701958744,24.41413082412865],[75.78938569048674,24.471554215049697],[75.72776832634756,24.390467644714004],[75.73985569209466,24.332100003560576],[75.76643891017184,24.298078516236135],[75.8108148937916,24.295841483811774],[75.83025953447918,24.233418699283618],[75.77645687820291,24.20833872432132],[75.75101578087289,24.143434020873208],[75.79294219525676,24.091843848691525],[75.8349544077334,24.091723278563332],[75.83681101072833,24.056979082459538],[75.78291759137069,24.04334238946358],[75.76547694655491,23.992737564067458],[75.71752652330052,23.9668598952912],[75.67085386909618,24.018048517782315],[75.59571610534611,23.99001862720798],[75.5210965329711,24.024592542588504],[75.47390181385623,23.981961094383674],[75.46224618202791,23.9144868099932],[75.56433615584126,23.856430396740823],[75.57949833802493,23.834853674374063],[75.55919620329637,23.81855128543654],[75.58354172518733,23.79472778177053],[75.65442959526081,23.79831389829634],[75.68692551106335,23.755335365883223],[75.69015588157116,23.813397405021632],[75.72163874836313,23.81185714344515],[75.73657278271918,23.856489666056472],[75.70170339307015,23.87281964616937],[75.70602758820051,23.89926886990068],[75.75276929140915,23.88724810833558],[75.78209193542,23.84879777972796],[75.981361909096,23.928920369720046],[75.96345367320853,24.018657575303312],[76.12707980435769,24.088023497969342],[76.11744142843312,24.194140359822185],[76.14827789898771,24.23157493580833],[76.13666396425994,24.27087773811407],[76.1854232620372,24.329312066701792],[76.2124604069123,24.209804427987102],[76.28120887984782,24.20678649837695],[76.32175234773327,24.24541492030766],[76.41257919600531,24.200251050152865],[76.41636859440261,24.220680064271694],[76.47054876947365,24.225948987490476],[76.52764252147259,24.15701073341491],[76.57679412970408,24.17779389302183],[76.58476727612862,24.243744048990134],[76.69543910648112,24.284279220235742],[76.7022101229009,24.24139724586513],[76.6759803568537,24.19089209803444],[76.69885480212697,24.168376189479204],[76.75635225521798,24.16907959232754],[76.80197816191058,24.116543684470514],[76.90075575531888,24.127207208165853],[76.9161148931286,24.187703793027747],[76.94714447002825,24.20101277831509],[76.86305128173487,24.27311304762499],[76.84149821871866,24.322509949861647],[76.85325302814758,24.46693918716474],[76.81640457896077,24.53361081448681],[76.86294593450489,24.54958221779857],[76.8841353559008,24.521514127620936],[76.91760755985581,24.543377615124],[76.9184459691886,24.48068819081257],[76.97782534698574,24.461228482289567],[77.054748660585,24.526432127882103],[77.07132775366965,24.572426225809508],[77.03066649688753,24.712196553307848],[76.95438916091078,24.759482755274018],[76.90689991835022,24.731458065115817],[76.85613114857122,24.74245568049536],[76.80261732401497,24.809274809456053],[76.82437579041417,24.83619137110928],[76.89774382274884,24.838583712136142],[76.94962582794706,24.869356696245433],[76.91245312557024,24.888216494792655],[76.92012685452741,24.916559198345595],[76.89020146791039,24.919370637451873],[76.8568659444225,25.002453065626216],[76.87616198130418,25.04151853814623],[77.0002632855911,25.07484416319164],[77.08530878600199,25.055086600982552],[77.147982801579,25.09529076217094],[77.16691549238615,25.084872959666583],[77.1745831532236,25.11170961086268],[77.26951303319966,25.11601267052499],[77.31120134282925,25.079722160543167],[77.40658330715856,25.111691096872732],[77.39324981911058,25.1595496092976],[77.42653977375905,25.187960327871814],[77.3552079167463,25.263514905384653],[77.37633575593455,25.318147573698596],[77.342156276017,25.321736003296337],[77.3709224882695,25.408367282915506],[77.29123993998626,25.422721282510764],[77.2342275070801,25.378897468867944],[77.20917624175247,25.30616024636944],[77.08352262619673,25.336712560111646],[77.03144239425633,25.29453595030461],[76.94305761608418,25.282145560042117],[76.89909421430139,25.324188039310407],[76.72932116319126,25.32854058361571],[76.5985045604901,25.392314839905065],[76.5558278552146,25.452559020279455],[76.51636456833918,25.527573550137678],[76.50411383407621,25.67085351642569],[76.47412746532612,25.71116368628446],[76.52218384756321,25.728339836927788],[76.52071159594911,25.79249964951904],[76.58225453826029,25.87021146290822],[76.62145196872738,25.869249401045884],[76.64189326506987,25.90794099496885],[76.71572473646299,25.900693505676806],[76.75811147185293,25.922538638724333],[76.74871862615676,25.940923777923537],[76.79096963598876,25.943127335841957],[76.90114892456255,26.09316869342429],[76.99898642653446,26.130063487795688],[77.03142538645305,26.172478755890626],[77.09836598640457,26.18427986355311],[77.13510162785298,26.233363211717005],[77.20385448277048,26.23003545034622],[77.27019686492989,26.267065790556845],[77.34250395547299,26.352205647756605],[77.44434900811568,26.361576778735365],[77.4376072354517,26.403408796800104],[77.5383590788178,26.411336411212403],[77.67553719372994,26.503015345214713],[77.72625902743368,26.502094828386234],[77.74474902846883,26.53823406221982],[77.82363825745665,26.550447771078513],[77.82732099618532,26.596033955082568],[77.89457290819688,26.615183733162468],[77.90360060040817,26.658965925485994],[77.95357087659575,26.659219032859543],[78.00060882352386,26.694931483536497],[78.08972728004309,26.674467341728946],[78.09592599596498,26.72780228559889],[78.12353433820678,26.74699205303821],[78.10181321746889,26.766950235532303],[78.112049476114,26.794926408558496],[78.18364206913795,26.783817748186053],[78.17296821327018,26.82468798045264],[78.26814798479536,26.81283474049077],[78.2835090647627,26.854455397510268],[78.35863824690685,26.869184000334812]],[[79.39598296863619,25.032244147434817],[79.42591071422916,25.05859109295065],[79.36030437568091,25.144263387207697],[79.3505835317183,25.116986496954663],[79.37969052346708,25.10122428230135],[79.37980538205933,25.064794018395393],[79.35113246703561,25.068884299853327],[79.35610641450924,25.04047070320837],[79.36903812296157,25.054317427122186],[79.39598296863619,25.032244147434817]],[[79.35446513768791,25.175894063907098],[79.37255518989396,25.180018400295662],[79.35951991646918,25.188555376772474],[79.35446513768791,25.175894063907098]]]}},{"type":"Feature","properties":{"name":"Andaman & Nicobar"},"geometry":{"type":"MultiPolygon","coordinates":[[[[93.89996760416021,7.082447437861835],[93.8984514177422,7.081986373152123],[93.89838354463261,7.082628400827205],[93.89996760416021,7.082447437861835]]],[[[93.83724528347544,7.29107994140683],[93.83374984617846,7.290482846375118],[93.83735839304782,7.291699361803392],[93.83724528347544,7.29107994140683]]],[[[93.69820975438971,7.232053547886951],[93.7096875629109,7.214145161211808],[93.70728254202825,7.20829069392906],[93.69820975438971,7.232053547886951]]],[[[93.61670891715671,7.331240298311431],[93.62274243559284,7.328463767430422],[93.61926281223813,7.3257957150832596],[93.61670891715671,7.331240298311431]]],[[[93.75029361372722,7.400609029518678],[93.75920644105807,7.401429386267144],[93.7565990971156,7.396609043270033],[93.75029361372722,7.400609029518678]]],[[[93.67848845235756,7.411779445461602],[93.67458431933554,7.400534332347262],[93.6709809755083,7.409695298929241],[93.67848845235756,7.411779445461602]]],[[[93.83719707538575,7.240239135971026],[93.83558166195978,7.218836804475328],[93.86949422635526,7.204729511135614],[93.88032056944587,7.090166319391733],[93.94286971740173,6.99890530688786],[93.90910486927663,7.000596426216159],[93.94040729956235,6.954358551744452],[93.88786921338964,6.903175003689775],[93.89684617683852,6.814441960317062],[93.87796212171915,6.793438826123498],[93.84445878754629,6.816358874229228],[93.82385578367288,6.75436793493344],[93.79976035635026,6.766415822012496],[93.81242894286598,6.817674649363362],[93.78021745883522,6.829508519297085],[93.79782752321863,6.850533930166042],[93.7653410289468,6.8651609188265],[93.78643396768796,6.879205854639791],[93.73458814123948,6.924140755047242],[93.73805442551057,6.963534951010357],[93.69310925046219,7.014085962100442],[93.65616643954297,7.006782930944673],[93.6471590025447,7.100995159685352],[93.66470697447737,7.11482901201209],[93.6451367996187,7.127092593721258],[93.67475845146512,7.191146492146462],[93.72247067923541,7.189279707174512],[93.74934454452786,7.215591247863303],[93.77781910075707,7.195932303043447],[93.76529856109175,7.213502476137358],[93.79246723010421,7.202983905906562],[93.7958401165352,7.235459053249728],[93.83719707538575,7.240239135971026]]],[[[93.69997431959386,7.4457205675459175],[93.74309442610705,7.362371703777681],[93.63603232570514,7.244448215873356],[93.60874900561127,7.311532757430693],[93.63118158935923,7.334509706480817],[93.62064077129011,7.373264129044243],[93.70696005941765,7.3845836217732534],[93.69997431959386,7.4457205675459175]]],[[[93.63247187194116,7.473611709867564],[93.64037429849496,7.476107554227969],[93.64014773978703,7.472703585350627],[93.63247187194116,7.473611709867564]]],[[[93.62240035713265,7.478874337003782],[93.62174370932121,7.47870739185087],[93.6218523946908,7.479118724313587],[93.62240035713265,7.478874337003782]]],[[[93.6219565489581,7.482251536882999],[93.6196922365883,7.480683945256725],[93.61971939265938,7.483310475542646],[93.6219565489581,7.482251536882999]]],[[[93.52056536472283,7.527288427854008],[93.53404465203636,7.5195365546993855],[93.52934921733508,7.514693643328198],[93.52056536472283,7.527288427854008]]],[[[93.45513738397929,8.129771861378952],[93.45481973969483,8.12964532908801],[93.45489239274008,8.129912061974238],[93.45513738397929,8.129771861378952]]],[[[93.5145836027218,8.069774876378895],[93.51417993935898,8.069593903376445],[93.51424333436691,8.06998273022893],[93.5145836027218,8.069774876378895]]],[[[93.51391060647047,8.075561519950933],[93.5128445559599,8.075723917684783],[93.5135067140373,8.07616719696725],[93.51391060647047,8.075561519950933]]],[[[93.57878923597674,8.09599448488493],[93.5784989525792,8.095601117999841],[93.57841724631254,8.096021547287314],[93.57878923597674,8.09599448488493]]],[[[93.57985506640009,8.097956736911723],[93.57913841202598,8.0970840819896],[93.57956922606994,8.098345487511732],[93.57985506640009,8.097956736911723]]],[[[93.57848962177835,8.097762107114514],[93.57792716412108,8.097264712708032],[93.57783186903907,8.097504304287135],[93.57848962177835,8.097762107114514]]],[[[93.45499235367163,8.130567604820849],[93.45463389173727,8.130545064984135],[93.4547972907959,8.130793696760904],[93.45499235367163,8.130567604820849]]],[[[93.45717059396245,8.131873806915301],[93.45682565526637,8.131430801534787],[93.45659883964031,8.131693069031693],[93.45717059396245,8.131873806915301]]],[[[93.45438914124654,8.131847192457798],[93.4539444060106,8.131521753026638],[93.45379924095566,8.131680017021456],[93.45438914124654,8.131847192457798]]],[[[93.45628131483176,8.132149760176068],[93.45650359755895,8.131901058097476],[93.45622227844962,8.131914673905774],[93.45628131483176,8.132149760176068]]],[[[93.4538721419359,8.13314032686062],[93.45315516057504,8.132828498920626],[93.45366350910949,8.133574391319303],[93.4538721419359,8.13314032686062]]],[[[93.45625433752546,8.13331169286309],[93.4559321253078,8.133054049792772],[93.45595941163454,8.133343395681093],[93.45625433752546,8.13331169286309]]],[[[93.45390976966823,8.139533185466846],[93.45302474495874,8.138520614526893],[93.45239860662929,8.138710613722392],[93.45390976966823,8.139533185466846]]],[[[93.45579297447364,8.140156752415242],[93.45436808473627,8.139655173157387],[93.45585658238228,8.140550078336224],[93.45579297447364,8.140156752415242]]],[[[93.31833559220432,8.004334454802626],[93.40012416341604,8.009482346600512],[93.40153852759323,7.963078377730291],[93.45226090298105,7.936494678375464],[93.45360049498727,7.87525108934479],[93.41554008193823,7.907948436475172],[93.34164912680194,7.893228672123525],[93.33211172151529,7.919268053300292],[93.3533825320726,7.934023404429391],[93.35311905170818,7.9592052839366145],[93.34978585104983,7.961429185794064],[93.31012242312237,7.932736135937741],[93.31833559220432,8.004334454802626]]],[[[93.53673897715285,8.028291776778264],[93.57247807433743,7.994124773960523],[93.56742380579928,7.931481067788211],[93.49839052020627,7.986391724754016],[93.52178963550442,8.02668769956607],[93.54358674652879,7.990271193028616],[93.53673897715285,8.028291776778264]]],[[[93.49296482973917,8.04888548925908],[93.4948473940458,8.048586613469396],[93.4933681481489,8.047357255795438],[93.49296482973917,8.04888548925908]]],[[[93.5138046600642,8.065344045224249],[93.51335567220373,8.065054550847508],[93.51348257181404,8.065438876216286],[93.5138046600642,8.065344045224249]]],[[[93.57008865629298,8.12742228935422],[93.57787977798982,8.114353715833108],[93.58059887504861,8.099435195649962],[93.57232014422229,8.097186855508369],[93.59042580824966,8.050607738055746],[93.58351442377854,8.0401042740972],[93.56392419223455,8.063318536376448],[93.57439057050934,8.118756480396115],[93.55309065902838,8.120090406012185],[93.57008865629298,8.12742228935422]]],[[[93.08528959356444,8.33998979066789],[93.13279706384043,8.345858981408947],[93.11646731163759,8.276116361700648],[93.19299549946247,8.218150324759872],[93.19046006565848,8.197300859808058],[93.11193530743596,8.225410613868188],[93.07672363540918,8.274085146597352],[93.08528959356444,8.33998979066789]]],[[[93.6342495238024,8.39594786229447],[93.64326576069719,8.389699443219346],[93.63349129719356,8.395039133586923],[93.6342495238024,8.39594786229447]]],[[[93.22932702928874,8.224132695665206],[93.22853739937422,8.22397920714807],[93.22893237153666,8.224630107302218],[93.22932702928874,8.224132695665206]]],[[[93.22919627949915,8.26164964015299],[93.2406373478235,8.230639443482898],[93.22871912136968,8.22473414873504],[93.21052288919539,8.249485154401535],[93.22919627949915,8.26164964015299]]],[[[93.62425228349821,8.398240130450233],[93.62524655771928,8.397638826973896],[93.62456099403717,8.397014909969325],[93.62425228349821,8.398240130450233]]],[[[93.04795124005256,8.441596816963838],[93.02638267301288,8.450939326333708],[93.03293196096598,8.472114724667216],[93.0472012330286,8.460338275113028],[93.04795124005256,8.441596816963838]]],[[[93.60762282277388,8.57196709363065],[93.63182364403889,8.46838486314934],[93.6122433173192,8.424082632181978],[93.61991785476016,8.488974186857723],[93.60762282277388,8.57196709363065]]],[[[93.63090346196411,8.395328519321158],[93.63220192101177,8.395215477155716],[93.63271946919302,8.394627726860406],[93.63090346196411,8.395328519321158]]],[[[93.59658055523165,8.58336387706914],[93.5989516108134,8.582410053694787],[93.5983475746332,8.580773495028048],[93.59658055523165,8.58336387706914]]],[[[92.77282135325785,9.25874199073134],[92.82633324284295,9.140114583801202],[92.72806216899916,9.126696342660818],[92.72028486608633,9.218559913363388],[92.76347195907192,9.216299136393019],[92.77282135325785,9.25874199073134]]],[[[92.52062776882856,10.897836651207848],[92.58648898188075,10.787783059131145],[92.59698614811528,10.681258673933542],[92.53929386481222,10.610939099381723],[92.56850562168269,10.578431304857547],[92.51306577681798,10.514001543194976],[92.4332573844449,10.550831199596685],[92.38851433392871,10.533056726215978],[92.4205397049989,10.615657885869975],[92.38329715860873,10.671162268647269],[92.37827498687567,10.782586208755006],[92.40899247107932,10.785595464184643],[92.46369959609939,10.83844881933747],[92.45796311998501,10.862463348817213],[92.52062776882856,10.897836651207848]]],[[[92.61811884988418,10.93200285483399],[92.60737565844953,10.93082193254359],[92.60463505751949,10.937534339464],[92.61811884988418,10.93200285483399]]],[[[92.21093132794181,10.981417188759073],[92.2235970793745,10.978363286023459],[92.21326032080867,10.97579822308902],[92.21093132794181,10.981417188759073]]],[[[92.6678090331628,10.985881236917344],[92.65845313697088,10.989841651459706],[92.66595164144707,10.991929607410817],[92.6678090331628,10.985881236917344]]],[[[92.72457665898435,11.142594172041441],[92.7216153303109,11.143570482733496],[92.7240505184174,11.14386434384789],[92.72457665898435,11.142594172041441]]],[[[92.73076204390746,11.149261498131041],[92.72888835046427,11.142011092720072],[92.72543314691222,11.1452611053083],[92.73076204390746,11.149261498131041]]],[[[92.67465829643707,11.185072066248926],[92.67544497628421,11.177562349857524],[92.67408209635256,11.19010471510021],[92.67465829643707,11.185072066248926]]],[[[92.69134448307666,11.243520274567846],[92.69206789188338,11.280906444742106],[92.70443401743957,11.289878540409724],[92.70478269043227,11.264095892396593],[92.69134448307666,11.243520274567846]]],[[[92.72107990745211,11.333695976534825],[92.70755365621552,11.299649464517525],[92.69533275500312,11.309954038149613],[92.72107990745211,11.333695976534825]]],[[[92.54970481703398,11.39539526002999],[92.54472679570051,11.396034472447399],[92.54970467599848,11.39736165536029],[92.54970481703398,11.39539526002999]]],[[[92.55686918775035,11.396985502976914],[92.55908776688901,11.392646926496733],[92.55505876355092,11.391632462839006],[92.55686918775035,11.396985502976914]]],[[[93.51191734366971,8.235051795057293],[93.53580228673809,8.203325749761115],[93.48796093243396,8.14501415840738],[93.53914370159141,8.083372354397445],[93.53961682628527,8.037651485407244],[93.52035829137174,8.052384538903842],[93.49749342393599,8.036471536172385],[93.49091945746541,7.999611197614834],[93.47604312010344,8.046628885628984],[93.50078098299139,8.039113060805336],[93.49348912247159,8.058022484739661],[93.51697869362725,8.053549841404973],[93.5251088790382,8.081731721644237],[93.50243947782177,8.087271440333257],[93.47545499488358,8.053397120942098],[93.48001520977839,8.092652879212698],[93.44492628624701,8.167687780393239],[93.51191734366971,8.235051795057293]]],[[[92.21425574666995,11.594979682761045],[92.26803246858397,11.585791002684326],[92.2679511674575,11.523200956060643],[92.21148618225851,11.530166692093573],[92.21425574666995,11.594979682761045]]],[[[93.08476520471227,11.785362098720217],[93.07811485179812,11.786387330712975],[93.08494672997666,11.788598449084837],[93.08476520471227,11.785362098720217]]],[[[93.01711526536799,11.844505265120533],[93.06197099516355,11.844534659909884],[93.07029555264576,11.835867097294779],[93.04753573150444,11.813213544503885],[93.01711526536799,11.844505265120533]]],[[[92.59918951787787,11.918438916734319],[92.59586275634348,11.911707686274445],[92.59514285725457,11.906350922333408],[92.59446244091903,11.915274131873353],[92.59918951787787,11.918438916734319]]],[[[92.71465730890351,11.925962032233697],[92.7235471088204,11.910015664861692],[92.71776179489726,11.902694538024132],[92.71465730890351,11.925962032233697]]],[[[92.60459936026673,11.934902703182896],[92.60138165061456,11.935575972278306],[92.60310286222479,11.93627226228177],[92.60459936026673,11.934902703182896]]],[[[92.73191699529185,11.960160724789219],[92.7242838225748,11.941926212191815],[92.72515506982279,11.956145329591816],[92.73191699529185,11.960160724789219]]],[[[92.5953952964258,11.976401970641206],[92.60786324422283,11.943486849381186],[92.6052467823802,11.936688549220959],[92.6018552388391,11.937058438943584],[92.5976802619623,11.928281556946795],[92.5953952964258,11.976401970641206]]],[[[92.72413538765218,11.953255063610053],[92.72239623668573,11.954484928197369],[92.72442478531087,11.954198943474426],[92.72413538765218,11.953255063610053]]],[[[92.57991038908644,11.978430872844717],[92.58298166346582,11.978074909973689],[92.5809027463027,11.977360525814921],[92.57991038908644,11.978430872844717]]],[[[92.74204647389406,11.962124296170181],[92.75925880199893,11.949447392808601],[92.73521193760057,11.9522273760076],[92.74204647389406,11.962124296170181]]],[[[92.74313692534272,11.96604239905093],[92.74191662331806,11.967683202777032],[92.74386255927641,11.967044645860975],[92.74313692534272,11.96604239905093]]],[[[92.7230025518918,11.992006420382765],[92.72641247586195,11.988078140669572],[92.72168272461849,11.982967468146741],[92.7230025518918,11.992006420382765]]],[[[92.72552863333536,11.99596674261024],[92.72470218776553,11.995736916392051],[92.72540019311434,11.996359882391307],[92.72552863333536,11.99596674261024]]],[[[92.77005170260814,12.01706540663412],[92.77365743864898,12.012650831211985],[92.77055334971058,12.013562721224492],[92.77005170260814,12.01706540663412]]],[[[92.6278839268914,11.5470759167609],[92.62625590920366,11.544969802136679],[92.62770992591582,11.548215067343396],[92.6278839268914,11.5470759167609]]],[[[92.60132764030641,11.537795704545523],[92.60506812633483,11.532501952957983],[92.60471389636378,11.52187025508902],[92.60132764030641,11.537795704545523]]],[[[92.69473023877238,11.663425706439023],[92.69964028099504,11.659364296952136],[92.69205361765351,11.660755325616456],[92.69473023877238,11.663425706439023]]],[[[92.75970773596048,11.677020097572276],[92.76203041367091,11.669619966241692],[92.76099035770966,11.669395779270882],[92.75970773596048,11.677020097572276]]],[[[92.72602108707916,11.687329457763402],[92.72227902360915,11.68660575695813],[92.72224707233111,11.688010065119407],[92.72602108707916,11.687329457763402]]],[[[92.60915287462787,11.531547586675416],[92.6171620497835,11.559960847713596],[92.61568660915015,11.536184360860627],[92.60915287462787,11.531547586675416]]],[[[92.57564005155064,11.570850086585201],[92.57358126024316,11.562912526475976],[92.57174264062189,11.562731758892017],[92.57564005155064,11.570850086585201]]],[[[92.56653382502394,11.570276175628768],[92.56391111180528,11.569417317492894],[92.56633665020895,11.570737246251488],[92.56653382502394,11.570276175628768]]],[[[92.59141366215098,11.577796799589938],[92.5965467973812,11.54924615835702],[92.59436316091045,11.533267138693926],[92.58311771241729,11.54886305021876],[92.59141366215098,11.577796799589938]]],[[[92.60077313633268,11.585941372086308],[92.61365495415075,11.563107569778778],[92.59957457533451,11.567643402656657],[92.60077313633268,11.585941372086308]]],[[[92.53120105740193,11.595727793352562],[92.56432365321803,11.573729671244353],[92.52885493186596,11.555162513470348],[92.53120105740193,11.595727793352562]]],[[[92.57838686253423,11.583664984595815],[92.57596576450298,11.584302438745578],[92.57771741642496,11.585147664634482],[92.57838686253423,11.583664984595815]]],[[[92.59352379936348,11.589698508438872],[92.59206102587395,11.589834252787556],[92.5922444986859,11.590562001707703],[92.59352379936348,11.589698508438872]]],[[[93.1090709096766,12.141732616546147],[93.1227966354153,12.140857100665395],[93.11529177446016,12.130431984213583],[93.1090709096766,12.141732616546147]]],[[[93.09830731840016,12.136768915176114],[93.0963158450434,12.135272660151479],[93.0969200204625,12.137234672621707],[93.09830731840016,12.136768915176114]]],[[[93.09323148580361,12.220647867185018],[93.09199580282463,12.218681143542826],[93.09303337224917,12.223613400845716],[93.09323148580361,12.220647867185018]]],[[[93.0921829847804,12.2253356271646],[93.09147076269389,12.225294809807268],[93.08989908644247,12.226221253051186],[93.0921829847804,12.2253356271646]]],[[[92.96639228451565,12.041258622336452],[93.00761842081306,12.019856091823192],[93.04357400030302,11.88462913243183],[92.99426349806409,11.952024041273303],[92.92512446728739,11.995619195326155],[92.96639228451565,12.041258622336452]]],[[[92.98541161603534,12.110752691632817],[93.00463165903729,12.048462115660413],[92.99522962537237,12.041938976035713],[92.9540672326292,12.080173605970622],[92.95789457316918,12.110757989672706],[92.97109330763634,12.10650500790422],[92.97700023009271,12.10728929601971],[92.98541161603534,12.110752691632817]]],[[[92.68225946307888,12.216697190879547],[92.67862996120886,12.219337427353272],[92.68142484283996,12.22395605546569],[92.68225946307888,12.216697190879547]]],[[[92.73010503856655,12.188136691288332],[92.72406665575316,12.185210097404724],[92.72913614983709,12.189511054761079],[92.73010503856655,12.188136691288332]]],[[[92.74054627389485,12.111902420037753],[92.7384881491373,12.111107778646385],[92.74026671278855,12.113303661964384],[92.74054627389485,12.111902420037753]]],[[[92.95567300084397,12.101827531347913],[92.94828415820609,12.0911402993619],[92.94673513746613,12.116866202251163],[92.95567300084397,12.101827531347913]]],[[[93.02599244844673,12.1667245652285],[93.02252072128331,12.098703402587178],[93.04997006531305,12.07972173439415],[93.04387842408144,12.045972301603122],[93.00588975498258,12.079617524273853],[93.00362301716154,12.139902848054705],[93.02599244844673,12.1667245652285]]],[[[93.04874067143942,12.116759987393563],[93.05764238481359,12.117060256894064],[93.05320310830884,12.109293630106928],[93.04874067143942,12.116759987393563]]],[[[92.7573863185864,12.146359539390687],[92.75299475699629,12.145869566427868],[92.75611675205325,12.150033626825406],[92.7573863185864,12.146359539390687]]],[[[92.98714334152766,12.160144247319465],[93.00267989570769,12.112242741007723],[92.98425481861308,12.112185934069165],[92.97726706835967,12.108319709411695],[92.95198640385117,12.147270656174818],[92.98714334152766,12.160144247319465]]],[[[92.76224662288841,12.178913182540755],[92.75826387290601,12.166979293545497],[92.75826942090117,12.164814304066788],[92.7575431464687,12.165681812377457],[92.75844323682382,12.176999783754278],[92.75449014382221,12.181111173397998],[92.76224662288841,12.178913182540755]]],[[[92.92399257565634,12.215282159177256],[92.938623559758,12.216015666655682],[92.93206217329463,12.1962566208188],[92.92399257565634,12.215282159177256]]],[[[93.07177570943436,12.210453505184027],[93.08535415009402,12.184498849128527],[93.07811789079874,12.185301892395758],[93.06544069932087,12.173274654389521],[93.08822637936599,12.180670414791704],[93.0775794091764,12.149057357358211],[93.09401712629997,12.143133000900432],[93.07404381359295,12.083780937935217],[93.06656786850849,12.131820314224939],[93.04834476053752,12.11943133109681],[93.03563005810837,12.132464313473236],[93.07177570943436,12.210453505184027]]],[[[93.01995877100877,12.223961764762697],[93.01843764475505,12.2242776792972],[93.01991723740164,12.224377607219484],[93.01995877100877,12.223961764762697]]],[[[92.6120012617139,11.508579490015848],[92.60838877034213,11.507495171933842],[92.61435328468968,11.510757892316816],[92.6120012617139,11.508579490015848]]],[[[92.64447727983287,11.514476011130984],[92.64301028875312,11.514417641791413],[92.6443536842262,11.515181212248336],[92.64447727983287,11.514476011130984]]],[[[92.63894710541678,11.510504828912374],[92.6844357818733,11.436299476091682],[92.64570281274747,11.406676886666741],[92.69031421785373,11.375199337073267],[92.59828507788015,11.34683618431214],[92.58630887056461,11.400895965017114],[92.62222231188123,11.405369168369416],[92.61006947422126,11.458995770037092],[92.63894710541678,11.510504828912374]]],[[[92.55149722372373,11.531527903151328],[92.56736451782841,11.52755037885358],[92.56522838786316,11.517474636361687],[92.55149722372373,11.531527903151328]]],[[[93.06795220380235,12.328019909681881],[93.07335449405461,12.325354159421128],[93.06380606823603,12.325736302219353],[93.06795220380235,12.328019909681881]]],[[[92.66798959902648,12.533602606560748],[92.68401064248697,12.53946086396909],[92.67712917730475,12.521903824075181],[92.66798959902648,12.533602606560748]]],[[[92.8288007253839,12.426201280439702],[92.83984431524618,12.422989386913933],[92.8416967617363,12.41610794811057],[92.8288007253839,12.426201280439702]]],[[[92.71991783152923,12.618776949268552],[92.72283353746435,12.621436459827937],[92.72325675894751,12.6204149522525],[92.72255727317513,12.62065457289831],[92.71991783152923,12.618776949268552]]],[[[92.70217587919073,12.640168765250737],[92.70017844730873,12.639576818190623],[92.70143953733886,12.64100045802402],[92.70217587919073,12.640168765250737]]],[[[92.7249574727996,12.655655218626528],[92.72517826971328,12.654800963573111],[92.72453846800839,12.654082367052686],[92.7249574727996,12.655655218626528]]],[[[92.95434367658149,12.434487926169938],[92.95783506247653,12.41798733997834],[92.92986152542738,12.358662134803124],[92.92459675646532,12.404257092720044],[92.95434367658149,12.434487926169938]]],[[[92.84542409193736,12.416894095000712],[92.84248315142757,12.416257087348704],[92.84317778450081,12.418182446823701],[92.84542409193736,12.416894095000712]]],[[[92.86813374576332,12.41430811132074],[92.85761963101434,12.41724756265807],[92.86736718099203,12.420520622475413],[92.86813374576332,12.41430811132074]]],[[[92.88728993561655,12.408198200642687],[92.88368733200112,12.376568912196744],[92.8436600459594,12.395472950351623],[92.85076181937183,12.408717356086983],[92.88728993561655,12.408198200642687]]],[[[92.89791189491206,12.41180702038392],[92.89656938877106,12.40972546277185],[92.89733700457124,12.412082667121146],[92.89791189491206,12.41180702038392]]],[[[92.90057713976614,12.426284168530904],[92.89804608255426,12.4218091791713],[92.89835138847828,12.425788839769284],[92.90057713976614,12.426284168530904]]],[[[92.91155775143882,12.333818002761692],[92.90999486520246,12.33376798497839],[92.91059704546328,12.33568213710432],[92.91155775143882,12.333818002761692]]],[[[92.90510410441907,12.340155358119807],[92.90406977881104,12.338885150955692],[92.90372963532195,12.34112450007033],[92.90510410441907,12.340155358119807]]],[[[92.90897464134777,12.350607469736213],[92.91691120927226,12.350577246875252],[92.90953990534199,12.338181239412314],[92.90897464134777,12.350607469736213]]],[[[92.65527362098965,12.773563452874562],[92.653731436429,12.77172834868068],[92.65524592233618,12.774331763623897],[92.65527362098965,12.773563452874562]]],[[[92.7081885135931,12.692082460155133],[92.71501910718084,12.689684947678273],[92.71037434824134,12.680276924010684],[92.7081885135931,12.692082460155133]]],[[[92.71932300397901,12.696559572587644],[92.72074913339148,12.689636031154485],[92.71643229366668,12.685878942883015],[92.71932300397901,12.696559572587644]]],[[[92.72172620846813,12.737772614117645],[92.72871154584669,12.730755107560588],[92.72688322002026,12.727331761193376],[92.72172620846813,12.737772614117645]]],[[[92.72651122047459,12.836973257519874],[92.72360205876632,12.832248498283239],[92.72623550415769,12.838975419718192],[92.72651122047459,12.836973257519874]]],[[[92.76725091814733,12.851904951348724],[92.77957675156806,12.85002806227723],[92.78047117085879,12.83986026918497],[92.7845370751921,12.832368407022226],[92.7832977342733,12.8246088175265],[92.76725091814733,12.851904951348724]]],[[[92.76237311376528,12.852400662464696],[92.76540985151523,12.849794036736387],[92.76488590822744,12.847963660956196],[92.76487561083935,12.842102299846582],[92.76557329908287,12.838338109311119],[92.76504026035285,12.836363127139618],[92.76237311376528,12.852400662464696]]],[[[92.70724108292086,12.830186565463656],[92.7109787922567,12.777331298756243],[92.72456176401865,12.748487951273606],[92.71632314207143,12.719313256644227],[92.6934365677452,12.797777696324186],[92.70724108292086,12.830186565463656]]],[[[92.71629153754311,12.788331366876038],[92.72318783121577,12.767566073738172],[92.72372513245182,12.76221498448257],[92.71629153754311,12.788331366876038]]],[[[92.75985290460872,12.868628039617736],[92.76541503389612,12.856577251385358],[92.76309881597092,12.855763130656184],[92.75985290460872,12.868628039617736]]],[[[92.7259961624233,12.865540659190172],[92.71969699598797,12.840451668015543],[92.71104039243066,12.832215580980991],[92.71327646895443,12.855707580568895],[92.7259961624233,12.865540659190172]]],[[[92.72806359732044,12.855909486002503],[92.73051374057978,12.856478600108641],[92.72851459022064,12.854910639348832],[92.72806359732044,12.855909486002503]]],[[[92.71863395034201,13.098554198083972],[92.70541816315583,13.071409451290494],[92.69981352109758,13.071163118067222],[92.69517532704623,13.096254496872927],[92.71863395034201,13.098554198083972]]],[[[92.73075646357293,13.094819768486662],[92.72798240578844,13.093440486765244],[92.73020329090244,13.095583849667005],[92.73075646357293,13.094819768486662]]],[[[92.79554643744547,13.170512769411223],[92.79267520260846,13.169287581051146],[92.79313634557306,13.17109337846703],[92.79554643744547,13.170512769411223]]],[[[93.0580578385645,13.225925226564636],[93.0571864260265,13.223791777193696],[93.05678450449702,13.226521484042664],[93.0580578385645,13.225925226564636]]],[[[93.06068691455035,13.227796968910505],[93.0588279660542,13.22715473771262],[93.05944585874765,13.228433923559574],[93.06068691455035,13.227796968910505]]],[[[92.91665088648605,13.060400587941976],[92.91339611324359,13.061080449111888],[92.91466383733211,13.063211757417802],[92.91665088648605,13.060400587941976]]],[[[92.91427197334056,13.064179019864484],[92.91234038437561,13.063729074353418],[92.91286808980779,13.06743999401139],[92.91427197334056,13.064179019864484]]],[[[93.06930863922011,13.300193751713552],[93.0772363021452,13.30089596851918],[93.0705965394699,13.298354572221141],[93.06930863922011,13.300193751713552]]],[[[92.96558270301865,13.33470580576194],[92.96432891449517,13.335765249016065],[92.967367284484,13.337701165123017],[92.96558270301865,13.33470580576194]]],[[[93.00777008787404,13.316387562536589],[92.99624424014641,13.300324176673167],[93.00756014081236,13.320988330343718],[93.00777008787404,13.316387562536589]]],[[[93.01358377059384,13.308815623269874],[93.01953792107795,13.316555738194632],[93.02081253883796,13.304037243283727],[93.01358377059384,13.308815623269874]]],[[[93.00746962297107,13.33605634604641],[93.00675845011683,13.336914706483197],[93.00800915921558,13.336965030353783],[93.00746962297107,13.33605634604641]]],[[[93.01294654525714,13.338955960239202],[93.0135518534518,13.337451245655288],[93.01242111346095,13.337450718581323],[93.01294654525714,13.338955960239202]]],[[[93.01533554378835,13.342699211753832],[93.01918673280247,13.338258263610674],[93.01715668578743,13.336765923526599],[93.01533554378835,13.342699211753832]]],[[[92.98784265751847,12.999590095560897],[92.98553847072986,13.000259746294955],[92.98762206631899,13.001240099596574],[92.98784265751847,12.999590095560897]]],[[[92.91789574485732,13.042750207335104],[92.91311538971729,13.04320391038506],[92.915982623458,13.048305102782619],[92.91789574485732,13.042750207335104]]],[[[92.93233168854114,13.051847717090698],[92.93065368499774,13.051838636091706],[92.93103181105363,13.05356981746421],[92.93233168854114,13.051847717090698]]],[[[92.91646273614646,13.007702116907803],[92.93880904120292,13.025119164958136],[92.94205759810363,12.997221110841767],[92.91646273614646,13.007702116907803]]],[[[93.09671223834066,13.431932492136077],[93.1008580657848,13.435024250372003],[93.10186962359197,13.430577242584908],[93.09671223834066,13.431932492136077]]],[[[93.0941840593309,13.4160825243532],[93.09028811175776,13.411860817486843],[93.09351431318429,13.418541006722215],[93.0935880163601,13.419842613407631],[93.0941840593309,13.4160825243532]]],[[[93.04234063857074,13.637959747573284],[93.05473670677199,13.644968695202135],[93.0456406374962,13.62140666790149],[93.04234063857074,13.637959747573284]]],[[[93.01875961352927,13.671076909249727],[93.02769590395705,13.628581121836342],[93.01205906185872,13.64910095958698],[92.98559608058734,13.642543582969639],[92.97600114269832,13.653831388647],[93.01875961352927,13.671076909249727]]],[[[93.05498930404673,13.37891970036848],[93.08854088583519,13.336141493880659],[93.06388083771208,13.30425556236926],[93.05906967305275,13.330078877917098],[93.03861806135586,13.322926909367341],[93.04943579858606,13.365571990596695],[93.03606599793933,13.37215227598835],[93.05498930404673,13.37891970036848]]],[[[93.07432868643754,13.366111978616205],[93.07552471238996,13.363581338759461],[93.07275487938226,13.365280046427355],[93.07432868643754,13.366111978616205]]],[[[93.08129814339848,13.368350544838492],[93.07961792910119,13.368580710231337],[93.08073018086516,13.369480300806417],[93.08129814339848,13.368350544838492]]],[[[93.07844392175467,13.3766070344464],[93.07897468864536,13.376991295241723],[93.07909939726466,13.37659812720527],[93.07844392175467,13.3766070344464]]],[[[93.0623501461972,13.385655763089838],[93.05997292008779,13.38525741116261],[93.06232225440593,13.386396948166587],[93.0623501461972,13.385655763089838]]],[[[92.81117617027661,13.419805554338263],[92.81760967886437,13.416553313873395],[92.81328588438262,13.403825146870245],[92.81117617027661,13.419805554338263]]],[[[92.86544723239655,13.505269662882283],[92.87284136880638,13.506336246545457],[92.87092528835649,13.502394267376905],[92.8663204244971,13.503696952012172],[92.86544723239655,13.505269662882283]]],[[[93.07579204922186,13.433284903119253],[93.07700636307686,13.4331857206897],[93.07577363825011,13.43299565448457],[93.07579204922186,13.433284903119253]]],[[[92.87305798945233,13.538559237216466],[92.87677194373879,13.537922884853415],[92.87470284516174,13.535648826743552],[92.87305798945233,13.538559237216466]]],[[[93.05519886483285,13.562559228203424],[93.0510361113321,13.564505738116093],[93.05539643580484,13.566296768902445],[93.05519886483285,13.562559228203424]]],[[[92.90863267877026,13.532202162888078],[92.90618220403256,13.537069799889501],[92.91140411167748,13.534362976271355],[92.90863267877026,13.532202162888078]]],[[[92.91724678752303,13.515725508932059],[92.91630665476413,13.507824549228012],[92.91322601904118,13.507288578462823],[92.91724678752303,13.515725508932059]]],[[[93.09263730414209,13.417139860520228],[93.08607241514743,13.416049668560666],[93.09184284847785,13.419878525188741],[93.09263730414209,13.417139860520228]]],[[[93.06604330358654,13.42268009329155],[93.06882728685659,13.422680760857155],[93.06876943714893,13.413266733158762],[93.06604330358654,13.42268009329155]]],[[[92.82460771033618,13.43914001185011],[92.83405281372741,13.420642097737757],[92.8217073458295,13.421360084415726],[92.82460771033618,13.43914001185011]]],[[[93.00220430334174,13.571187292089071],[92.99771444360167,13.570335280965516],[92.99982901489841,13.572704548845294],[93.00220430334174,13.571187292089071]]],[[[92.88960132330048,13.597937398642484],[92.90213401447663,13.59650441732736],[92.88364122507086,13.574967927441785],[92.88960132330048,13.597937398642484]]],[[[92.75216758738435,12.893611784472862],[92.7478694290242,12.894139030711543],[92.74930914186208,12.897397822321535],[92.75216758738435,12.893611784472862]]],[[[92.75393215258853,12.91464872298213],[92.75516245645557,12.89264564802065],[92.75196282180525,12.889802097699496],[92.75393215258853,12.91464872298213]]],[[[92.69456017960425,12.991476300004665],[92.71899553841355,12.98108541600553],[92.72039052593004,12.889730066997812],[92.69977632635326,12.84076914885495],[92.67082977191757,12.837760234921545],[92.68779171709487,12.817111810602913],[92.66711213723337,12.783153209899554],[92.64685581209274,12.861888627683024],[92.69456017960425,12.991476300004665]]],[[[92.91037950763744,12.914534963471842],[92.90821867310355,12.914458062843643],[92.91063307688933,12.916749978950335],[92.91037950763744,12.914534963471842]]],[[[92.9338731876872,12.920451618624005],[92.93369194449382,12.911153107555306],[92.92869393205198,12.916957637669434],[92.9338731876872,12.920451618624005]]],[[[92.89275186322389,12.898861667356464],[92.89053128353711,12.897546014992884],[92.89133289787586,12.899313583040612],[92.89275186322389,12.898861667356464]]],[[[92.78973525743206,12.89004232773779],[92.78119808848501,12.884224513955052],[92.78224821635722,12.893082183330401],[92.79098756732863,12.891316946096014],[92.78973525743206,12.89004232773779]]],[[[92.86347253058618,12.913892432240262],[92.86262477877445,12.91396458907445],[92.86273529580892,12.914470899901207],[92.86347253058618,12.913892432240262]]],[[[92.76722622885008,12.916898677621765],[92.76612493024435,12.91731413035539],[92.76680636616771,12.917965067986575],[92.76722622885008,12.916898677621765]]],[[[92.76639409514787,12.921747432675913],[92.76118809217506,12.921908630581374],[92.76534085012165,12.926492182454231],[92.76639409514787,12.921747432675913]]],[[[92.77333808307388,12.91145024791436],[92.80012379668747,12.897690379230474],[92.79141090918603,12.892225361759909],[92.77333808307388,12.91145024791436]]],[[[92.86391899687563,12.917893103184216],[92.87316034439411,12.932084394604288],[92.88450917460342,12.924120996899488],[92.86391899687563,12.917893103184216]]],[[[92.7685345855355,12.924744171290977],[92.77541129683325,12.927620066115654],[92.7716254090521,12.91761837660974],[92.7685345855355,12.924744171290977]]],[[[92.668446034819,12.956196893751416],[92.6680387647203,12.952685242462387],[92.66648815575893,12.953272681157127],[92.668446034819,12.956196893751416]]],[[[92.66604392357955,12.950348463125438],[92.66811266103389,12.951180368344254],[92.66816818500328,12.949589588512625],[92.66604392357955,12.950348463125438]]],[[[92.66917238381161,12.951993949148063],[92.67063774175423,12.950195390420648],[92.66867947911355,12.950597469257005],[92.66917238381161,12.951993949148063]]],[[[92.67058282774089,12.948134603853505],[92.66994229301072,12.948197799942495],[92.67075323994695,12.948365145840206],[92.67058282774089,12.948134603853505]]],[[[92.67436083819537,12.949886226990962],[92.67461437331123,12.948485181076888],[92.67191885613036,12.948979801738199],[92.67436083819537,12.949886226990962]]],[[[92.66920498816488,12.948830412177317],[92.67192334501185,12.949730069726725],[92.67172998444359,12.948514276540093],[92.66920498816488,12.948830412177317]]],[[[92.66675329261672,12.951948518870768],[92.66792358902276,12.951948575775726],[92.66791453130976,12.951614128557871],[92.66675329261672,12.951948518870768]]],[[[92.66973210160728,12.952929557309425],[92.66860317351836,12.952784776775507],[92.66923429210775,12.953331647491291],[92.66973210160728,12.952929557309425]]],[[[92.75892680982277,12.935415499525536],[92.76570347035742,12.928724713919914],[92.76289952382683,12.925791028726625],[92.75892680982277,12.935415499525536]]],[[[92.88892760660033,12.937850021618287],[92.8911854016927,12.936570961843039],[92.88770660927962,12.934468616321709],[92.88892760660033,12.937850021618287]]],[[[92.9574061780138,12.949081257439007],[92.96918295484468,12.945413042094197],[92.94999001850645,12.940597519473028],[92.9574061780138,12.949081257439007]]],[[[93.00515241330581,12.996980940297199],[92.96937253081067,12.9623735912026],[92.98630084486037,12.956606016355655],[92.97810418052514,12.933115518679932],[92.95093489167512,12.980688932704204],[92.97161804144153,12.966509290233116],[93.00515241330581,12.996980940297199]]],[[[93.02977549306,13.56845234470276],[93.03947214988361,13.492041252702682],[93.03136821324527,13.464858386352079],[93.0048402810839,13.463373627636049],[93.03341090135298,13.435618256347839],[92.99144770634813,13.438366194384363],[92.98867498525678,13.427547536478102],[93.0380539355271,13.427710885713395],[93.04440576300101,13.403312476875191],[93.060332649545,13.421033549325882],[93.0673974761481,13.397217825215579],[93.02469648581724,13.373322881211122],[92.99878917812612,13.395944460212942],[93.01386400992818,13.37083695220304],[93.039681463633,13.368795612345858],[93.03151601485558,13.345232461120162],[93.00261884170939,13.35439411470732],[92.98452147811527,13.328139711108829],[92.97256805117702,13.359675406385255],[92.94507900340835,13.351236037669304],[92.95196650796426,13.327234159705576],[92.961150125251,13.323384179626261],[92.94904945725116,13.32129598397729],[92.94802265054204,13.319533523752572],[92.94835943163702,13.31793359057508],[92.99678750439934,13.315061105883805],[92.97361191060514,13.28205736127416],[92.99307455892091,13.291789105565803],[93.00157019875236,13.265129337176381],[92.99997461114471,13.288402082057896],[92.98619537995106,13.29934224696168],[92.99750440491182,13.294779001288205],[93.00226634997843,13.304005840021725],[93.03581192113933,13.263168331422943],[93.03243876521375,13.275794879114523],[93.04510231487569,13.282004738860637],[93.03817138845388,13.270694331655072],[93.04328025928997,13.25442097455942],[93.06441074401674,13.272446830828912],[93.03083525356699,13.178232486077214],[93.03329743155618,13.081879319989996],[93.00217382619913,13.028953496959657],[92.96395822918474,13.038576727715359],[92.97459675071913,13.014595137476759],[92.95930809382828,13.015767104721121],[92.93297453014497,13.04655260144954],[92.95653824195595,13.06577596125128],[92.93713195483942,13.069884778649277],[92.94466134339507,13.122440521380264],[92.92178421934562,13.056997517388805],[92.89847946128833,13.095848138760191],[92.88697368282246,13.093357584215319],[92.89224513525023,13.101042656230117],[92.88926969763693,13.113716022383837],[92.88317865378497,13.128247368785061],[92.87643906043385,13.13601838978872],[92.87498927478671,13.13581408498288],[92.88855791033502,13.108074969996398],[92.88114570521158,13.108541098212786],[92.87299206119532,13.103610049437904],[92.91193681174263,13.066929096378423],[92.89485913570896,13.05879501759719],[92.88557163454784,13.045488505930933],[92.8577793649466,13.080027055748106],[92.8460470394509,13.075289359406112],[92.84347889349586,13.05075504044893],[92.85986414990515,13.065736717479027],[92.86330658570206,13.043805150204326],[92.86941088868761,13.05483960587577],[92.87236943707524,13.043647709548935],[92.88630480444843,13.04403095814119],[92.89689215794424,13.058282346656545],[92.91232444377088,13.054847282232735],[92.89405744950503,13.011226461052093],[92.9367764384809,12.974841073267958],[92.90965390155155,12.947303514916465],[92.89546688642287,12.995856561348111],[92.87000387289484,12.934895567796975],[92.85145829668635,12.9614220218387],[92.84242260497744,12.956650605357066],[92.84724125889132,12.91248283451165],[92.87514334843435,12.905897853284777],[92.86825253717986,12.889885302035463],[92.87246827601102,12.88385576248309],[92.84121580642812,12.877036335226174],[92.84334075685966,12.887742075552591],[92.84056625351079,12.89261822820786],[92.80072153567752,12.900112703529164],[92.78959799036505,12.961874119267607],[92.79907512049279,12.99194828082687],[92.82202612468615,12.977171284095748],[92.80673241477187,12.999089307563242],[92.82938951805205,13.0015432542397],[92.8369166159037,13.023185679417436],[92.78772724429432,13.019665337909968],[92.79256705173648,13.09076649229792],[92.79980183240481,13.09232641765638],[92.79742100045786,13.081615997668555],[92.80802413016667,13.07202264547447],[92.81402271851125,13.07250413051082],[92.80661215191488,13.099615360348198],[92.82913405694818,13.109005530854152],[92.80938056019455,13.127087015475121],[92.84702061828446,13.118351340423843],[92.84821472274052,13.150385570886275],[92.80855433381366,13.153493085647685],[92.81435888066703,13.174317009321662],[92.81911655244781,13.16229359478238],[92.82749566731218,13.174049857027162],[92.83695048508488,13.16215928916043],[92.84420107610222,13.161030738351162],[92.847033250394,13.161966042430745],[92.84812653153581,13.16294676680502],[92.8484583718967,13.16141889247492],[92.84863825593908,13.16119744770416],[92.849039574699,13.161305838550687],[92.84807578121382,13.163095944736664],[92.83726878244455,13.162362685935047],[92.83438708223451,13.175459682531109],[92.81781852638812,13.184500560608246],[92.8305058005567,13.242735816980064],[92.8527690626534,13.235399471708336],[92.85066185574533,13.228703373096636],[92.85492547837435,13.219136196514475],[92.84759381080939,13.212906472128745],[92.84799691631842,13.208779631871204],[92.84912698616604,13.207617835751131],[92.8539849898826,13.209232990844926],[92.85827486218257,13.20630785512432],[92.86107506902668,13.206533288143495],[92.8580085745829,13.200951700996834],[92.85891711988147,13.199550283769236],[92.8627177337451,13.196645512414937],[92.85696063590507,13.196400195128755],[92.8558671229979,13.195338219176012],[92.85516745217255,13.190913228302076],[92.8556699993869,13.189240758108646],[92.85775478344715,13.18777589144051],[92.85894049763843,13.188774610934015],[92.85907955594608,13.192318325563459],[92.860223465239,13.191911298263353],[92.86070199419758,13.18569167936011],[92.86146059720053,13.184466598479625],[92.86291141950352,13.184997383241528],[92.86052331299939,13.192042313020945],[92.85856758091286,13.19260768692537],[92.85768107308482,13.188372591069493],[92.85550881018389,13.190754990583283],[92.86360333966458,13.196256598171535],[92.86191015010132,13.206779524906153],[92.85439567268105,13.20987029569029],[92.84870729416362,13.208598740887945],[92.8558068559238,13.219818525871242],[92.85148662056726,13.261119654251178],[92.8214070507081,13.279661415523957],[92.84155042168494,13.301337888925321],[92.82244851163445,13.311206617191798],[92.8381845555879,13.374449208081916],[92.85126112636296,13.370666406556152],[92.84910041399993,13.367358095157636],[92.84957560122568,13.36587552692703],[92.85113783438682,13.364220959041905],[92.8484882768125,13.364257486546723],[92.84785126796982,13.363588664556874],[92.84893548151715,13.360410921299621],[92.85067076613464,13.359140599057339],[92.85194477932846,13.359117731519348],[92.86933725108881,13.390968737008224],[92.8418624586854,13.403111121377108],[92.87091433789318,13.412594018169932],[92.87286886264397,13.402336829514367],[92.87815846553207,13.396893705034369],[92.88242896835789,13.39534853671239],[92.87906663084327,13.392342700553089],[92.87999999120326,13.389061637905362],[92.8859598549726,13.398526090009524],[92.88874890024928,13.39478194958304],[92.8902354431612,13.394483778594237],[92.892340241686,13.395925636088634],[92.89454520955145,13.392210726937646],[92.89845082838697,13.391340880236815],[92.8983634923784,13.388859755752282],[92.90237020042944,13.390645034869095],[92.90210739919138,13.387842966700854],[92.90622351575583,13.382593614417129],[92.91526654400566,13.382085113250222],[92.91765062066743,13.384670259778138],[92.91783973579768,13.386337897265035],[92.9193585030755,13.385795521603127],[92.91855532207494,13.385867870064219],[92.91817220677592,13.384661148339024],[92.91920870630695,13.383332388161307],[92.92053348329746,13.383467926992115],[92.92370237131057,13.384721936994689],[92.92596380457984,13.395231828751463],[92.924228322333,13.390217605353369],[92.92091850751643,13.390152223144469],[92.9211078355474,13.388706009619757],[92.91747966587899,13.386613597935996],[92.91498038297698,13.38227944863459],[92.90381220756454,13.394708132189777],[92.89881580041218,13.389352399713031],[92.89901395439078,13.391408766693381],[92.89314812716373,13.396169747490841],[92.88856875389882,13.395514104761812],[92.88786616624374,13.400033560604998],[92.89274165207406,13.397073631453837],[92.89938145337689,13.403317686753361],[92.89671839681884,13.412614151709606],[92.89575770521633,13.401817030076256],[92.88427980057538,13.40732998208047],[92.88536857756438,13.400153070449388],[92.88184244393584,13.396473866586375],[92.87399520717814,13.40272561597298],[92.86962675474868,13.42429779938504],[92.88617895946028,13.432309401099],[92.8884512398866,13.428741410180756],[92.88909109728708,13.426820669041458],[92.8887684089623,13.424122555794176],[92.88920719735104,13.423381354202258],[92.89075391211566,13.423372446071985],[92.89254483389027,13.425456078013358],[92.89714330982966,13.425774922318643],[92.89785889251364,13.426122970904506],[92.89840354196872,13.427058510405503],[92.8971614549001,13.427862968600841],[92.89860867316216,13.428857270052312],[92.87060592739155,13.472430035853646],[92.91757920909396,13.501064851178182],[92.92076304687001,13.471643036771662],[92.93121327433431,13.471535985120875],[92.91487993066696,13.53343678516306],[92.98438138674501,13.527438390862862],[92.98742872551365,13.57369920841291],[93.01286742164694,13.539295036346395],[93.02977549306,13.56845234470276]]],[[[92.69812159905719,12.248110179827336],[92.69459177335281,12.246633126039628],[92.69632996941013,12.25036598350087],[92.69812159905719,12.248110179827336]]],[[[92.88200308516652,12.24080135587888],[92.88034408009307,12.23993361768231],[92.88144704687026,12.241886129083872],[92.88200308516652,12.24080135587888]]],[[[92.7345977639324,12.239772921566727],[92.7293026588632,12.214604577826078],[92.74212748935629,12.20494082308938],[92.73867699477296,12.23636793482544],[92.76080539099941,12.228761487542801],[92.76284213854814,12.18308519881832],[92.7282711674399,12.197863855942698],[92.72223471420774,12.188510151327742],[92.7345977639324,12.239772921566727]]],[[[92.79476104757906,12.303768100137448],[92.8534981766605,12.281410318080354],[92.8487492859116,12.302234237736224],[92.87197078361677,12.301891023955182],[92.89100071705343,12.266628627742401],[92.86169835879834,12.263754130928142],[92.85743042515426,12.244823885371733],[92.86979337247097,12.21296865604067],[92.88395032907191,12.19826992649197],[92.83271085106719,12.215126503472156],[92.85499233998095,12.158829884340298],[92.82264806069671,12.166762959163936],[92.81467706843223,12.106259046414879],[92.78371860666203,12.106468026432534],[92.8017967525973,12.092850308200617],[92.763186307388,12.063902032965046],[92.76033522625443,12.093962376787823],[92.74556727691972,12.074629007516664],[92.73759624063779,12.098737531336141],[92.76623200673127,12.151728043609292],[92.77476066234435,12.24284586064034],[92.74090074730935,12.245555617452004],[92.7491461263841,12.274268168657047],[92.76299352892805,12.262662638384503],[92.7874370273721,12.280420947133365],[92.7705328627322,12.313190619486486],[92.79476104757906,12.303768100137448]]],[[[92.89966559409454,12.256057251000529],[92.91434354032262,12.220043209869417],[92.88983324495065,12.22831272156652],[92.87827122386314,12.207928970940412],[92.86952146501086,12.2457191227627],[92.88317488355572,12.238360615459474],[92.89966559409454,12.256057251000529]]],[[[93.08384684262428,12.228887232868475],[93.08526245366306,12.227332414565456],[93.0816419556072,12.225460070373986],[93.08384684262428,12.228887232868475]]],[[[93.10395204508298,12.250526723206566],[93.098931728371,12.204776713075304],[93.10223400183075,12.245820464734546],[93.08013012152672,12.225753577156166],[93.06213009937676,12.230025482183793],[93.07253273409734,12.261434065693043],[93.08188727832476,12.238271757005712],[93.10395204508298,12.250526723206566]]],[[[92.86817485626399,12.248729296333387],[92.86049122068586,12.24283530582358],[92.8638318369369,12.25090324143267],[92.86817485626399,12.248729296333387]]],[[[92.69603262525447,12.239111937304985],[92.70349148528051,12.137903812253398],[92.71913018958642,12.17990109564673],[92.75624702304081,12.177152556204554],[92.73362524870413,12.103394451584984],[92.73396131294349,12.083534443426768],[92.74698799847417,12.055393483707485],[92.78222765212372,12.048401125697799],[92.76035328059503,12.019701292085607],[92.72679955991786,12.044833261250089],[92.7300525679708,12.01490504979158],[92.76833902409477,11.997458824067117],[92.73443799766082,11.977139619854984],[92.73827846079043,11.997484185788378],[92.72122685386631,12.00591168342444],[92.713223135976,11.994016915933257],[92.7309125961592,11.969523998225347],[92.70729500699072,11.974192294872918],[92.71285108432804,11.902980865372976],[92.69231708633981,11.901142063360005],[92.71966288426168,11.877804545229402],[92.69787539778726,11.86582724366844],[92.72308473426556,11.85949119470811],[92.71126587495688,11.820693408302938],[92.7453189071167,11.932329204456112],[92.7830470297489,11.936181224861548],[92.7910774096368,11.88599163568053],[92.7541315300726,11.701433284146763],[92.70578279921111,11.70099728449546],[92.70603826660317,11.669767173435984],[92.6611536460898,11.653799596173776],[92.6877198141429,11.621073040477757],[92.66776199737451,11.611031681005937],[92.67294654498508,11.606789806823409],[92.70193783731854,11.616786172434463],[92.6937967778011,11.652925366494376],[92.72901888016663,11.656990066422328],[92.71822196857967,11.68206101079762],[92.75536778617669,11.664672795244671],[92.71012101255144,11.478231129182962],[92.69934933643744,11.509944695432775],[92.64605619920043,11.521843672657793],[92.63297773118352,11.59009435498496],[92.61645178692264,11.562646025425416],[92.60800881172305,11.620931869137742],[92.63870430876176,11.612368938685515],[92.64743359051718,11.645636513438033],[92.63173285574427,11.661533758584383],[92.6306037965013,11.629520930006287],[92.60734548673409,11.634311962355149],[92.59230124885566,11.735480986288248],[92.56043073925558,11.69475529860501],[92.5521509565021,11.849485041426062],[92.53616938052359,11.860465009671323],[92.52340540100954,11.826905532369324],[92.51433498941489,11.848437386635597],[92.56152769989683,11.946956443592018],[92.58381692600017,11.860114608222426],[92.59497231389452,11.864912247987004],[92.58964302703045,11.877455767754642],[92.59245909902076,11.89487780499098],[92.59944886599196,11.896804263052426],[92.61384329403491,11.831064766536093],[92.6218163721875,12.101579996814941],[92.66016166257266,12.215123384896103],[92.65507498371741,12.180294795903247],[92.67372212974013,12.217968831456746],[92.6748186061894,12.187180150676564],[92.68093962053419,12.19196542530605],[92.69603262525447,12.239111937304985]]],[[[92.72375888844526,12.256282402321764],[92.72087709660704,12.255537627145639],[92.72117617720619,12.256527378588238],[92.72375888844526,12.256282402321764]]],[[[93.02837814387263,12.278728337163791],[93.02092427308965,12.275891382296438],[93.028157062193,12.279917022698182],[93.02837814387263,12.278728337163791]]],[[[92.89993659695114,12.261808421195296],[92.89827542693784,12.259570859239078],[92.89915773154867,12.26259236453558],[92.89993659695114,12.261808421195296]]],[[[92.88113467479822,12.248435323471389],[92.87872651699861,12.246220705447554],[92.87836350240241,12.250844463523409],[92.88113467479822,12.248435323471389]]],[[[92.73899624165189,12.283468168349543],[92.74062877157729,12.255806209284883],[92.73250516632582,12.246675355231263],[92.73899624165189,12.283468168349543]]],[[[92.76701174888944,12.285540149114361],[92.75196730619511,12.278045147331058],[92.76100961309778,12.294081296565379],[92.76701174888944,12.285540149114361]]],[[[92.73702775887823,12.291220551505727],[92.73365748564639,12.288396971049531],[92.73608168196708,12.293046958621147],[92.73702775887823,12.291220551505727]]],[[[92.77082772574107,12.293737569206408],[92.7657033562714,12.289743261021266],[92.76963468399201,12.29526270496818],[92.77082772574107,12.293737569206408]]],[[[92.75258631818942,12.294825026217815],[92.75222599853909,12.29289955722024],[92.75115494351401,12.292978301739954],[92.75258631818942,12.294825026217815]]],[[[92.69868509337029,12.274559509219678],[92.72292161278638,12.291225881925252],[92.7096917094738,12.229838179683131],[92.69868509337029,12.274559509219678]]],[[[92.85765916856494,12.335004761931835],[92.87068394068409,12.3288727594644],[92.88597992513269,12.332469852763515],[92.89982510254964,12.32367610893087],[92.85797252788551,12.314257910136623],[92.86158507585114,12.321319297918635],[92.86002202342645,12.320298071046611],[92.86085051985006,12.323920398446125],[92.85692872235629,12.328496668777133],[92.85818632063491,12.329994868451903],[92.85477859484226,12.33224131776132],[92.85619015807238,12.333466013214084],[92.8569505469261,12.340270065800773],[92.8582786476832,12.338868928290555],[92.8570301969491,12.337382038574098],[92.85765916856494,12.335004761931835]]],[[[92.93429375285211,12.302783551932974],[92.94108780207571,12.276600360547148],[92.92169743849594,12.229357251683862],[92.90065077017842,12.28842860544823],[92.92727117671176,12.27828021268241],[92.93429375285211,12.302783551932974]]],[[[92.86297028340913,12.304517869777417],[92.86519688899486,12.30397078325254],[92.8632570534956,12.303150718313095],[92.86297028340913,12.304517869777417]]],[[[92.87925638287906,12.296648499575959],[92.87639765708242,12.296932329409366],[92.87863572157788,12.298130683942288],[92.87925638287906,12.296648499575959]]],[[[92.76484935038867,12.297797395125945],[92.76248671471608,12.297629613495232],[92.76467199330716,12.299639176793418],[92.76484935038867,12.297797395125945]]],[[[92.90111406460812,12.910882102771266],[92.92206376787553,12.91549326728079],[92.90574299882553,12.886720582521866],[92.93962929199054,12.855275427479558],[92.92082836606926,12.830445616673085],[92.94625375815316,12.837120656453868],[92.95207327812567,12.808143772375315],[92.92606694644581,12.77469957179629],[92.97919734758091,12.709689351209102],[92.95635201221442,12.697199468128025],[92.95614267780377,12.624916661990552],[92.94585014240104,12.63089339217431],[92.94106661261482,12.62648768047842],[92.97372788849822,12.542819449254454],[92.94928658643502,12.50588658218676],[92.96841578820217,12.496565985264128],[92.9269261023701,12.490555222213136],[92.93237032238653,12.467670089411586],[92.92080037815826,12.466211610852135],[92.92002267607408,12.473054401549012],[92.91592205724491,12.47392860365691],[92.9194567203771,12.476324367686146],[92.91815949112306,12.478337752515309],[92.92063630715982,12.480044212538997],[92.92022675713696,12.483079130687273],[92.91940107693178,12.483953613817214],[92.91795444347296,12.483896984519173],[92.91757281668238,12.481842717351366],[92.91668262216841,12.484222262069858],[92.91395030909518,12.484355334506041],[92.91363043159892,12.486990240251943],[92.90640045601906,12.47757702491411],[92.92131554670233,12.465004898534817],[92.9572540932362,12.47310733531117],[92.91216620373694,12.450796235907472],[92.91043083198286,12.406191409956902],[92.89679282942663,12.438665307944094],[92.88420476070645,12.441930449641452],[92.89541628701785,12.448027621969388],[92.89830391071887,12.452493639663144],[92.87687776168599,12.445029240519476],[92.88597032483725,12.4566537927216],[92.88354605844796,12.458693903120015],[92.87844322429059,12.458229443899656],[92.8828890854464,12.466700483968536],[92.87866895565013,12.467081349512945],[92.87870565901603,12.467709627851468],[92.88109951563628,12.46832265577976],[92.88159844174173,12.468894453781127],[92.88093349349705,12.47065477250007],[92.87988917772473,12.471540336123127],[92.87839295456732,12.467189725435661],[92.88098303109338,12.464587038247654],[92.87779012931611,12.458229309693708],[92.8851470871513,12.456479625600855],[92.87540335052196,12.446814110948344],[92.85323464239715,12.457536931448672],[92.83544826387627,12.501387620171089],[92.81558289093715,12.486901268055695],[92.83373173428528,12.488631978461536],[92.842146052329,12.479479044526876],[92.84028225293036,12.471610359959573],[92.84059793619257,12.476554891888421],[92.83317219525438,12.481680706877937],[92.83152092467553,12.481215221450771],[92.8313253219123,12.480300011995974],[92.83332115748807,12.475558707474],[92.82920906447775,12.474876399101731],[92.82848436299533,12.471850452442045],[92.8253153725743,12.473459578304496],[92.82492205421032,12.473102503296763],[92.82535432621997,12.472157873889337],[92.82883848337194,12.471782689001753],[92.83038423065096,12.47470690780596],[92.82969412508677,12.472236908168956],[92.83006426152656,12.470727265671044],[92.83130368778531,12.469463962978324],[92.8330101796013,12.469646914549084],[92.83455204615835,12.480324707296479],[92.83915691450932,12.464598066549138],[92.88428173195325,12.436276312200205],[92.89853425941897,12.417102020925881],[92.82125213713569,12.434244220831092],[92.81990475224438,12.437229518284946],[92.81051593908553,12.443025833245523],[92.81655230338446,12.444827155456968],[92.81186353418256,12.448490279271667],[92.81587861992196,12.446962748353155],[92.817966648697,12.449218113266461],[92.81794143029204,12.451507341641387],[92.81746083161504,12.452094844983801],[92.81693882329837,12.452153613665752],[92.81564180065689,12.451053057208464],[92.81555917631198,12.454754744106653],[92.81122193315215,12.449048449055152],[92.81223833647195,12.446074532343037],[92.81610847095538,12.444949183895108],[92.8099778868579,12.44289930028187],[92.81931145811838,12.435148192198938],[92.80372775496235,12.441271914939698],[92.79563818238542,12.438064519246472],[92.79929336798772,12.46482160861908],[92.78551463625735,12.474878868157324],[92.78929766919255,12.477272469241127],[92.79048418557937,12.480940353289553],[92.79039896240836,12.482813848357736],[92.78975720866433,12.483747037768419],[92.78636711410577,12.484058498934594],[92.77160810839804,12.471236033855734],[92.79795722910548,12.464231647406931],[92.78699909058626,12.437254549281803],[92.8293895638661,12.428433954462898],[92.81472607602255,12.425064555383155],[92.83369703865408,12.410655438131215],[92.81551007170361,12.417164093545454],[92.80391702729777,12.411907149758223],[92.80306882632843,12.404734295306636],[92.80220662511535,12.404921812538694],[92.80152369978522,12.40611271353332],[92.80109375261551,12.406076486446727],[92.799413050533,12.40448546033751],[92.79890969573323,12.400932873338549],[92.83815511510109,12.408804320558763],[92.82283129365848,12.374383996208055],[92.84208018875069,12.391968069488467],[92.85910779448704,12.370417610156315],[92.8584521384157,12.367857258782873],[92.85057394571331,12.367792657846902],[92.84333439229586,12.365031778166177],[92.84436407002065,12.363341296200057],[92.88307970794968,12.357204215987176],[92.89871476419724,12.33391701503961],[92.87927688872203,12.345032096197066],[92.8711900560067,12.330149401418888],[92.85681414134346,12.345383902590614],[92.84764762528481,12.343655643292307],[92.85395893604442,12.327021272118193],[92.845221593706,12.329435116911835],[92.84229766189785,12.32697884607442],[92.84284997128734,12.330221553689768],[92.84160881936492,12.32989621187338],[92.84084625928317,12.331755983536578],[92.83906042017642,12.33148487691751],[92.83915727203879,12.332951449787934],[92.83691406019673,12.332813568898208],[92.83546654998219,12.334517423168075],[92.83170903459096,12.335880037353379],[92.83161936655593,12.335719570089863],[92.84245378639925,12.32661953425217],[92.84527667480596,12.329039659324737],[92.84726385062238,12.325957300728025],[92.84795852052655,12.328282516814511],[92.8511778767906,12.326160451147246],[92.85442772457039,12.326795244949905],[92.85651046226842,12.328392791669817],[92.85986775214944,12.319337725810678],[92.83120156550719,12.302858134140276],[92.77019176433399,12.333934041876015],[92.76359600832784,12.301925941918357],[92.76220263238895,12.305168559770474],[92.76457984592197,12.31376343000372],[92.76473465798475,12.322332964504065],[92.75402467097796,12.296606193257691],[92.71918802492105,12.300280474377987],[92.69909998387753,12.328070170780022],[92.70714105371732,12.594150600907899],[92.68375560538792,12.609188423285557],[92.7023559321164,12.604930378514691],[92.71764714291756,12.643816942400338],[92.71969684507103,12.618555548235317],[92.72234260816157,12.61554508951041],[92.73258664531872,12.657251598502743],[92.77302914436282,12.670643984725084],[92.7616753913858,12.6248990362814],[92.77817756442761,12.638224140306457],[92.77859875661655,12.629860134135031],[92.78412959578598,12.624774689397746],[92.77615101635061,12.590568836105792],[92.77869914155292,12.580203930589914],[92.78578246446774,12.624775719398192],[92.78004296013252,12.65440271634528],[92.79890916123563,12.661466849409948],[92.78682369991694,12.667029185113126],[92.7968027439467,12.67533236520414],[92.78880637427545,12.704212254343728],[92.77661792739765,12.717308311828376],[92.78254821683119,12.719919857127842],[92.77920129350856,12.728492572340434],[92.78233583353845,12.7332300839572],[92.78111823544279,12.735273916463417],[92.77613648250764,12.735577885194562],[92.77445774414231,12.734077162272241],[92.77325641094322,12.729868099535366],[92.78277415031167,12.692752168546221],[92.76823387000258,12.673110752346808],[92.73181872319302,12.67499135422568],[92.74559486238546,12.722961986813832],[92.72199589529284,12.826052509697542],[92.73025478952104,12.8363853128012],[92.73503062074532,12.80739239098318],[92.73745611243662,12.804524401044759],[92.7388429468436,12.837154538314385],[92.7400400687407,12.836612021597153],[92.74155489061778,12.822000421611694],[92.74230049499852,12.820798121052832],[92.75572571990163,12.84729656194522],[92.7529113511171,12.819218408836008],[92.76565836774365,12.81914997457676],[92.77248825615386,12.84264664661348],[92.78279118775934,12.76340606250514],[92.78074158352227,12.807869436296356],[92.79185111511627,12.793600190197976],[92.80001094762653,12.812681286971394],[92.78857327403564,12.828771943327103],[92.78137613008275,12.809722361867722],[92.78515416119845,12.832422719397043],[92.78132626010975,12.859920763366611],[92.80436891402168,12.861004846324725],[92.78985989867773,12.889509097233136],[92.82191342923714,12.895993483626654],[92.84123007796305,12.890959710555622],[92.83884355069718,12.877280381645159],[92.84731006984204,12.87596742960329],[92.87356948298857,12.881170798708839],[92.89568191794906,12.898012066042158],[92.89660388767122,12.926942903834284],[92.90111406460812,12.910882102771266]]]]}},{"type":"Feature","properties":{"name":"Gujarat"},"geometry":{"type":"MultiPolygon","coordinates":[[[[69.33518592654556,22.38643801092395],[69.3327580938446,22.37262998709495],[69.32341964742707,22.38110651522971],[69.33518592654556,22.38643801092395]]],[[[71.15374984699994,20.760089406160116],[71.15086175976822,20.759646878518254],[71.15141125922753,20.763371968193404],[71.15374984699994,20.760089406160116]]],[[[72.36233490915987,22.0291490844252],[72.41293771159685,22.015371246138784],[72.44458408883858,21.963397738420912],[72.38889182187057,21.81829007191033],[72.35353628285445,21.797277215026654],[72.3108140473671,21.840984006401428],[72.29253373018727,21.967481974368088],[72.36233490915987,22.0291490844252]]],[[[71.52572478153228,20.90353423388111],[71.52843196423542,20.904060647857253],[71.53250346956455,20.902807370721792],[71.52572478153228,20.90353423388111]]],[[[71.51284868598253,20.91094634083405],[71.52456580839036,20.904786369528946],[71.50997533381646,20.903766178372532],[71.51284868598253,20.91094634083405]]],[[[69.62898697133058,22.45867380113999],[69.65686319747827,22.426763326856577],[69.6365567930572,22.405539641621488],[69.5904064490034,22.430544414201645],[69.62898697133058,22.45867380113999]]],[[[71.99384211775661,24.694944586444155],[72.08520872775027,24.706297002725535],[72.08982526431848,24.658579971140842],[72.16481841637575,24.62117683497934],[72.19657750254125,24.614623659857333],[72.23035877546299,24.64050416587431],[72.30498273700651,24.61744399493708],[72.34738276566605,24.628410384664303],[72.33608848565237,24.598605042520887],[72.27605203064908,24.607342919692673],[72.24640647642954,24.58549486424176],[72.29481839927968,24.546691275807163],[72.35373858076147,24.563651318539264],[72.38861547493639,24.50761504780175],[72.4414459402762,24.514957237335352],[72.43022803233302,24.48006569108075],[72.45725322153001,24.414694222139335],[72.50035338274891,24.41694430856642],[72.49318569994412,24.458981956375233],[72.53895701244016,24.519513533266426],[72.57595091324455,24.478750287967483],[72.68337049282387,24.463776250340135],[72.6891547018192,24.411633206712597],[72.7308703121486,24.364199530735913],[72.84977017510775,24.3719459053766],[72.91139719074634,24.33717615414597],[72.97512572156738,24.36870331801703],[72.94929431433123,24.398089874360316],[72.99111467091771,24.477796107954315],[73.03459415385022,24.464148187918234],[73.08987596529352,24.496288184520957],[73.10283914891677,24.432914230278293],[73.07651219863055,24.396508080824006],[73.15204016359057,24.35426035541654],[73.19853379883018,24.37682132878863],[73.21927252107501,24.363806407761928],[73.19857319893855,24.331844672457223],[73.17635713163192,24.33778687937104],[73.16923154657627,24.300214299984418],[73.13544619530312,24.308340995916264],[73.06745417210877,24.194596939489507],[73.12523110905096,24.12477037780891],[73.21394581686741,24.077595698339668],[73.19315662188,24.040904942145886],[73.2428035360063,24.00219505456202],[73.31671791112038,24.053544765925196],[73.32633701009726,24.109558401596118],[73.36200680315602,24.104574971973523],[73.404709662881,24.040951363950107],[73.42084164468582,23.930740835049082],[73.36113943573176,23.87261409924839],[73.35186240713021,23.79131067915264],[73.37079106450174,23.765173870007015],[73.41803513885496,23.776723257579132],[73.47353648957056,23.70514940195316],[73.50741293809838,23.702960177486517],[73.49378317758483,23.63225397153528],[73.5231029119525,23.606818364331705],[73.5726724146575,23.653683446852437],[73.6556742756448,23.621208238510203],[73.63308886151758,23.52860314431264],[73.65638382254838,23.507375936023557],[73.62722950934707,23.448492110264954],[73.69741995797666,23.456592844754255],[73.72082572979106,23.41005607925418],[73.75575044398346,23.454244401269673],[73.78629569868926,23.430148774251833],[73.82872699860216,23.447618709250325],[73.89194900357043,23.33403944943464],[73.93565834202796,23.339646009581507],[73.96237026353252,23.38082894180524],[73.98195426346341,23.33777588038268],[74.02867419959442,23.331599689379615],[74.03818695241472,23.293373672363412],[74.10685684522082,23.293674027417577],[74.13881563855205,23.265982319346996],[74.12780861910495,23.17604294558703],[74.1811945334462,23.151575054378785],[74.20294369150241,23.190240409414386],[74.2470671012036,23.184359019858878],[74.36425907277153,22.98140269237348],[74.33951956147502,22.952825875095293],[74.39323849207187,22.896778677076323],[74.44693671021322,22.921260725164107],[74.47656899990925,22.855456407097588],[74.46476351022694,22.816366552861776],[74.43376324894824,22.807979216760657],[74.37906625512794,22.634572992163744],[74.2636650104002,22.64401994259096],[74.15070557615925,22.521193336720703],[74.07466869942112,22.551332139992276],[74.03839906082298,22.53471915306794],[74.03347634247334,22.49011245156014],[74.08288702932437,22.506565642747752],[74.07566100633174,22.464115786906543],[74.10438784542534,22.464617195916915],[74.11944611678516,22.418801734112193],[74.14941732915977,22.455629585188536],[74.16048226748478,22.43114327632782],[74.18407430048174,22.441500200406846],[74.19063664634585,22.47586273586356],[74.20165674167018,22.434444079024896],[74.25575555003775,22.42892105478195],[74.29105778302493,22.39387782340396],[74.25670366971784,22.399489342001097],[74.2241843087847,22.35644252536014],[74.20373541898311,22.366472949601903],[74.19018631370739,22.320182446169856],[74.12806096125814,22.33298573447471],[74.10542048040399,22.371688475785437],[74.0649235156059,22.354460346838607],[74.05241681089426,22.294019001155178],[74.08721563338612,22.24278675340248],[74.07220858935372,22.2190845493218],[74.12248982007183,22.212369596266086],[74.12451991829086,22.097782272965542],[74.17863314821196,22.0854950159109],[74.09211643284281,22.014979057242552],[74.15063952842632,21.986524123952222],[74.14705298489154,21.948416080760623],[73.79565065973497,21.824559993053878],[73.82696585957248,21.81014570559507],[73.82407719292742,21.760976788075766],[73.89168055462419,21.691708422256287],[73.88796121044602,21.653151282631512],[73.78018821387096,21.62815462825627],[73.81394999874097,21.600706424918542],[73.85198430584953,21.497824350614025],[73.90523612687166,21.524555774418506],[73.9518013740091,21.512618068885185],[73.95699064675803,21.540803635091713],[73.98232753592183,21.521822681771436],[73.97400712326635,21.54263197903122],[74.00522172526672,21.553385168469806],[74.13665391648264,21.546343325807573],[74.1758163270267,21.568692658280778],[74.19694059092012,21.531990915808866],[74.22898414928156,21.554097745638234],[74.26337465334082,21.539831355001276],[74.29491585313413,21.56901679899728],[74.33035623802887,21.55274603204035],[74.32064057914208,21.49843300242228],[74.1007077172009,21.447636949462662],[74.06309344704782,21.4745703988482],[74.04467272768063,21.4191228221404],[73.93874618134116,21.404840248528117],[73.94198602727857,21.299084561769558],[73.87942578512894,21.26577131146178],[73.82268567290788,21.2706689064637],[73.81568687517314,21.173883008836935],[73.7401388436463,21.17103658066059],[73.71877833540957,21.13956707014782],[73.63442271778067,21.140699538065338],[73.60650315420871,21.178674611523967],[73.57718896783626,21.170581447363972],[73.61823889509913,21.118272563993077],[73.68874073034893,21.100601927977763],[73.74356566043535,21.114985151990798],[73.72973581995522,21.082238481812706],[73.78014597328968,21.064328050337675],[73.80758399854682,21.08462894068041],[73.7999488989435,21.03856101620583],[73.90113548199136,20.982149278752022],[73.88804307122292,20.933436810927294],[73.94130362656458,20.84017542346384],[73.94224786642097,20.74232113568666],[73.87428570322662,20.729568879750744],[73.8552149584283,20.692207947952525],[73.81206128816115,20.6921959878511],[73.8383569555159,20.620546915945358],[73.74465241172338,20.56477050858162],[73.6523895777236,20.564480711486148],[73.59957363544699,20.636822127381755],[73.52065576187968,20.6787291541854],[73.48929291000961,20.655653388254127],[73.47470811009333,20.720303256407487],[73.44958930762603,20.717550110004144],[73.43369662263986,20.6680222958172],[73.39203804904275,20.64597471524699],[73.43100436724177,20.59413804100042],[73.47327455161351,20.58463174785935],[73.49385174688878,20.538177262691182],[73.4196420515234,20.41296386247838],[73.3798411310518,20.393403899615986],[73.41273319850475,20.360786102361125],[73.42148213180529,20.20645756094846],[73.29948854466953,20.20946511231994],[73.24914657795674,20.122679917659923],[73.18801098749091,20.128523446943902],[73.21797072478608,20.18584925792529],[73.16854263397478,20.20815199011603],[73.13324475242683,20.205688170695193],[73.14212401151215,20.177284843703337],[73.11531667724628,20.15181219309064],[73.06049397677837,20.161815211386056],[73.06368645544916,20.227557735707624],[73.0979147704805,20.22754191843805],[73.1671452560413,20.288474268030157],[73.15140779274968,20.31719143979193],[73.10142423047907,20.30279311807459],[73.09644406666365,20.36039327634838],[73.07760629364603,20.322948061194136],[73.04257754196729,20.32502107290824],[73.03468771877694,20.291360887147214],[73.00774567854097,20.312422606888042],[73.01011703056673,20.2911022256191],[72.97327853022166,20.270271377052214],[72.93694419675343,20.29469690490893],[72.91697149849406,20.281256717404325],[72.91884773327119,20.256993097820903],[72.9580467348917,20.23399308401443],[72.96317906972298,20.208528501948418],[72.8587285290572,20.224503405019195],[72.81602880984245,20.18420408987881],[72.8244112781178,20.142094214157858],[72.78900859821044,20.149088663789268],[72.79407408670652,20.12271981512372],[72.73667141126786,20.13484977967032],[72.74004887102195,20.243118361835588],[72.77757659927718,20.336843454667942],[72.89665760032685,20.379774579698037],[72.88282652556151,20.397752839925264],[72.90411385254365,20.414881311008124],[72.85732146279337,20.41882703707105],[72.89539065687431,20.44421146554701],[72.88806502508972,20.460613697680984],[72.85555080611327,20.467484334508974],[72.90368861524097,20.575874142315307],[72.83964272849467,20.803669719535673],[72.72787542780601,21.007049086984726],[72.72139519604373,21.048449893601557],[72.75450736870759,21.052423532282596],[72.69632002744473,21.062549656159756],[72.70207909888342,21.09557917795675],[72.66498396692968,21.09959820032025],[72.64815095155522,21.075213244830515],[72.62391177582084,21.09079248923273],[72.63811836793451,21.211004748557503],[72.65741214914654,21.224548395688352],[72.62231327228176,21.24248815377794],[72.598007323874,21.317262316242612],[72.65412031950025,21.346122216172077],[72.65226213367382,21.3840367718222],[72.69849597343828,21.4647401057149],[72.65281038267824,21.459945751682294],[72.73657035169673,21.538779046923246],[72.635408614253,21.53531150534069],[72.61224675030962,21.585208394251662],[72.70004886142554,21.64545634670112],[72.80725386761951,21.657805703198783],[72.72761423365402,21.68597400354339],[72.55272560129264,21.661586980158063],[72.52778857921128,21.678164191485692],[72.54287958338338,21.733562655000643],[72.59705725035815,21.749564616838608],[72.5781687809175,21.77445981052372],[72.62223288474193,21.8094916320182],[72.63177198065796,21.916366030040116],[72.66696325823283,21.955511378999127],[72.61356910364553,21.944919562704925],[72.55824663624905,21.878889519414702],[72.51505941749932,21.88531406426164],[72.5079210341458,21.934211987739683],[72.54373192289125,22.12908984376549],[72.58041947662417,22.19742009621988],[72.64823411488928,22.21562297325007],[72.75816521422142,22.17422035075367],[72.80908567980751,22.223594167186597],[72.9132941739116,22.240439579581814],[72.93956342361048,22.309301180544207],[72.91086712364329,22.30049717516758],[72.91067676704131,22.267041953509],[72.84224346802318,22.28211286457914],[72.75582144496644,22.231715880918017],[72.73721562324343,22.27532000774753],[72.55663835454814,22.295314253716096],[72.5157750181496,22.321068315708903],[72.42725640986474,22.20951362899568],[72.40337311789982,22.25722249293913],[72.41860040278875,22.30181531737076],[72.37330104268509,22.315796065959404],[72.32350794301763,22.143570477786145],[72.26946578420853,22.059561667907065],[72.22466956780055,22.057472925640994],[72.24800925415275,22.007683643721588],[72.20684190450586,21.95135654367987],[72.20424718009647,21.890956196585684],[72.24150835574903,21.823668605074705],[72.16227887367768,21.807345328844065],[72.22329308108732,21.737939782054557],[72.22568759168111,21.69459708840257],[72.28009936590716,21.69475141745982],[72.30479518763981,21.667025294797565],[72.3086334795414,21.6250684544608],[72.23541086199332,21.455895887546472],[72.10790162080968,21.302357051635113],[72.08272757195236,21.245015886728275],[72.11211606696514,21.198516457543732],[72.00967872271626,21.134582947178252],[71.98893298373073,21.139758779756914],[72.02642245543294,21.178913292271442],[72.00948480159923,21.186089044539226],[71.97441372938917,21.12281597586455],[71.89173058437646,21.11151347266886],[71.8490100565865,21.07731397918845],[71.85651448096041,21.096861877563093],[71.82329235899734,21.09676064209254],[71.83720779185604,21.0745838403677],[71.78606579183942,21.055035327031362],[71.80469974161065,21.039636184061802],[71.75219053088443,21.059462531954384],[71.74441595974838,21.031897962325925],[71.78226830051973,21.031718051664065],[71.52961720052298,20.94284302385232],[71.5521646913722,20.959098662069696],[71.55689682135451,20.96992587476639],[71.43728097146953,20.869110326687],[71.38133795146807,20.875194757683648],[71.3844118848607,20.8573611917507],[71.07144839884641,20.735017265169077],[70.99965147233294,20.74200246022874],[70.98108358017615,20.722543936633382],[70.91956952049799,20.742952015931273],[70.83351818814155,20.697689589565307],[70.81306187556079,20.718494855906584],[70.82704420326375,20.690565348778247],[70.64829254209283,20.76258993800462],[70.65457921475917,20.768582873652047],[70.65789209193252,20.780241455569413],[70.65801228651753,20.7846588980502],[70.61386564817973,20.771435808811777],[70.54755473849629,20.804998994912854],[70.58590076190676,20.796191912901296],[70.58608599900991,20.813374398945623],[70.54571475074084,20.816471537057847],[70.5420662665706,20.801673861032654],[70.44749443260892,20.848259706530325],[70.15881591664558,21.055209931344258],[69.92361087920406,21.290290709075304],[69.72211972666496,21.539275457272957],[69.21723933959628,21.957585611796944],[68.96592263844505,22.23407549822964],[68.99878009111514,22.209431817025195],[69.0026577238363,22.225383095554555],[68.95828431748309,22.23790173212477],[68.93640797684725,22.311365598846084],[68.97181430930452,22.34564087796947],[68.95737471307079,22.365178831143464],[68.9839794125614,22.41192767485516],[69.06817556305764,22.48119258681807],[69.08368144965216,22.47439394410933],[69.03952796884684,22.44551529252315],[69.03570670181654,22.389998424928287],[69.11055001129117,22.409753121543265],[69.12123037545317,22.37544728247569],[69.19479675580256,22.421720561774336],[69.13385476036531,22.22245235050489],[69.13646527536078,22.19535640606331],[69.15650799370327,22.195052387361354],[69.19036076443682,22.24345066814979],[69.21288055483592,22.210161045586503],[69.23764942577083,22.222518496039267],[69.24057856241777,22.25818539143771],[69.32204378414467,22.291816338412232],[69.33278416025922,22.32764467904726],[69.4229845755544,22.316019208094783],[69.54049929204095,22.377026725167934],[69.59771609975907,22.345978326478832],[69.61740864043081,22.34523683434766],[69.62119278727694,22.37164882716194],[69.65542232671201,22.35938668718712],[69.66105238929616,22.396137823656932],[69.70221601632448,22.398512962733825],[69.69620210990766,22.452349827084216],[69.73074871062059,22.484376920240905],[69.75376152249873,22.41646239142997],[69.76458517783001,22.475324779987993],[69.78512850302586,22.458574610028275],[69.76546470844323,22.446588544337047],[69.78859404169522,22.434425611701037],[69.77936330328028,22.41621766105923],[69.82087554940239,22.432300093571957],[69.80351796551273,22.463004399716386],[69.82422655466969,22.47293241590277],[69.86402375431936,22.46332727641514],[69.86784294624137,22.4336582901873],[69.87146278673046,22.43659597414838],[69.87071222724259,22.4351980886016],[69.87187490503675,22.433134517059546],[69.87038476616873,22.429236466194126],[69.87067041695433,22.4277279854037],[69.87197412575651,22.43243042960249],[69.87184671949638,22.43644630480414],[69.86441454033256,22.463602680052205],[69.87118697159889,22.47104365498239],[69.9106725106422,22.452738537538604],[69.89716753151154,22.479080385160238],[69.91356858479513,22.451532423397683],[69.9264028071745,22.464293159184706],[69.8896243493247,22.495126595197643],[69.93322746110155,22.486795724248076],[69.90546546292873,22.49805327745986],[69.93231757910984,22.514596590754003],[69.9711177934229,22.499893882185702],[69.94673559870876,22.528052681257275],[69.98459477116783,22.541273915928215],[69.97712471364174,22.526998967304063],[69.98241971989627,22.513075237068783],[69.99159409801031,22.523904405352905],[69.97868021662478,22.52524209845981],[69.98636324584011,22.540952478119983],[69.98402955478434,22.543073308334076],[69.97553508635602,22.542667961850164],[70.01907897849439,22.54634348903733],[70.03942360173926,22.566355460521276],[70.12529343398408,22.55278708863174],[70.18132793482084,22.594262139584025],[70.20828503800749,22.639052703508884],[70.19382962333988,22.643138527326954],[70.22345297120559,22.660890455038],[70.21890059590825,22.717998967393655],[70.2924928692974,22.765963620522133],[70.37611168873025,22.90835360944135],[70.40923659501327,22.92588084291334],[70.39175524393872,22.89210455546157],[70.41082351208178,22.92652097326336],[70.40010167539808,22.88907484378396],[70.41926598871643,22.91854939657466],[70.41200477961242,22.892392831792662],[70.38296046421934,22.87150662894773],[70.40698911437697,22.882653133106526],[70.41726442727904,22.90153401540023],[70.4202272264946,22.918213202982027],[70.42656431710625,22.90437264507828],[70.38833644012198,22.849655985458433],[70.41237587635123,22.87204794949719],[70.39711834428839,22.84568055923797],[70.42715510493267,22.8420180556754],[70.39137047034968,22.839497827530483],[70.41399533039936,22.833979517185494],[70.3772325418631,22.817896586589338],[70.40381903340116,22.815252252007483],[70.39304799688766,22.808691738061615],[70.38811125763307,22.80321082666139],[70.38978014597129,22.800690943413546],[70.38367398976129,22.797373788164872],[70.38293980476442,22.796261301312438],[70.38289641433954,22.795043012077862],[70.46483375015559,22.860720531043384],[70.46453194676286,22.855588877696317],[70.46819180809621,22.851158325461608],[70.4618295421987,22.84162217843767],[70.46209422181403,22.840249902221036],[70.47695507401708,22.86307817771761],[70.47243115914458,22.882395952206146],[70.4830551890568,22.878757278595824],[70.47723579574674,22.905926096421542],[70.48046937862998,22.896775608578068],[70.48175837033284,22.89658418810461],[70.48297718205248,22.897421971143093],[70.48270882473437,22.900482912097104],[70.48549431088591,22.90087439172861],[70.4858930946001,22.895343726178986],[70.48967749746608,22.895285546559947],[70.48878871240883,22.89265506917433],[70.48911967242074,22.887027879821883],[70.49068458345975,22.880276072195663],[70.4901802423098,22.89528935739857],[70.4797891141097,22.90772433157207],[70.49400636742917,22.89650262118963],[70.49986777584337,22.903684877302904],[70.48301881088103,22.93538689774807],[70.4982692184054,22.914133162276205],[70.48821495304698,22.934295864827128],[70.51934160908276,22.934945450346348],[70.43238475695362,22.967433192990523],[70.5413578290864,22.959949046527658],[70.56140058515814,23.029366813066773],[70.60184826568484,23.03461963535801],[70.59652126233821,23.06103354561678],[70.629012654225,23.062833010834023],[70.68880519596738,23.11728784831618],[70.71169539948738,23.214302788657687],[70.6667235875942,23.228936473481895],[70.63586026280248,23.18542374681331],[70.50519047266654,23.176630923223733],[70.43120057888147,23.21541444986347],[70.31229596383449,23.215377137031027],[70.29410224963793,23.207535171871072],[70.30886708900512,23.181331189611875],[70.24243258551162,23.173978258517675],[70.22787358431198,23.16007051538976],[70.24531303347014,23.163460637649624],[70.23755510991295,23.137879888046776],[70.21579793529116,23.141784325284604],[70.22812013143331,23.127692939740776],[70.10779521165017,22.977792807197225],[70.03584095779111,22.952859689057597],[70.07286120348783,22.943164599210856],[70.08026932756496,22.91982928831907],[69.9270953947838,22.895854180428508],[69.68245087650648,22.799786139462423],[69.41688468329686,22.810680509805866],[69.49475209931026,22.779683625280867],[69.47181214080165,22.773563612967553],[69.3046989608236,22.837566828346915],[69.19588325915555,22.83783322576385],[69.0793067171006,22.921065510940803],[68.75947485795098,23.07959025845978],[68.58386631661922,23.22365316538585],[68.62873483752611,23.254922343990792],[68.6344578973017,23.300499714309506],[68.60130009830625,23.256111532331722],[68.540140789622,23.248295722634953],[68.54405096561094,23.300776715927228],[68.6206289569335,23.32836272686815],[68.55923953041616,23.33848287953857],[68.5808683483603,23.370890468335574],[68.50064546882356,23.369389182144307],[68.48718249311892,23.34956288166492],[68.44256175631352,23.40237472353303],[68.44979962718644,23.436776360195633],[68.41946539213076,23.406344443020522],[68.39976722441213,23.420101786122597],[68.4430258798882,23.47265003785103],[68.41828617725056,23.472702166933818],[68.48036625820274,23.51790233445587],[68.45635092377253,23.511395055381684],[68.43646142208489,23.53873574994077],[68.44161950712379,23.505733833406033],[68.41610374631891,23.486678020673015],[68.326367809433,23.49609377867267],[68.29930804587735,23.593159374247833],[68.14191159018804,23.60126988023763],[68.09495192874198,23.65295309882823],[68.10050688228691,23.67828162927666],[68.17223640910291,23.6959954558199],[68.20240910640922,23.7661069383229],[68.20844197087182,23.87500889560212],[68.28012114262457,23.93064986120628],[68.33193985342619,23.92397428474711],[68.35838042442614,23.97997822954671],[68.75294813567781,23.97116594366066],[68.76463391047547,24.295891749585902],[68.8081600159712,24.313670356207705],[68.8306358437186,24.311934180709564],[68.86472767321726,24.21274432173997],[68.94554513416581,24.302580192525248],[69.00335295967908,24.223041133554783],[69.09489665097139,24.27400419290616],[69.19383047667901,24.23621478235229],[69.31296887648203,24.281301806388107],[69.49141560273316,24.267499646379292],[69.59415155057573,24.292823060170402],[69.73152158965,24.170900891002937],[70.0251595273289,24.17099801027024],[70.06704200690884,24.199069762476885],[70.10998551990852,24.29478921312039],[70.57310409629278,24.422044460046852],[70.60255230591571,24.40787476882921],[70.56178985481516,24.353687285596266],[70.58433524809818,24.290068493479907],[70.57108390289808,24.251410612324516],[70.66777330044471,24.21925219733402],[70.80600015712854,24.220589453186925],[70.9067892940537,24.259232083479354],[70.87401519246556,24.29457302725287],[70.94693704597164,24.348467820571713],[71.04920009639415,24.35630595577511],[71.12170665065953,24.405704325878304],[71.10296839480573,24.43586399443216],[70.99847674274095,24.444094550048597],[70.9873969804171,24.54326711435242],[71.00844093582248,24.635547370429922],[71.0965508717385,24.68942178343348],[71.2875846228674,24.615840272366288],[71.34781986426331,24.66095128091065],[71.37738230096284,24.6258668575527],[71.5027008332395,24.682750312035505],[71.60787200691782,24.676964201859],[71.6553790954098,24.639065118123483],[71.79153773656051,24.677216033050723],[71.80590901412027,24.626627535649266],[71.85217618228009,24.609244983544574],[71.87176205789328,24.68164695914294],[71.91862383261777,24.671996080485446],[71.93988163107818,24.63368749093553],[71.988240847974,24.657412938716963],[71.99384211775661,24.694944586444155]],[[72.9668988980931,20.29994530781657],[72.98299324587741,20.318520788019146],[72.97855634990817,20.331941987026493],[72.95280177018842,20.3152947059377],[72.9668988980931,20.29994530781657]]],[[[69.14255077481079,22.47625895731293],[69.14479503858004,22.450260277804453],[69.11548017397955,22.466598364669636],[69.08450928491575,22.421963085202982],[69.09403367451225,22.460718047391236],[69.14255077481079,22.47625895731293]]],[[[69.81856621975881,22.504606456730777],[69.80202934928909,22.47718519782932],[69.78520092879732,22.489420882714132],[69.81856621975881,22.504606456730777]]],[[[70.00210323339769,22.552303958064474],[70.00380867328649,22.54936604905734],[69.9960771566054,22.549049179013974],[70.00210323339769,22.552303958064474]]],[[[68.5398012084783,23.3472826418653],[68.55437743397518,23.329090771646726],[68.52016794942882,23.28869957439064],[68.49759345252723,23.332718155445598],[68.5398012084783,23.3472826418653]]],[[[69.97079491016368,22.569598110117617],[69.97936855879608,22.570548816998265],[69.97304302860384,22.579023391884448],[69.97303280847083,22.581616417607513],[70.00060032318127,22.554023019835682],[69.96532113826932,22.545892195666593],[69.94484791759825,22.567817200466763],[69.97169810419814,22.586701599473546],[69.97079491016368,22.569598110117617]]],[[[69.99017667776452,22.596812867546934],[70.03867505178268,22.57363134730511],[70.00170006410828,22.55445562375377],[69.98543050352106,22.588445712435078],[69.98833577552413,22.59048385762897],[69.99421473701899,22.57375507354181],[69.99683851833456,22.5720039511159],[70.00005116508177,22.571906947408475],[69.99017667776452,22.596812867546934]]]]}},{"type":"Feature","properties":{"name":"Lakshadweep"},"geometry":{"type":"MultiPolygon","coordinates":[[[[73.0106935827908,8.276563155469868],[73.01201870114114,8.277056226999388],[73.01174682332548,8.276292190861232],[73.0106935827908,8.276563155469868]]],[[[73.05415940594108,8.2733461779941],[73.04276099411801,8.26400355433456],[73.02148402291448,8.268496711267279],[73.0177555940738,8.275430515926416],[73.04776019323428,8.275469794695674],[73.06364173102611,8.293877415265628],[73.06865477587588,8.309136068808474],[73.07493938780694,8.3206468766763],[73.07842503706058,8.32429621929929],[73.05415940594108,8.2733461779941]]],[[[72.28870268858832,10.045593591708945],[72.28553691233937,10.046325471857559],[72.29054787848757,10.053170441056832],[72.28870268858832,10.045593591708945]]],[[[73.01402196308938,8.302310703402076],[73.0136318085918,8.302143309102657],[73.01370422268516,8.302382932816673],[73.01402196308938,8.302310703402076]]],[[[73.64787267959179,10.081304750681385],[73.64124807149531,10.057220333843803],[73.65126279391328,10.101954018604577],[73.64787267959179,10.081304750681385]]],[[[72.33607262679432,10.107510370142034],[72.33572682571561,10.102167518853427],[72.33432669264913,10.100937732129182],[72.33607262679432,10.107510370142034]]],[[[73.6526784893937,10.10919594907504],[73.65213109378881,10.108730051673337],[73.65219466576484,10.109503029246067],[73.6526784893937,10.10919594907504]]],[[[73.66007082468141,10.129234594729915],[73.66425932210154,10.141149881283047],[73.66144314860159,10.129885288935082],[73.66007082468141,10.129234594729915]]],[[[72.64064137085157,10.579268958622968],[72.64971359165321,10.563564987337987],[72.61722303160637,10.542192849615512],[72.64064137085157,10.579268958622968]]],[[[73.67181031693643,10.803994770794292],[73.69950170213801,10.816388802570449],[73.70181398634055,10.814317624785094],[73.67181031693643,10.803994770794292]]],[[[72.16665862781167,10.814737729182623],[72.16887611909054,10.812870363921968],[72.16485241221936,10.812979572554536],[72.16665862781167,10.814737729182623]]],[[[72.17011145801473,10.818217640168967],[72.20282953706852,10.869389870217889],[72.17972385466132,10.828857244244919],[72.17011145801473,10.818217640168967]]],[[[72.28471428101628,10.937575430821752],[72.29350371396305,10.946111321817018],[72.28955857913651,10.93572012419158],[72.28471428101628,10.937575430821752]]],[[[72.31706680144495,10.949681587186236],[72.32055607270583,10.946051081391706],[72.31541565213864,10.943625823905835],[72.31706680144495,10.949681587186236]]],[[[72.33311544923582,10.952872357226811],[72.33147376727429,10.950595119990489],[72.33035578964869,10.951524017167948],[72.33311544923582,10.952872357226811]]],[[[72.33301012087045,10.954960534706252],[72.33444073377446,10.953454089147233],[72.3338928458928,10.953086810685585],[72.33301012087045,10.954960534706252]]],[[[72.33542385181804,10.957858549132595],[72.33437475431347,10.956427580715456],[72.33416242761463,10.959284143190365],[72.33542385181804,10.957858549132595]]],[[[72.731277330719,11.125703857715168],[72.71860418615152,11.127308468591883],[72.73372523627496,11.136406714614768],[72.731277330719,11.125703857715168]]],[[[72.76214308545356,11.18288706396913],[72.7795187712945,11.242649569274318],[72.79026931004985,11.260457284932254],[72.77714238870317,11.21744853213181],[72.76214308545356,11.18288706396913]]],[[[73.00832373454483,11.469653825843618],[72.99809604852251,11.49710494669734],[72.99947047629709,11.498325755409589],[73.0098646399045,11.487487391766182],[73.00832373454483,11.469653825843618]]],[[[72.1883580982529,11.601233461787896],[72.1867243924328,11.598729275860007],[72.18526664411897,11.601685934268332],[72.1883580982529,11.601233461787896]]],[[[72.71744418982853,11.69474497922554],[72.70573465459158,11.682515495630067],[72.71656333240362,11.703947521643276],[72.71744418982853,11.69474497922554]]],[[[72.33176027325607,10.132992372943374],[72.32736741090541,10.129849828023387],[72.32810509843357,10.138719144849473],[72.33176027325607,10.132992372943374]]],[[[73.63108639368009,10.068150864856591],[73.63093036889163,10.067902123745048],[73.63080768687159,10.067965576503886],[73.63108639368009,10.068150864856591]]],[[[73.63016459194286,10.068060618524083],[73.63050685096442,10.067979255905199],[73.63021032068241,10.067902309486325],[73.63016459194286,10.068060618524083]]],[[[73.63473858519748,10.072304295132584],[73.6339461184033,10.071397587090674],[73.63367489545948,10.072163075266783],[73.63473858519748,10.072304295132584]]],[[[73.6285996252083,10.07415839604823],[73.6279704164372,10.07251289561642],[73.6263148060972,10.07248145271603],[73.62775182668418,10.074249213808187],[73.6285996252083,10.07415839604823]]],[[[73.63053559615521,10.074638925641679],[73.62987299161512,10.07448229146973],[73.63054832528277,10.074974682998237],[73.63053559615521,10.074638925641679]]],[[[73.63239518964171,10.068923640887494],[73.63210804136452,10.06865258581863],[73.63219448085438,10.068910127808351],[73.63239518964171,10.068923640887494]]],[[[73.6318106540897,10.069231392753018],[73.63177910346027,10.068964744419354],[73.63144165761199,10.069041343869024],[73.6318106540897,10.069231392753018]]],[[[73.63065671330999,10.069122978639601],[73.63059280985564,10.068810665407991],[73.6304383840684,10.068855976424459],[73.63065671330999,10.069122978639601]]],[[[73.63307040652838,10.069972662022305],[73.63297931286698,10.06879257425606],[73.63241378207313,10.069010007652313],[73.63307040652838,10.069972662022305]]],[[[73.6320578363199,10.068394936601162],[73.63162924919953,10.068254672033],[73.63198910082762,10.068521597795902],[73.6320578363199,10.068394936601162]]],[[[73.63018702107885,10.068516904741431],[73.63006005139997,10.0682367772048],[73.62993694178185,10.068345082824752],[73.63018702107885,10.068516904741431]]],[[[73.63135929647352,10.068281953860684],[73.63046575663343,10.068607387102624],[73.63179787645308,10.068670768964338],[73.63135929647352,10.068281953860684]]]]}},{"type":"Feature","properties":{"name":"Odisha"},"geometry":{"type":"Polygon","coordinates":[[[86.80543917098022,20.73295742681144],[86.86086761442738,20.774791014142153],[87.02212846795871,20.77034770870425],[87.05564963997816,20.715043005856153],[86.76549765967509,20.50403564403937],[86.75217704268849,20.51796814097646],[86.70969325690847,20.39625431550689],[86.7247498232659,20.378210626680808],[86.73629982040329,20.3971345802481],[86.74383967612863,20.378845180073583],[86.78560139967652,20.383791595549074],[86.79673811249441,20.49269645367139],[86.81022044419848,20.45130517389841],[86.7916930678576,20.387548597001935],[86.80521008980297,20.399061071699045],[86.80982579722614,20.375040004996052],[86.78313428634314,20.33000180079714],[86.52376595116439,20.173483477510413],[86.37272760576606,19.957990975443384],[86.41105898573907,19.97470306473239],[86.39291784724115,19.95809002537081],[85.7808179973906,19.78146483125906],[85.34612782449123,19.584797515549113],[84.93016157392698,19.276244772179115],[84.816611962714,19.16498131877616],[84.76511398819808,19.07691680817284],[84.70069331982369,19.11875010678612],[84.7099086036225,19.159177213773813],[84.66879067748589,19.166945533448175],[84.66520619019481,19.13074747677233],[84.59339876417232,19.133345877919794],[84.62338454542422,19.08580720870935],[84.6568618095892,19.09530797625995],[84.66874910974278,19.077207862171615],[84.61620547647318,19.06677340281496],[84.59881131408343,19.025706049819526],[84.57075204092524,19.074633038538536],[84.5142703425704,19.0493576440467],[84.47395560102768,18.99029928438464],[84.41904914074435,19.022907913238306],[84.4499928952967,18.978590426342784],[84.4222003526076,18.948423481024],[84.43604308301376,18.921814217413676],[84.41603662965927,18.89847370252415],[84.37681653469758,18.90544321091519],[84.39535283849573,18.891936526750353],[84.39011526333397,18.877531662506286],[84.35812168992989,18.89555134147566],[84.37231564005253,18.86272573313972],[84.33065589325571,18.88304619065548],[84.36290633362708,18.839975999038625],[84.31897995411211,18.787960366782166],[84.22428743059369,18.79971534502565],[84.08924055881165,18.758482556064166],[84.03648167123366,18.817339839618054],[83.89116658413862,18.81541834118213],[83.84611459760636,18.86892658642015],[83.7927209532621,19.018880704893114],[83.74318350514135,18.989813886682605],[83.77626052133824,18.91230221324329],[83.70974210621404,19.001988541300154],[83.73012450810818,19.021789103675395],[83.70024572069822,19.02528487851423],[83.62410001306341,19.163592843438774],[83.5825269959123,19.058880399463007],[83.54711698844721,19.081436713945596],[83.53529086356451,19.01165681208011],[83.50103719987248,19.020494433612406],[83.51181680811045,19.07014992940828],[83.46606179374861,19.09403203523366],[83.48142738595364,19.03446840462814],[83.47775605313412,19.009394238763814],[83.44807517176775,19.010831364041497],[83.4598989843869,18.955696592565207],[83.39869707849019,19.010284920123887],[83.34100597467508,19.01897895861187],[83.33687994250654,18.997860441822862],[83.30881325285733,18.999777944784782],[83.33212637961985,18.926474642491886],[83.36600185976376,18.963013661969782],[83.35171615392134,18.93092502402002],[83.41282106422526,18.874488968695275],[83.40393298458218,18.843273500597466],[83.28266012837526,18.798766471891156],[83.2694531482721,18.76534844930679],[83.22272297673673,18.776025240536658],[83.21055831724765,18.73152381196543],[83.13715228258316,18.786304298858674],[83.05615005524864,18.666285122878023],[83.01126875131528,18.647001822368388],[82.99901562933026,18.608616912811367],[83.05098697917003,18.60021506323978],[83.02793979056254,18.574538058898447],[83.04313656417284,18.545431137449036],[83.0931547043954,18.54761711508343],[83.01908458566558,18.457197059706576],[83.04066097164153,18.425181260947326],[83.06543546692843,18.431049054777127],[83.07528774519692,18.40408646574016],[83.05272953654804,18.38071589462449],[83.02017247691569,18.392431542626237],[82.9379780477569,18.361563317200115],[82.89416304855737,18.381603083078765],[82.89496930269456,18.424137212550118],[82.80141166668864,18.449984251567216],[82.78043674142296,18.431519639272675],[82.79780635644926,18.407484706200666],[82.77253979728734,18.341164831838533],[82.64092846763074,18.302768957062817],[82.63597050657587,18.237452308413005],[82.58607040228674,18.27680308089274],[82.59693345233646,18.304919750818726],[82.5795822518752,18.315898254937878],[82.62120006261964,18.35974202224911],[82.53550225056516,18.406203489916038],[82.5613695625649,18.44852286590551],[82.51939428072791,18.465629028468385],[82.53213553825515,18.51102034903489],[82.48105439191252,18.549439932056053],[82.36250511086604,18.422271010876628],[82.38383817736748,18.368237917298472],[82.3365136121682,18.327441676227068],[82.38725789297425,18.32924170580266],[82.39063778356947,18.298686835370855],[82.34297139682813,18.28128594218252],[82.33537770596615,18.22504555579189],[82.3091767830261,18.20483256154162],[82.37065397404838,18.14890461313267],[82.33809893652372,18.150574045859052],[82.33906238864907,18.05553891647837],[82.3065047100775,18.045647571824468],[82.28971206589024,18.06964297427427],[82.25993648502491,18.042587525275167],[82.2645422418097,17.99562388457612],[82.18590387185654,18.01585594529825],[82.16715808901894,18.05268919860622],[82.03065173786955,18.07004227499658],[81.96220349178341,18.000978481455434],[81.80816898733315,17.95644373876537],[81.72586691125721,17.87907717666042],[81.70089081964751,17.902841327230014],[81.67156063787313,17.88806559646563],[81.6172208213963,17.823140620344567],[81.57440410559896,17.838759992608765],[81.49234777804205,17.812725617756946],[81.47655948807166,17.838476701827684],[81.39098720839165,17.81654164269295],[81.40018085806348,17.893599126512225],[81.44461545226393,17.885784163550777],[81.4829333934403,17.976845168158466],[81.48080294621752,18.05135768910434],[81.52579933062698,18.153430815353556],[81.50698614629533,18.186226295724946],[81.52545844602781,18.258126301172616],[81.5975804674527,18.30893663181001],[81.66221202611982,18.32125465549455],[81.65912380142935,18.346589163526033],[81.75027962802977,18.353626915699266],[81.76952546435845,18.41894303332526],[81.86822960522095,18.524949291866903],[81.90916754400887,18.537942234158056],[81.91067234338236,18.57066299241723],[81.96362219662007,18.59047144009687],[81.89473900423967,18.629150540607235],[81.89375171082665,18.657486626209238],[81.94892503722468,18.643737726187936],[81.97096627351239,18.69866453450891],[82.08495505489806,18.718621229132385],[82.09156022524839,18.76575849826301],[82.13339788967545,18.765392287391602],[82.1654155172679,18.798652727171643],[82.17612699547807,18.902696742474888],[82.24603383070111,18.91913875485334],[82.23274170108883,19.017963814876172],[82.20223527516286,19.066665350675127],[82.21839627794127,19.097295052238536],[82.20579752915069,19.124155926654094],[82.16607750376706,19.132724933802457],[82.18612139800429,19.16637320365597],[82.15840837777738,19.265192186809745],[82.19410481486746,19.325960048412174],[82.14709371049832,19.365355922742836],[82.17881801838757,19.37907509941037],[82.18942651553022,19.427553439517677],[82.12612569687047,19.429109441147872],[82.10023979693088,19.516612249820657],[82.02904306629979,19.507686229696624],[82.05069570846355,19.54884134638083],[82.04473712209854,19.70889866193498],[82.06553438485554,19.790679113242966],[81.9859350205676,19.801134596427126],[81.96811967766703,19.859915181419673],[81.85314535548144,19.918497323247603],[81.87090725041924,20.044190476506557],[81.94637148080817,20.105152059670246],[82.03254630187175,20.015765611927268],[82.0704538854398,20.056992901859],[82.18424051175059,19.984210503921087],[82.23746355254764,20.00350022584957],[82.34530735163847,19.83585321507943],[82.44597468240096,19.910214226114373],[82.60341134129249,19.86701358231972],[82.57576982965719,19.833418150652356],[82.59179414927354,19.775886723505767],[82.65214025894515,19.832189827268373],[82.70731088860069,19.835062856041258],[82.72456497129826,19.875561779108892],[82.7073891237771,19.90206478995877],[82.71538570994237,19.994747115587636],[82.59672327979766,19.98998264312398],[82.39920885224039,20.056617434003563],[82.38671112619004,20.144909734410778],[82.42173572226224,20.204317087199144],[82.41134042767588,20.264333810076547],[82.4378906326664,20.293428513262167],[82.40028212879913,20.340818290196133],[82.4380102514313,20.434212532355748],[82.41856357875456,20.480347489899014],[82.39698023981833,20.45816748993604],[82.38955864909677,20.516949990755396],[82.33212392895531,20.562050965307158],[82.37653962889041,20.632422753199364],[82.34564195342054,20.731603999167408],[82.3508196432922,20.889519216547434],[82.40637903146339,20.868945951940983],[82.42089044710578,20.83030472016794],[82.46539622560596,20.827770118833804],[82.48808025588677,20.90866971505584],[82.56013834061964,20.946726216297844],[82.62934201955406,21.03846090646776],[82.61180789694811,21.07368755878482],[82.64999919094079,21.106368744032892],[82.64047106165772,21.154754071474265],[82.75589593836563,21.166907249492773],[82.79379389019724,21.14269280703329],[82.85098242703508,21.168536412934436],[82.88227726745495,21.148333867921345],[82.94778625827078,21.161682546248006],[82.96503810057008,21.193180272125264],[83.00338470249557,21.168209466198732],[82.99049785231526,21.139712502966162],[83.13135073250962,21.10575245468633],[83.19821405129557,21.14534786279452],[83.22202654703294,21.266048493170597],[83.27141820846452,21.272848827947403],[83.26884265410331,21.378502906719753],[83.40629729022284,21.351182434587873],[83.39869784295648,21.405242141988477],[83.35399754416298,21.4480098828021],[83.33800013178436,21.502017817206017],[83.38268562364703,21.620242233603808],[83.44315553194457,21.655478434451386],[83.45622973386222,21.609917952860528],[83.48973523117827,21.63138744802249],[83.41814587478427,21.679862390506457],[83.46082449706456,21.697633167445748],[83.49067483033794,21.744493567390396],[83.46888663239775,21.78732663065116],[83.493323404257,21.81815724183876],[83.54242521797399,21.798435365250587],[83.53208189362175,21.831605813618904],[83.5909167162869,21.851214536987836],[83.57607416096957,21.882969342593366],[83.60574219103746,21.914087656654992],[83.53913848536865,21.965923160605715],[83.55556616471723,22.006976831772892],[83.53655195539129,22.039487764025246],[83.60660580979207,22.06662680967778],[83.56271110128073,22.102961067851016],[83.64964634802895,22.22328513864336],[83.75788786543201,22.240285167111214],[83.86421789636958,22.343296202898372],[84.0104383271675,22.371535451923382],[84.04739541950312,22.4691756769261],[83.98008482145237,22.50234620354152],[83.98720777624087,22.526009934066387],[84.13396952554082,22.47813908912924],[84.1562836700118,22.40768782229489],[84.29146180541981,22.342853962984957],[84.42940672675005,22.35248877541007],[84.43095998843644,22.372985750188214],[84.48524827126036,22.38930724891956],[84.48018727793401,22.413308653303126],[84.53525364911765,22.427038544859293],[84.74991217683566,22.41894310914081],[84.75903844657296,22.44665163292526],[84.81020759098254,22.453307029244222],[84.83685714515188,22.431456752136437],[84.88007195116398,22.44890457088816],[84.8861708723427,22.42014446430549],[85.0671553671192,22.48425962300972],[85.0765394955639,22.356134097793024],[85.11695447022772,22.294448911762544],[85.07017923829936,22.273388272588587],[85.02840858549756,22.1221975928511],[84.98687162582365,22.08264074282158],[85.03924847428435,22.115502740464603],[85.09848362217275,22.105899513858052],[85.12187309854787,22.070817634807266],[85.15477500165484,22.078482254133256],[85.17404711550223,22.051574660862553],[85.18101174132359,22.072814645949585],[85.23809902904574,22.009334106891856],[85.31055217128102,22.118806244823627],[85.36649580393347,22.122948469490314],[85.37103698083251,22.160975997934827],[85.42325705261487,22.15803138165587],[85.54513621504468,22.089692068493235],[85.65157874380189,22.09543173106988],[85.68523388247797,22.05451656887416],[85.80737954720483,22.11609986694699],[85.83830882810135,22.079510595586594],[85.7955999056465,22.08073310943463],[85.76599721723575,21.994906527953567],[85.90725576493429,21.970345717921315],[86.00920589082082,22.115811466695508],[85.99671424007674,22.13244023602479],[86.03125535118492,22.189993176891246],[85.97383534544785,22.247066035462502],[86.04874309197615,22.307983710692653],[85.99799471305576,22.34160496804155],[86.02703101008665,22.395107230775547],[86.01806694285197,22.42573151211239],[85.95708126863066,22.46481039428924],[86.0468691856322,22.56732884175727],[86.11845421214656,22.486686478551857],[86.28337679460873,22.447826514918233],[86.3595238991238,22.34876696529971],[86.43273436605931,22.306492745669704],[86.4968712530422,22.347209692336264],[86.53435877450194,22.30113846386513],[86.58484001242311,22.30060113499659],[86.5956428681623,22.277636725367216],[86.64662949107581,22.26768052096454],[86.65604756236348,22.23579119885483],[86.72528721972334,22.21876876563337],[86.72179973521159,22.146751420454276],[86.7947972205764,22.157188461609596],[86.8378106072338,22.097698544082153],[86.96497931955113,22.08587415961668],[87.02816239243333,22.03790301845277],[87.0016816622486,21.91391439788504],[87.03772648217551,21.868135077847846],[87.0986015953449,21.865816676923544],[87.0963589629162,21.91396528994116],[87.1614937461274,21.935582736987325],[87.1701418049097,21.979415026240474],[87.23585723396775,21.9570629294005],[87.276530395224,21.805178446021213],[87.35544292471371,21.791066551516728],[87.36925979891099,21.764599708580242],[87.44438053689146,21.768220846583294],[87.44434270883485,21.73401115363396],[87.46919241826387,21.73221446872666],[87.46176092451465,21.651143499590365],[87.48415849013618,21.60269413029223],[87.40762629492677,21.545671568738697],[87.38202593617838,21.57368970442555],[87.33603575814648,21.577122392750642],[87.3941124691872,21.532968799422626],[87.23552512770551,21.538282641560713],[87.14782031132137,21.508681513619223],[86.94908877614861,21.358558769543084],[86.84080567752767,21.157761450051293],[86.87277208587756,21.044561957342108],[86.9767865591516,20.860882187502682],[86.97182777164669,20.793915705365876],[86.86571065490622,20.783784208173607],[86.80543917098022,20.73295742681144]]]}},{"type":"Feature","properties":{"name":"Dadra and Nagar Haveli and Daman and Diu"},"geometry":{"type":"MultiPolygon","coordinates":[[[[73.2106581122849,20.120451386782353],[73.19230409192926,20.049487504853765],[73.06429430048615,20.098514077299093],[73.03961630851526,20.06708978826351],[73.00130682318067,20.11167468657601],[73.01146013947728,20.134606660107472],[72.97757024137302,20.11274990172883],[72.96439200915559,20.12595439848203],[72.96609383781697,20.22383108268311],[72.91220701299183,20.275463615834948],[72.93250147431122,20.295301003642987],[72.97327853022166,20.270271377052214],[73.01011703056673,20.2911022256191],[73.00774567854097,20.312422606888042],[73.03468771877694,20.291360887147214],[73.04257754196729,20.32502107290824],[73.07760629364603,20.322948061194136],[73.09677450116112,20.360343666237927],[73.10142423047907,20.30279311807459],[73.15140779274968,20.31719143979193],[73.1671452560413,20.288474268030157],[73.0979147704805,20.22754191843805],[73.06368645544916,20.227557735707624],[73.06049397677837,20.161815211386056],[73.11531667724628,20.15181219309064],[73.14212401151215,20.177284843703337],[73.13324475242683,20.205688170695193],[73.16854263397478,20.20815199011603],[73.21797072478608,20.18584925792529],[73.18563334635985,20.15576018015805],[73.2106581122849,20.120451386782353]]],[[[72.86666935589442,20.463294156603894],[72.89539065687431,20.44421146554701],[72.85732146279337,20.41882703707105],[72.90411385254365,20.414881311008124],[72.88282652556151,20.397752839925264],[72.89665760032685,20.379774579698037],[72.82123644146087,20.367663040128463],[72.83240218064222,20.44638675639071],[72.86666935589442,20.463294156603894]]],[[[70.92774330025134,20.736749433313427],[70.98135269207908,20.722543025017824],[70.9993788327459,20.74188322107272],[71.0074547796766,20.737382930228392],[70.97683132752366,20.702082808370932],[70.87605257332658,20.709123500014165],[70.92774330025134,20.736749433313427]]]]}},{"type":"Feature","properties":{"name":"Jammu & Kashmir"},"geometry":{"type":"Polygon","coordinates":[[[74.53921514615291,35.059062710165904],[74.53540800872378,35.03146096222798],[74.58728025821796,35.00956992126686],[74.57616138718748,34.89933463448614],[74.66600781900013,34.90152199000005],[74.7436778870001,34.82889366400019],[74.79613924900002,34.844291414000054],[74.9010619720001,34.80695527600011],[74.92804210100013,34.77534219600011],[75.01388796600003,34.83761451300012],[75.07098227900008,34.82834861100014],[75.07616028400014,34.904383519000135],[75.14524576500008,34.86473090600009],[75.14592708200007,34.8336628780001],[75.23231799900009,34.8020497980001],[75.26235653000009,34.72059117500015],[75.20752292800017,34.638905107000085],[75.24519699900009,34.63487413700017],[75.25397831300012,34.60294264800018],[75.36333544300015,34.53813084300003],[75.32860708200008,34.43735658000003],[75.37186249600018,34.41301571900004],[75.39530355637544,34.29298436387256],[75.47435319752356,34.28094312281712],[75.49711334026188,34.23340097029404],[75.5992774520002,34.195430130000034],[75.68718981900014,34.19741460800009],[75.66853572700018,34.14482594600008],[75.7376947790001,34.056615908000026],[75.84356667000014,34.00372957400009],[75.8197529360001,33.97039034699998],[75.83255281800012,33.95689589799997],[75.96581050300011,33.95362150900007],[76.02455104600017,33.98061040800013],[76.04935701900013,33.93536431400014],[76.03342615800011,33.91957066100014],[76.13739961700014,33.87613385200018],[76.16190607700008,33.79996965700008],[76.26542427746165,33.74647749401953],[76.28447828844293,33.66133193881592],[76.22932975824176,33.62992171105083],[76.2402987466129,33.60493870635918],[76.20540009793677,33.56929806377565],[76.22498891732909,33.54768598630204],[76.30974540456037,33.5715663214915],[76.30646855611803,33.60965155003413],[76.35860731868922,33.60378647435141],[76.37988398446544,33.55302378247478],[76.41516021212357,33.539182676017504],[76.448756452758,33.56378478346193],[76.45912596300082,33.53399215073222],[76.5693064669951,33.4663465855935],[76.581567504036,33.42604534680498],[76.62838297959087,33.435229389453184],[76.6591707542704,33.3566052254464],[76.71742260714723,33.32913720610503],[76.73697224831517,33.261204626562574],[76.77926391769341,33.23912474907337],[76.74690857026673,33.17921068170307],[76.64952051070264,33.16245644928813],[76.56742136584614,33.210284081412226],[76.4867616140271,33.179453997197754],[76.41009236734646,33.186489241450715],[76.29180442687732,33.10318873931635],[76.27841568974452,33.03781456774453],[76.11230620551828,33.00632592169319],[76.08810323907642,32.95622811457076],[75.95393750589182,32.87339814172873],[75.92453687553791,32.90624140390031],[75.84234733051937,32.92931310249139],[75.80132993843955,32.88567090304389],[75.92609837387721,32.74561971500924],[75.88932620782765,32.6532331753001],[75.9365147923474,32.64817938629187],[75.93045573929948,32.63188592445522],[75.8205481264203,32.49230374520101],[75.72852439879642,32.4526936649433],[75.74374282360174,32.43203983048352],[75.72249291324772,32.40545692021209],[75.55090869592976,32.34938649077645],[75.5334260387047,32.277654533302666],[75.48209885278902,32.3204384687096],[75.48914421110317,32.3459946156222],[75.43102006182892,32.31594404669812],[75.34140744027542,32.346092764438254],[75.32690647563305,32.327945111954705],[75.25651131083151,32.38934948266444],[75.19297018474845,32.40110758869781],[75.19114951616154,32.42615931574437],[75.13186841764968,32.40883287429426],[75.10785965619255,32.47358395633478],[75.02686557927257,32.49648507965941],[75.01463416058476,32.46385035685],[74.95208050937441,32.44622806821451],[74.87700028990491,32.49317354901791],[74.68803288491489,32.48604878839342],[74.68964273866754,32.534724628358504],[74.66160971428201,32.54606870867525],[74.67280190525531,32.568309530220574],[74.65177936748285,32.56338404604145],[74.65886302277437,32.59705341944351],[74.63774828012458,32.613257548977856],[74.69513493231358,32.66059097732108],[74.65291813841236,32.69702885275592],[74.70460284662482,32.841830556849686],[74.64081663587768,32.81922329708448],[74.65899452804717,32.78748723608254],[74.63159579599886,32.775429745602025],[74.63504482453152,32.75031929341333],[74.51334718467126,32.74433671989817],[74.4596100326471,32.78857090006386],[74.36991527004233,32.758684604977304],[74.30837176897899,32.792208218428414],[74.30088456980064,32.82297936540806],[74.21651264325772,32.8449371285576],[74.17736143650205,32.88266539559669],[73.98742880611229,32.93539311846956],[73.99645034127064,32.95982038800361],[73.95749773136293,32.98660019325217],[73.82881753261319,33.00709546293939],[73.7856447731462,32.96538802991893],[73.78790034490828,32.998120789598715],[73.73446586764283,33.066296960500324],[73.62710565951721,33.08954648927238],[73.6568957948868,33.207705155934946],[73.60484505284052,33.25132817325516],[73.59005162638601,33.33656218235467],[73.5577569538683,33.36805806603127],[73.5871361189786,33.4431453809114],[73.62411811351217,33.45716751446844],[73.59576680613998,33.50008498864065],[73.63233140566325,33.53311609595431],[73.6029663755441,33.60722502162605],[73.56058956833465,33.62106245944756],[73.56238597252752,33.675488377441525],[73.59684169786954,33.715836286507965],[73.55759834103361,33.78317668733507],[73.58911646849708,33.883919431646746],[73.51570815121357,34.00009079879004],[73.47780577428091,34.29017050811865],[73.45304755377197,34.27784192599938],[73.42428333847431,34.35299704509487],[73.3900754439461,34.374199166582514],[73.41941345363972,34.417295461971946],[73.44208418346454,34.56486119524652],[73.55656873697063,34.59296311191878],[73.65006238508062,34.56778986270831],[73.6954326716675,34.65356773556488],[73.66664767833743,34.68416942696729],[73.74926615722603,34.78665564482708],[73.91731438639675,34.813989356167326],[73.97352731600512,34.86484441673548],[74.02871013130743,34.87645935447739],[74.07316230463977,34.93947844829364],[74.05966406646706,34.993129910268465],[74.10736941224388,35.018995199397466],[74.06550075953282,35.04802250136629],[74.09429201861207,35.09697758072355],[74.22227094034878,35.08618856542637],[74.26867043034991,35.03503015374844],[74.30840742850245,35.060014494203756],[74.38026715084766,35.05763503352745],[74.42975994012221,35.112838528779605],[74.47259023844674,35.11569388207192],[74.53921514615291,35.059062710165904]]]}},{"type":"Feature","properties":{"name":"Chhattisgarh"},"geometry":{"type":"Polygon","coordinates":[[[83.32474133775393,24.10417754662475],[83.43163897100038,24.085986109525347],[83.45146746180886,24.042779431169237],[83.51569460522329,24.027215443705277],[83.55341841414547,23.898117768508254],[83.58573195577566,23.88645259002758],[83.5711641376115,23.862185231071756],[83.7053201159903,23.820808402102383],[83.74604055737659,23.71954646115311],[83.72283233497467,23.685916081925004],[83.775292268616,23.609006171930996],[83.93766469478497,23.56904559312921],[83.93187719975235,23.62046688118928],[84.01656153699483,23.63442871038149],[84.02802633521576,23.545656300460713],[83.9709766276152,23.466976452031734],[83.98166800152931,23.422327063764264],[83.96231531239421,23.385400324564767],[84.00568119437588,23.35392514127998],[84.05096010343377,23.37456175640953],[84.07472554451823,23.33332629388237],[84.03743837611297,23.1399337131614],[84.13342901552258,23.083145795919922],[84.14946053423759,22.965434004204027],[84.17828193359128,22.979852419393787],[84.18576980470945,23.027148406956908],[84.21918319326785,22.97881777742111],[84.27739070170887,22.992975765127504],[84.28412534983434,22.963448268860155],[84.37519365806823,22.978463154179703],[84.39602101348888,22.938369716648317],[84.38056942017184,22.877242756080783],[84.3241858169477,22.85100062706853],[84.28933310811522,22.766285621991564],[84.23183011691047,22.741890303632342],[84.22027279131699,22.667262675380012],[84.15243506185752,22.63685784540541],[84.08398421964023,22.63817298754026],[84.01155146467033,22.575993174632288],[84.0120248301127,22.527377743232865],[83.97462941830894,22.511941890580797],[84.04739541950312,22.4691756769261],[84.04739456790024,22.438186737337873],[84.0104383271675,22.371535451923382],[83.86421789636958,22.343296202898372],[83.75788786543201,22.240285167111214],[83.69160812908555,22.244069617598225],[83.6273875415761,22.203726541375374],[83.5619439741641,22.09885749253788],[83.6065549426891,22.06652654528169],[83.5368489914248,22.04342249675362],[83.55556616471723,22.006976831772892],[83.53913848536865,21.965923160605715],[83.60574219103746,21.914087656654992],[83.57607416096957,21.882969342593366],[83.5909167162869,21.851214536987836],[83.53208189362175,21.831605813618904],[83.54242521797399,21.798435365250587],[83.493323404257,21.81815724183876],[83.46888663239775,21.78732663065116],[83.49067483033794,21.744493567390396],[83.46082449706456,21.697633167445748],[83.41814587478427,21.679862390506457],[83.48973523117827,21.63138744802249],[83.45622973386222,21.609917952860528],[83.44315553194457,21.655478434451386],[83.38268562364703,21.620242233603808],[83.33800013178436,21.502017817206017],[83.40690795596984,21.352040503697367],[83.3789992135038,21.344465140701434],[83.28416535983837,21.38024100153041],[83.26884265410331,21.378502906719753],[83.25761527073051,21.318559605950117],[83.27870848884773,21.289226314267303],[83.22202654703294,21.266048493170597],[83.1921762101663,21.13909519423097],[83.13135073250962,21.10575245468633],[83.07791950804375,21.1118525282051],[82.99042631138435,21.139762976606665],[83.00338470249557,21.168209466198732],[82.96503810057008,21.193180272125264],[82.94778625827078,21.161682546248006],[82.88227726745495,21.148333867921345],[82.85098242703508,21.168536412934436],[82.79379389019724,21.14269280703329],[82.75589593836563,21.166907249492773],[82.64047106165772,21.154754071474265],[82.64999919094079,21.106368744032892],[82.61180789694811,21.07368755878482],[82.62934201955406,21.03846090646776],[82.56013834061964,20.946726216297844],[82.48808025588677,20.90866971505584],[82.46539622560596,20.827770118833804],[82.42089044710578,20.83030472016794],[82.40637903146339,20.868945951940983],[82.3508196432922,20.889519216547434],[82.34564195342054,20.731603999167408],[82.37653962889041,20.632422753199364],[82.33212392895531,20.562050965307158],[82.38955864909677,20.516949990755396],[82.39698023981833,20.45816748993604],[82.41856357875456,20.480347489899014],[82.4380102514313,20.434212532355748],[82.40028212879913,20.340818290196133],[82.4378906326664,20.293428513262167],[82.41134042767588,20.264333810076547],[82.42173572226224,20.204317087199144],[82.38671112619004,20.144909734410778],[82.39920885224039,20.056617434003563],[82.59672327979766,19.98998264312398],[82.71538570994237,19.994747115587636],[82.71814013145304,19.853610122498033],[82.70390398386824,19.83203750345378],[82.65214025894515,19.832189827268373],[82.59179414927354,19.775886723505767],[82.57576982965719,19.833418150652356],[82.59710901638067,19.87271639445019],[82.44597468240096,19.910214226114373],[82.34530735163847,19.83585321507943],[82.23746355254764,20.00350022584957],[82.18424051175059,19.984210503921087],[82.0704538854398,20.056992901859],[82.03254630187175,20.015765611927268],[81.94637148080817,20.105152059670246],[81.87596619558677,20.05208099180157],[81.85314535548144,19.918497323247603],[81.96811967766703,19.859915181419673],[81.9859350205676,19.801134596427126],[82.06553438485554,19.790679113242966],[82.04473712209854,19.70889866193498],[82.05069570846355,19.54884134638083],[82.02904306629979,19.507686229696624],[82.10023979693088,19.516612249820657],[82.12612569687047,19.429109441147872],[82.18942651553022,19.427553439517677],[82.17881801838757,19.37907509941037],[82.14709371049832,19.365355922742836],[82.19410481486746,19.325960048412174],[82.15840837777738,19.265192186809745],[82.18612139800429,19.16637320365597],[82.16607750376706,19.132724933802457],[82.20579752915069,19.124155926654094],[82.21839627794127,19.097295052238536],[82.20223527516286,19.066665350675127],[82.23274170108883,19.017963814876172],[82.24603383070111,18.91913875485334],[82.17612699547807,18.902696742474888],[82.1654155172679,18.798652727171643],[82.13339788967545,18.765392287391602],[82.09156022524839,18.76575849826301],[82.08495505489806,18.718621229132385],[81.97096627351239,18.69866453450891],[81.94892503722468,18.643737726187936],[81.89375171082665,18.657486626209238],[81.89473900423967,18.629150540607235],[81.96362219662007,18.59047144009687],[81.91067234338236,18.57066299241723],[81.90916754400887,18.537942234158056],[81.86822960522095,18.524949291866903],[81.76952546435845,18.41894303332526],[81.75027962802977,18.353626915699266],[81.65912380142935,18.346589163526033],[81.66221202611982,18.32125465549455],[81.5975804674527,18.30893663181001],[81.52545844602781,18.258126301172616],[81.50698614629533,18.186226295724946],[81.52579933062698,18.153430815353556],[81.48080294621752,18.05135768910434],[81.4829333934403,17.976845168158466],[81.44461545226393,17.885784163550777],[81.39925205575523,17.8919470035956],[81.3933495682814,17.794674753414647],[81.26535370881005,17.811131884767406],[81.16613095256773,17.857650691707608],[81.07326037953214,17.78650392459428],[81.01900991039179,17.790890641108803],[80.94925711827366,18.08624055010885],[80.97902736943439,18.178789895359547],[80.86666862514919,18.140300852844714],[80.85291071816376,18.2053779653099],[80.87260684221512,18.213953504688135],[80.83672317915185,18.242296166171723],[80.79911174587848,18.171546130274944],[80.7449377988273,18.17033473842199],[80.73718580325264,18.22211449638174],[80.79413750824897,18.259335998959493],[80.74898114287058,18.3082932229765],[80.71959019366045,18.39112579469797],[80.73483554187314,18.412859651796282],[80.69895378503486,18.421432511503355],[80.63764109530408,18.522554481043922],[80.51472952696597,18.619375963648004],[80.45459628567733,18.630266972086115],[80.34479752974609,18.596195329517048],[80.24431122119144,18.756256357797625],[80.3528671166046,18.8192356687317],[80.27085876627038,18.938438293351016],[80.273000270856,18.991309471561213],[80.32969732502885,19.069940430560987],[80.33325462750281,19.145361668881268],[80.39397789664311,19.187633552810663],[80.39385410969524,19.244838857364194],[80.44613687400296,19.264006178875196],[80.4825129476909,19.337965905787343],[80.57320714354155,19.40230960554597],[80.61268646354817,19.309359769070593],[80.68001622985045,19.330179378911463],[80.68977804956646,19.286817373285743],[80.75704519520858,19.289587242078014],[80.85298729954174,19.363858610091484],[80.81342866638036,19.433603976723365],[80.87463807051475,19.445207208245293],[80.89835690879893,19.481812703242838],[80.89543000177052,19.519730621702255],[80.85666643872104,19.523043930624933],[80.83598233224883,19.56637273477949],[80.7754940812515,19.562429417768623],[80.74087350068167,19.606101300122756],[80.66536986928608,19.611741004996794],[80.67640804230723,19.69941191607745],[80.5526368733788,19.765414470714383],[80.54630129912334,19.81829356901666],[80.48058100119648,19.827532760415092],[80.4890497095357,19.77027064787847],[80.46425822800508,19.79580203500805],[80.40173049319066,19.79614496383642],[80.40209788168399,19.81665312356283],[80.44072580451544,19.810195145006066],[80.50584808677112,19.870522083363724],[80.49142602116018,19.902040076772366],[80.41388975829648,19.907317763041387],[80.41126256158621,19.93835949957291],[80.45217109581995,19.957471770153422],[80.48876615092638,19.930481829211622],[80.52991848972489,19.939336004002286],[80.55682513184709,20.07174874261765],[80.55207092756326,20.117988065707618],[80.50559332006496,20.144465001120626],[80.4018173944146,20.147268810922395],[80.3885381313721,20.16507026976833],[80.42219529125761,20.205807056684215],[80.395273555642,20.244873228846895],[80.48079577041462,20.274955218640144],[80.51883516917421,20.26604266583604],[80.54959073475936,20.30883764325364],[80.62635710279702,20.33250614476202],[80.59148088685015,20.39295428709618],[80.63185840895315,20.598427857325618],[80.58076469158642,20.60838922703309],[80.52092603662555,20.58050224721059],[80.48102291931566,20.61838586512529],[80.58765447786317,20.684585356049354],[80.55168316258438,20.763973570866312],[80.54607625228005,20.934913602425766],[80.46371176574978,20.929097863987057],[80.42427723574322,21.00840439862751],[80.45265962931586,21.0387339336299],[80.4447468083559,21.12193441422348],[80.4642767898938,21.174935917800774],[80.61380251249088,21.226478218240814],[80.67958993343406,21.29875243817245],[80.66004059410011,21.334107258188677],[80.73774821060424,21.47314781993808],[80.74077609096553,21.539249396289865],[80.71535037189484,21.585072990848083],[80.72613699507687,21.71368852609587],[80.7561003903119,21.76217996798534],[80.81973273402386,21.74804707665939],[80.85248403996334,21.85423388678849],[80.8317049977353,21.891020611891545],[80.8457987398897,21.94242264495586],[80.8255664339031,21.958361976825785],[80.85673940438001,21.964862002819952],[80.90792665163916,22.10959700341091],[80.94756965906357,22.11829029746292],[80.9693949942559,22.05801606948556],[81.00619664121642,22.06323264266318],[81.0113251267667,22.095594192437943],[80.97796248044544,22.122649801652116],[81.02190457059643,22.132754322294776],[81.01945423599594,22.22120959767237],[81.07954008306851,22.239403464461954],[81.11870888512581,22.29128654243608],[81.11115484590043,22.437600196671028],[81.1726824827158,22.48793481459603],[81.23218075074418,22.452182042697068],[81.28125865759648,22.502981691700093],[81.31371715497417,22.4829491247078],[81.32651577352559,22.52617216239635],[81.38204394613894,22.50984704296846],[81.40669295396721,22.44098009271495],[81.42782693314044,22.47984204664034],[81.44735603343103,22.46590507039919],[81.45891550599805,22.469322117475127],[81.442594457572,22.49438030418815],[81.4846980844086,22.487859988571756],[81.5222181527294,22.53904269713924],[81.62192938048388,22.5380468121436],[81.62901205212007,22.563390703638454],[81.65991812593954,22.56948722191164],[81.64724113748096,22.61329569035996],[81.68330179650299,22.646938436212153],[81.71312643077269,22.648121574424856],[81.72863878972883,22.67646766839083],[81.74659183537932,22.648305735562623],[81.76852082807058,22.664260549617918],[81.75225168609828,22.72671457258182],[81.79437730908292,22.766492786780635],[81.76133103952324,22.830319636963726],[81.77566876321052,22.874469197293408],[81.86161171831948,22.889294437409735],[81.8660990942178,22.915843960392223],[81.94629211016124,22.956812864165318],[81.92148644153731,23.04084784682909],[81.94223569652888,23.0789989942705],[82.03484267511399,23.080444831871905],[82.07013838633223,23.11822395372569],[82.12579915656974,23.103980370235675],[82.16134284323059,23.143151093933003],[82.14481941515082,23.227406101105625],[82.19336371104627,23.27800151452806],[82.1939448051524,23.32387999049112],[82.14573152586273,23.361215813050034],[82.1171208398337,23.355496064540183],[82.10339607798728,23.398271077851064],[82.05598772512482,23.376819184569662],[82.02188211546971,23.387356518608954],[82.02545942073012,23.42491565023559],[81.98531864243371,23.414529132953394],[81.95767616780442,23.500399443643346],[81.92327094125598,23.53269272488272],[81.83641047206864,23.51094013055471],[81.80905492652758,23.549373367302692],[81.75824777982133,23.549902916330023],[81.74662308058154,23.56982844595228],[81.69963095671606,23.522047676503714],[81.65889787872864,23.529027680497848],[81.62703965179347,23.482056981297568],[81.61030333556775,23.5551129454773],[81.58400833027137,23.553605551130957],[81.57667155488569,23.58537398459333],[81.61195582516046,23.595282808990856],[81.61455215935082,23.66294774483333],[81.65515896385367,23.663166636443904],[81.69589561444096,23.721350852904063],[81.64464833277135,23.77015625545619],[81.6358226258534,23.834543053548167],[81.60316870717217,23.853739726765223],[81.62219388223276,23.870268402647085],[81.60900453426198,23.90323451405569],[81.66856878175136,23.924992643676386],[81.72545994658576,23.839855001838238],[81.7911042191918,23.809378517342488],[81.88814262480274,23.835580952188426],[81.92891589880583,23.87075362440679],[81.95778401414753,23.85231755250949],[82.00751638680346,23.861789002426143],[82.05271074732512,23.819458337028546],[82.17144568229303,23.818275886016472],[82.20952558968204,23.85277590000736],[82.2317961299292,23.805350650248098],[82.26059340772082,23.821277257415005],[82.39346207065309,23.799938896369536],[82.46578831956623,23.812061329581734],[82.52444316656089,23.783780819256034],[82.55145540384808,23.790680790727176],[82.5330553610038,23.822186505479156],[82.66044605421435,23.855184394863493],[82.66157040898014,23.907682649530354],[82.75236345993623,23.919831502892063],[82.80168855171372,23.961692766675718],[82.9478909605104,23.87143842218992],[83.14149377567263,23.884935825545384],[83.20792950177321,23.92141101202277],[83.22362219213274,23.986664108392652],[83.27912303619851,24.018291441548662],[83.32474133775393,24.10417754662475]]]}},{"type":"Feature","properties":{"name":"Delhi"},"geometry":{"type":"Polygon","coordinates":[[[77.08263963527303,28.8836145251087],[77.14029918576378,28.8620888378898],[77.14380517018051,28.83831291765975],[77.21422202031289,28.855848005682308],[77.22437969433692,28.82535188189652],[77.2026064686176,28.793200977911177],[77.23413416493558,28.783748060890307],[77.29150379135491,28.70618263927065],[77.33106534314261,28.71313178586936],[77.31625271519894,28.641243957564257],[77.34240405203359,28.60891377569186],[77.29708211996181,28.565997212060815],[77.34739627842667,28.51841338549701],[77.3140954927908,28.483622531452525],[77.24329706617351,28.47883489419228],[77.25016311985877,28.42610379619984],[77.2166056594951,28.40974162566184],[77.17439688575281,28.40469199328046],[77.1284966129112,28.44094919641576],[77.12068900173902,28.49628341152401],[77.09468073778301,28.51381359847815],[77.00663455709932,28.54134537631232],[77.01025990695604,28.51467366760714],[76.88392277677535,28.500748600912974],[76.84249316487958,28.556084311533755],[76.83955903180303,28.582472679811623],[76.86427451226736,28.58575925643067],[76.88777656371725,28.63162349547427],[76.94372785630418,28.628238452078143],[76.92502484764718,28.6499242695271],[76.9677892428674,28.699606999187058],[76.94823396566944,28.71279734013639],[76.9483241340661,28.815405466613708],[76.9947920972515,28.839547980719306],[77.03999808736282,28.831827153406966],[77.08263963527303,28.8836145251087]]]}},{"type":"Feature","properties":{"name":"Goa"},"geometry":{"type":"Polygon","coordinates":[[[73.85647553641874,15.800762637691411],[73.87524066986583,15.750693010123202],[73.93869751241573,15.742677183994847],[73.96140946143723,15.641457298280221],[73.99077593155587,15.61148617167201],[74.1644844659931,15.6535317440627],[74.18103660872093,15.682178177954391],[74.20519544362787,15.651065325279353],[74.22384481387927,15.669011874101614],[74.25204156161527,15.654340744417071],[74.24422435913081,15.626137988878876],[74.26436482765097,15.615542445816493],[74.24525934320394,15.566636503647416],[74.28271563024124,15.531448161534241],[74.25097302007642,15.491624031724239],[74.27593541776793,15.391622487568421],[74.32326258448832,15.367711693663626],[74.33649918743629,15.294979120108835],[74.25139839751627,15.25859097983875],[74.31702169805368,15.186298646762069],[74.27270271703031,15.097532494235045],[74.29655158824848,15.041243196535694],[74.25353406484915,14.997850770040804],[74.25243483596184,14.958763082619964],[74.23653845800153,14.966514505075828],[74.20138210153499,14.925391948295095],[74.16496970626518,14.958240354237596],[74.16195468528721,14.911807932599327],[74.04403020318209,14.917524702832466],[74.03488621148085,14.997211894215237],[73.98894938708865,15.02041753359268],[73.96644930303192,15.066563112582388],[73.91209636216882,15.085702187693023],[73.9495973350016,15.144836668913408],[73.8842145574832,15.35449721261958],[73.80823808705803,15.377108817243448],[73.78378356448879,15.408995452001491],[73.9400864506771,15.410195428087155],[73.9353778197243,15.437163796562704],[73.89715379920752,15.418614917652095],[73.78790999101776,15.462499086469995],[73.81470270250742,15.491656969078091],[73.76622943370651,15.494661684980526],[73.73754628597338,15.61705555934179],[73.67538205174372,15.727022158467594],[73.82312287217688,15.73986471323988],[73.85647553641874,15.800762637691411]]]}},{"type":"Feature","properties":{"name":"Haryana"},"geometry":{"type":"Polygon","coordinates":[[[76.82284803189869,30.928359665418814],[76.86955500354352,30.873178073439068],[76.91684865591726,30.900822486498132],[76.95122748906437,30.85057946267955],[76.94261563957448,30.817485326685542],[77.01223446862927,30.809900537891657],[77.00109824808813,30.770043525993415],[77.02817755988266,30.734516638703422],[77.09580040963124,30.738773838408214],[77.16717552771145,30.683959706342794],[77.17230448308062,30.601312428737156],[77.12279910122228,30.56334323647314],[77.19566842574211,30.52262101682622],[77.21072468397736,30.46477852843625],[77.26890606761333,30.481333849222786],[77.32084472955651,30.445835469441267],[77.35416376536568,30.45824795699018],[77.36425142289984,30.432655880767705],[77.40727175083946,30.42716777551457],[77.40471361032004,30.408649184558854],[77.45647038318113,30.45566810943984],[77.45893859605242,30.43287756756892],[77.42231347163849,30.409731654619904],[77.44323091550575,30.395401322066046],[77.50247582808127,30.404674290892324],[77.52319335278035,30.443537501260156],[77.55478911175246,30.390927560444478],[77.60433801069813,30.368549713873545],[77.58354008678108,30.30742285480559],[77.53824339467383,30.27857914975263],[77.47723718047355,30.18243722108132],[77.42407327756827,30.157145609339484],[77.40248924423432,30.111025592880203],[77.42077189883052,30.101617126366367],[77.27776667318174,30.04186207072916],[77.27600008497157,29.99609125053441],[77.18575518510353,29.907560211501192],[77.20202881236403,29.868936115696254],[77.17919567252584,29.81269906945768],[77.11980291791582,29.760105476854218],[77.15654885495566,29.69261279253482],[77.10620406124468,29.632354884482993],[77.10951893177968,29.59746403192506],[77.08394810873945,29.587268356041776],[77.1268296173233,29.55947905338521],[77.09636351317718,29.519522791519556],[77.1332962090663,29.48310400318032],[77.12319840685764,29.4554155109076],[77.14841006727757,29.434124545047887],[77.13324339261919,29.400886518390053],[77.15739362436067,29.387355460115874],[77.12327752058638,29.370382164886916],[77.1295163651504,29.342621371975717],[77.16114708655331,29.332403955419892],[77.13139798532765,29.217524189054252],[77.14906645278096,29.117682478638585],[77.13395977660038,29.096041158168543],[77.18911555620596,29.027704065940867],[77.1954648180914,28.94048879910302],[77.23234599380237,28.919764667465],[77.22808214210289,28.881227037056593],[77.19544741053784,28.886238043116126],[77.20989882051587,28.857747307721894],[77.15707893553348,28.836729114422557],[77.08239546599229,28.883807228409715],[77.03999808736282,28.831827153406966],[76.95080437897228,28.81829587105762],[76.94823396566944,28.71279734013639],[76.9677892428674,28.699606999187058],[76.92502484764718,28.6499242695271],[76.94372785630418,28.628238452078143],[76.88826311463134,28.631917378399418],[76.8389449587462,28.573029191069555],[76.88392277677535,28.500748600912974],[77.01025990695604,28.51467366760714],[77.00663455709932,28.54134537631232],[77.09468073778301,28.51381359847815],[77.12068900173902,28.49628341152401],[77.12380553414073,28.445379343082013],[77.17439688575281,28.40469199328046],[77.2493021053202,28.424198572061865],[77.24329706617351,28.47883489419228],[77.3140954927908,28.483622531452525],[77.3454328208287,28.513265547953917],[77.40005478106829,28.455658624363792],[77.47762753978704,28.419069929391533],[77.50482622600472,28.370008525022644],[77.47122017936059,28.33484241604158],[77.50707516101346,28.305701031724766],[77.49268732840133,28.252002028067608],[77.5504251841371,28.2423838474094],[77.52128697323724,28.224476199294536],[77.53036989746545,28.198739916407458],[77.49729090766988,28.206043728801756],[77.50119553925688,28.18171261596603],[77.54963768502643,28.179790096399596],[77.50209658452115,28.161222111899153],[77.49134939558347,28.136565045276388],[77.51235145176734,28.12488375579316],[77.47434430522138,28.086745008279696],[77.50123377784357,28.058546639861255],[77.48363300563342,28.040478003632707],[77.54240535406386,27.9892591779279],[77.51885246874866,27.962383332083583],[77.54500349656288,27.953589455022428],[77.52938329036532,27.925510543016355],[77.47527653729739,27.92927649369929],[77.45763769897708,27.874512667403117],[77.4187627349509,27.88947390060917],[77.42184823055956,27.854401121549852],[77.34832495317413,27.855569924177534],[77.24172906133666,27.784395493095488],[77.20206435420826,27.82461152114662],[77.17701557541733,27.786320393856055],[77.18960125641549,27.809840966388325],[77.15950214909724,27.81718797880346],[77.13521031322256,27.775938080402],[77.04478851171889,27.821833301642098],[77.0265671123436,27.779256289256143],[77.07620918724548,27.766394312856935],[77.08565183284607,27.738106559223123],[77.00008835755415,27.736985518973427],[76.97908642803273,27.653612087612277],[76.94307157590367,27.673830042695563],[76.9105697258304,27.654664578598712],[76.88905302302359,27.69716455766906],[76.92443737190924,27.699936206558295],[76.8922573980837,27.732340529343528],[76.91356371095937,27.831994773996882],[76.9422925748556,27.84291214186836],[76.95159919126766,27.918320679913997],[76.93151209615014,27.92264359640867],[76.93078160861897,27.993553459571455],[76.97053708601528,28.138448502856356],[76.86812976436151,28.219751481341692],[76.8083882154862,28.21088730052009],[76.79480051589094,28.148411953025814],[76.65724817989943,28.08931270446216],[76.66814527609844,28.01384432860758],[76.58876321607437,27.997965414582538],[76.54812381081155,27.963851840469783],[76.54380594251575,28.03422037355829],[76.45465509993393,28.0423239823817],[76.50152197978419,28.06006313954058],[76.44782557354475,28.088960153993927],[76.46367410813137,28.108962271808906],[76.49934763908,28.099662664093614],[76.47572146201739,28.148585994480744],[76.38072378888181,28.133405415277235],[76.34523802469218,28.169401928710492],[76.29226174840869,28.17921600594131],[76.29758313279324,28.149110141666725],[76.3598582514683,28.12491441801643],[76.30144015187352,28.09786257646583],[76.35560359133082,28.070722392170115],[76.34231064245498,28.030563232761388],[76.29897526366712,28.022702581458393],[76.26095974482273,28.067528353379352],[76.18040387148827,28.054515718988736],[76.2147388381034,28.026578187060625],[76.17688920754927,28.02154265285068],[76.15777992233029,27.98897276794449],[76.1866379711509,27.965471615796677],[76.16815876067895,27.90337256369765],[76.20146857168847,27.892535149081116],[76.21732736054406,27.816802837726986],[76.1749645769345,27.798061983454293],[76.08888616037224,27.860547608775835],[76.04807952473612,27.834974815104918],[75.97137211852048,27.851956598389656],[75.98748351004069,27.904152993619352],[75.93239627099297,27.930129983767312],[75.95168167002507,27.947712564074937],[75.97270865625468,27.932656994874435],[75.9999544851602,27.977569614248562],[75.96581694219337,27.983601351288552],[75.9955350245923,28.006880911766586],[75.97272966515425,28.02362439345322],[76.01641580102627,28.030490156949945],[76.00829999404979,28.05838494420769],[76.04079374131922,28.07404262100063],[76.02321201608808,28.085988519027488],[75.98442223211377,28.04707744994903],[75.98343279801544,28.081340647602193],[75.93861861799674,28.087930254352294],[75.94560815679587,28.107155238143616],[75.99899276498668,28.12276494188475],[76.03179555247681,28.16785108904976],[76.07063276031158,28.165133760961748],[76.07469326577004,28.137126125258554],[76.0954456109662,28.15085732636339],[76.0473579422044,28.198135137617403],[76.05596470363649,28.220272462709723],[76.01613626147952,28.236950758699386],[76.02632088586041,28.275026801020214],[75.9578422722261,28.313817203153704],[75.9182313795731,28.372002297985144],[75.81903960442831,28.40984180134253],[75.77676252279181,28.40041585790184],[75.78827518864097,28.453560920786117],[75.63345142258541,28.544448706152373],[75.62168268298136,28.602073365363655],[75.56149396533407,28.613221116361956],[75.54298583180487,28.750401379728025],[75.50344242418927,28.782408738931725],[75.52021801296256,28.834004394819104],[75.47336689674893,28.92338929698415],[75.51153437281013,28.942069971035117],[75.52179861756959,29.003874862226763],[75.44570223732536,29.008301249467966],[75.44180608763128,29.057525390523093],[75.39123600632851,29.062714622548942],[75.40214337655944,29.12789511414136],[75.37147440856765,29.13809775606301],[75.41435848633319,29.18431492967924],[75.39680045416765,29.217541994264202],[75.41049835728538,29.255689255213788],[75.37894820398363,29.256866483454615],[75.34981741676128,29.223778989279985],[75.32809504197525,29.23532138050704],[75.34150853308412,29.281240310399824],[75.32293364754284,29.289478097834618],[75.23836710279029,29.23024434862051],[75.1879898421683,29.268268057835137],[75.11957597820135,29.22286640820689],[75.07551193456402,29.22969492742992],[75.04999435377239,29.28615014667052],[74.96113758458029,29.280583973777553],[74.93825471221136,29.36203866686257],[74.85051890754318,29.40360721227946],[74.76217010150826,29.354375734992388],[74.65819325327153,29.37196376836852],[74.65447469242427,29.332929105642567],[74.59924998059537,29.327455068327623],[74.60287103470841,29.3649056306136],[74.5346190588338,29.44770786497685],[74.54330776368778,29.46789644075338],[74.5846125483866,29.458497946047338],[74.6218572525301,29.522243971132674],[74.5749328535522,29.5643194595746],[74.616092094107,29.752155861702988],[74.58726763778644,29.7669050715591],[74.57588707189478,29.74830787060292],[74.48037029110259,29.743494078181932],[74.47378148356516,29.76834108315663],[74.4850827084543,29.81501363362097],[74.56103623051722,29.869643852978417],[74.5100195068552,29.90819274202544],[74.5317429919589,29.94919768326655],[74.64684139034985,29.90434544404143],[74.70664205376072,29.976898752338027],[74.7313937246529,29.96147296608679],[74.81243347910839,29.99233814346527],[74.85537132643363,29.956366523898055],[74.8879696591617,29.967134478479906],[74.8972779114059,29.939415666421443],[74.92673643638322,29.950260273773832],[74.9909139056574,29.86768915953055],[75.06994976395411,29.877061977967404],[75.0987497995737,29.912795739749416],[75.11470390866405,29.87866668152874],[75.09006401783763,29.85401834318135],[75.11886304914073,29.831601399633524],[75.10054811088983,29.80709488900848],[75.13507687555278,29.80730341851166],[75.15095638764366,29.775538234086184],[75.16560809767554,29.826058670958137],[75.21027416975839,29.832890083005648],[75.2085320552498,29.79316526613953],[75.24132018672606,29.750499389849995],[75.2006110793837,29.72648815359312],[75.20677087489763,29.6875202076869],[75.16756288742931,29.669542033228687],[75.18304257376026,29.62840571068794],[75.23535336370821,29.603075479481543],[75.23534206290194,29.54207982547574],[75.30944155115166,29.56084655351579],[75.31990966856482,29.587425651811923],[75.29570653413795,29.625046794939905],[75.33373398979586,29.673487738842862],[75.3601384763692,29.66261129896417],[75.34569857021668,29.696015646936416],[75.39223517097797,29.713297917766347],[75.40628196448071,29.761266950934427],[75.45394857041097,29.78201951026388],[75.4595124127856,29.807529507443306],[75.52301045117608,29.75841712507482],[75.5620901062212,29.77024116893196],[75.58004272696854,29.73944592627115],[75.6297737826943,29.749930597358087],[75.64243255152228,29.775101167165662],[75.70641426621792,29.75320364651426],[75.72064366655663,29.813556626762463],[75.77879606066006,29.822371638987367],[75.83773208213522,29.81303984571128],[75.8702238863487,29.74932559066957],[75.9843894912166,29.727133085986594],[76.02607491276257,29.75618144188252],[76.04344114383515,29.742726414685386],[76.09805519081542,29.81063850871431],[76.12392466326337,29.7909417734096],[76.14545825170255,29.8191108236459],[76.24379332422215,29.852441637341375],[76.2467319255189,29.87598783115345],[76.1934310124648,29.885655343494097],[76.1719478150215,29.926306537685],[76.25345729764075,30.088957396370375],[76.21672059707863,30.110077007619967],[76.20763104687688,30.15658676054414],[76.32173648977358,30.09509782823206],[76.36020470831718,30.12020874334828],[76.33347925908274,30.138205249963924],[76.35046613789906,30.14687327269951],[76.36217592556258,30.120159634131003],[76.4000365928183,30.11670846433935],[76.41006660366405,30.145076224655277],[76.38715386051526,30.170634210266552],[76.4227128580618,30.192281624407556],[76.46252443075602,30.10105758622548],[76.54622399974976,30.075873830323406],[76.57524661543887,30.10061559831148],[76.53949999845702,30.108193357989116],[76.54556988069585,30.1249228751962],[76.59933427502921,30.112540664394785],[76.64223025457397,30.149677149237238],[76.59987900802763,30.184735775096062],[76.61415852807099,30.204480459676073],[76.64502180255704,30.188844175122792],[76.63590456627823,30.16862814142273],[76.65608244693499,30.18524566003706],[76.61576427562449,30.209052668315245],[76.62736871066812,30.224086091893618],[76.59609418924165,30.25570521847093],[76.56265385302135,30.225761476170252],[76.5480396503475,30.222488471258632],[76.5566530530245,30.26248142099205],[76.62340680609188,30.264594125162994],[76.74606910990494,30.34958225709367],[76.71282197614943,30.390251602905163],[76.74102700096248,30.426266517005164],[76.77722743784268,30.441269497821533],[76.78959840441995,30.41501573150983],[76.82336338369907,30.411596717301098],[76.84676643810974,30.43813016905284],[76.89750688400783,30.359348036962064],[76.93752819265964,30.38700805144371],[76.91117974029878,30.399907965504603],[76.9065288395777,30.43581767737881],[76.88640960004436,30.429673503211134],[76.91225581780459,30.46579812452093],[76.89893553139801,30.48884601286392],[76.93112342926267,30.500919364554],[76.93199534485723,30.522238886500602],[76.88647682457035,30.54987996925633],[76.9161401663308,30.553716960845307],[76.9259879799723,30.610117774979916],[76.87119454661637,30.642176350376246],[76.87642171749052,30.680557589007496],[76.83151648513291,30.664800598462023],[76.8569634511567,30.79480192592862],[76.84667584570825,30.8339604596315],[76.81397388602394,30.843041037083072],[76.77737536072557,30.89665356209729],[76.82284803189869,30.928359665418814]]]}},{"type":"Feature","properties":{"name":"Himachal Pradesh"},"geometry":{"type":"Polygon","coordinates":[[[76.77202456729529,33.251351992730335],[76.84339701648078,33.24654300749257],[76.81695676168782,33.15978071461334],[76.85528955650739,33.11429441093419],[76.88517123559427,33.121646101087535],[76.93296283311318,33.02848855368523],[77.01029519996695,32.98910451595992],[77.14972556197627,32.97814603210874],[77.15714331509493,32.911690243830954],[77.18826319783346,32.92882349160783],[77.25435111691729,32.86387496950901],[77.32252230101024,32.85116893977853],[77.3388359985223,32.81681141157428],[77.37347365965897,32.823855204257306],[77.40531228984622,32.8831655078571],[77.46900668199149,32.85844811674957],[77.60233069555134,32.94282891421905],[77.67366567510804,32.96092681889777],[77.68248588253986,32.98871094497238],[77.81088053830183,32.90676633079024],[77.78093994141041,32.865586054012574],[77.86926402131711,32.82702101338172],[77.88408599263808,32.78770731697351],[77.92582259030746,32.77202501273695],[77.91851130731288,32.69067747074519],[78.01583755559874,32.6197566691326],[78.04682272158738,32.6450082655932],[78.08723604784264,32.62436355415519],[78.1105849248585,32.66260332014646],[78.14753177999313,32.65426729344857],[78.14265494219832,32.681816724878495],[78.2459396960008,32.67183264389332],[78.31222449076063,32.709167899682306],[78.30419657315491,32.73422211816857],[78.38771674139986,32.75693213546174],[78.37958866613153,32.66825333779999],[78.40517148886732,32.61942185163824],[78.31284689659007,32.57371429430494],[78.29460136846622,32.50408688979611],[78.32643879760595,32.47201920562683],[78.39859088115179,32.52574167419204],[78.45454215577243,32.50138200737958],[78.45415153954077,32.4523670210234],[78.53476269070626,32.4143938804042],[78.47990583629125,32.34808617643807],[78.48187396782362,32.27981106190336],[78.454847981821,32.242241709085924],[78.55508960905517,32.24568547753057],[78.60853917442422,32.21431699614675],[78.58982911219557,32.1542282242153],[78.61278559521386,32.117587538640294],[78.68493251704012,32.08631131647998],[78.7378185988758,32.00117156318054],[78.78110859208059,31.99349382598887],[78.77129057465872,31.92895564704441],[78.74160614943855,31.901342036067593],[78.74502862287324,31.839517250991616],[78.70269733509585,31.807354719798454],[78.70528505893422,31.776027041748353],[78.750420933741,31.681364762207895],[78.79851596509488,31.68226073010931],[78.80171956221393,31.647974183205466],[78.8469346693271,31.60803793525571],[78.72242948787834,31.51297255006451],[78.72516400272231,31.483868768049177],[78.75870489006734,31.482502052252958],[78.79774491862864,31.44345263899139],[78.74964795140532,31.36616827111204],[78.79156028379882,31.304561371249182],[78.87596336840733,31.303194826715036],[78.92604480931467,31.220159098448125],[78.98590654918169,31.17392117628475],[79.00891512191004,31.110012428483547],[78.88543154861983,31.098809167380413],[78.83120218449878,31.14068248471078],[78.80990966615263,31.19837198582515],[78.65800067627589,31.185124673066184],[78.60933667537724,31.229345446894673],[78.48374484594673,31.199020423309282],[78.45570350585656,31.241103119213193],[78.40694329988256,31.242270848650087],[78.37030690879833,31.28641760943166],[78.31114861088417,31.28322654161767],[78.30631785666343,31.259975105922436],[78.2828570980722,31.266292578258067],[78.21243228617149,31.219649240520965],[78.16021530639034,31.22555688942759],[78.10360981839273,31.185458233970902],[78.04262823599755,31.178581045245217],[78.03032957212257,31.15104414984335],[77.96731035464315,31.173442528041747],[77.90129763353173,31.151899295317527],[77.85122150885422,31.073439256557965],[77.81134277810939,31.059172531660984],[77.82980834227386,31.02883106339703],[77.80749638789548,31.016284366595112],[77.83180371611553,30.994064589240494],[77.81436106626002,30.96185431578077],[77.83757947196402,30.95324194253167],[77.772369643494,30.97441823126071],[77.74899180209844,30.953549382953817],[77.76278214006227,30.918249893891073],[77.81328497078793,30.921938086927373],[77.80566865855043,30.853282160918116],[77.75820980689427,30.87686603087348],[77.744005882777,30.84666134747578],[77.76126416240356,30.826133171493858],[77.70376322295097,30.765226500188607],[77.75580615953572,30.70699025008254],[77.7473929940305,30.67991559717608],[77.79251419036555,30.658751927234178],[77.79624409693481,30.613711515600325],[77.7431405132059,30.59317059788485],[77.77401479385082,30.557905106060144],[77.81784048839212,30.561088248817423],[77.82680425109795,30.52781573783162],[77.6902318180796,30.448081043785177],[77.58617390227836,30.421642357844533],[77.58102482554516,30.377701333491753],[77.52319335278035,30.443537501260156],[77.50247582808127,30.404674290892324],[77.44323091550575,30.395401322066046],[77.42231347163849,30.409731654619904],[77.45893859605242,30.43287756756892],[77.45647038318113,30.45566810943984],[77.40471361032004,30.408649184558854],[77.40727175083946,30.42716777551457],[77.36425142289984,30.432655880767705],[77.35416376536568,30.45824795699018],[77.32084472955651,30.445835469441267],[77.26890606761333,30.481333849222786],[77.21072468397736,30.46477852843625],[77.19566842574211,30.52262101682622],[77.12279910122228,30.56334323647314],[77.17230448308062,30.601312428737156],[77.1611965154535,30.69098490948868],[77.09580040963124,30.738773838408214],[77.02052074530394,30.740055285001997],[77.00109824808813,30.770043525993415],[77.01223446862927,30.809900537891657],[76.94261563957448,30.817485326685542],[76.95122748906437,30.85057946267955],[76.91684865591726,30.900822486498132],[76.86955500354352,30.873178073439068],[76.82237924696598,30.928598909224085],[76.77673348031908,30.904286662733107],[76.70959404726258,30.969772775785156],[76.62471386650836,30.998826576934192],[76.61096144283943,31.045884577326447],[76.63859073469193,31.10810390155727],[76.6020126712191,31.12379407639051],[76.59998199089178,31.178514538590417],[76.64177368762746,31.22273518474582],[76.59319233712483,31.211694035812357],[76.61214464174793,31.247890525404546],[76.58771752857463,31.274257866455002],[76.54918119347796,31.252815701988304],[76.54289322274603,31.28249325900665],[76.52376839757098,31.25819710983184],[76.52740279885252,31.27722928968465],[76.49732354250538,31.270544016100796],[76.47953005202243,31.308253582019024],[76.43967313147434,31.279040802343626],[76.46379847179762,31.30145889711924],[76.37515207277369,31.437004518410937],[76.36778644350106,31.40394848291108],[76.3310808722585,31.401245007532562],[76.3544360940752,31.34495869404424],[76.30756471725864,31.342652170738013],[76.32260066278867,31.32166316714196],[76.27573265824769,31.300644056402216],[76.17978880399639,31.30659228180074],[76.1787887239636,31.340531812471596],[76.14685424173894,31.359039201784196],[76.16860606779153,31.409711237727283],[76.05514925164911,31.605654804334783],[76.01770459779473,31.632182871513464],[75.93665079907807,31.81545157269389],[75.98646171143928,31.817978882008866],[75.9103671026728,31.95017612387864],[75.65816910482049,32.077707219084154],[75.59472346426222,32.0701635927894],[75.67305892050496,32.158765597002755],[75.6557251356821,32.1971185933928],[75.6242135632252,32.19032266054045],[75.63877319773708,32.22189751108763],[75.61786144020557,32.23670643292893],[75.77055113613278,32.28868730751682],[75.87347687553702,32.39554087007179],[75.93647378066142,32.39742020501809],[75.83329958611424,32.51333658998167],[75.93045573929935,32.63188592445518],[75.93651479234741,32.648179386291744],[75.88932620782761,32.653233175300024],[75.92609837387714,32.74561971500921],[75.80132993843942,32.88567090304389],[75.85003181410708,32.92991375363767],[75.9539375058918,32.873398141728615],[76.08810323907628,32.95622811457072],[76.1123062055182,33.00632592169311],[76.27841568974445,33.03781456774459],[76.29180442687735,33.10318873931621],[76.41009236734641,33.18648924145072],[76.48676161402712,33.17945399719777],[76.56742136584606,33.210284081412134],[76.64630595234053,33.1623121260195],[76.74690857026661,33.17921068170308],[76.77202456729529,33.251351992730335]]]}},{"type":"Feature","properties":{"name":"Jharkhand"},"geometry":{"type":"Polygon","coordinates":[[[87.58437836466578,25.349120113199167],[87.61044236369527,25.313271528077543],[87.69199746276466,25.311614877324864],[87.71104033463637,25.257627128747185],[87.7786681323055,25.250543539839658],[87.79572792827175,25.087319541451294],[87.93987633378143,24.9913690333563],[87.96228739209855,24.93783846183846],[87.890750420062,24.85518477925332],[87.90025641216153,24.823042122750696],[87.87002976024259,24.82619225759633],[87.86864823128568,24.774337254187586],[87.83656405649698,24.765868583763506],[87.83612183654387,24.789856675187956],[87.81770027815021,24.760942703184593],[87.9077963990409,24.72131161802004],[87.88858144140177,24.679208766391714],[87.91705794697513,24.665761519154064],[87.91424937322253,24.637069839567705],[87.87517845609017,24.61375004698963],[87.91145615257636,24.610283433434383],[87.90881903577042,24.585771627018524],[87.85199298891267,24.553935850040833],[87.77168511886859,24.58374679436591],[87.80881307166958,24.5474819119207],[87.79420572493797,24.501338485571964],[87.82826761179159,24.498590515889838],[87.78951502166332,24.42043475719429],[87.81228874782694,24.414163955971134],[87.80134192089378,24.383154883611766],[87.70596893432743,24.26044065355838],[87.65831055337192,24.23595319183375],[87.63881459283047,24.25476795505612],[87.6383678211138,24.214723567274184],[87.69841241844684,24.187291267073437],[87.69512443089505,24.149163788873572],[87.57583179574759,24.160968709722923],[87.61023396802408,24.13242437847674],[87.55883617362863,24.08144673344929],[87.49754164783286,24.117876696999474],[87.48960336232955,24.09030981261021],[87.5110513035929,24.08286381219558],[87.49328161397338,24.054142985465578],[87.51195634636018,24.03609891359322],[87.43793406561419,24.01295368800721],[87.46000803291757,23.984197860766987],[87.36060098280313,24.012848343287594],[87.32916942239027,23.998738681760337],[87.33696986141324,24.034019402332415],[87.24538545667556,24.045068590882742],[87.23369085143868,24.024457331514554],[87.26279693858397,24.003617929324236],[87.26242767889993,23.96725476921284],[87.29294813561229,23.959070472445035],[87.29533071747743,23.90211276584367],[87.26947663406858,23.874445632298045],[87.2461958224018,23.908752468042465],[87.24066791892673,23.825832057563588],[87.21740400277379,23.829879915471164],[87.23386924427767,23.85650133884357],[87.1893532690007,23.842372098208195],[87.19671934114275,23.857935419165052],[87.12941783943259,23.86893614896234],[87.16726300535973,23.825119299061964],[87.12251583696629,23.796197843525142],[86.97385086300648,23.86893462921417],[86.94686909028552,23.846051075473724],[86.91566744199152,23.883221300838493],[86.88127198552009,23.863139266757127],[86.88982099156762,23.819658177047437],[86.87466128334422,23.847605729323185],[86.8266943697162,23.81419347790784],[86.80543425539896,23.837535135829356],[86.82826568753981,23.753289056042327],[86.799296843207,23.688978443540073],[86.74794011080317,23.678953679314024],[86.71295390872618,23.698606878454875],[86.59826516635933,23.673928153343766],[86.52879288307014,23.629879936468956],[86.46184447765711,23.629788818547993],[86.44719344944652,23.598015434421082],[86.38779160837737,23.574064562734367],[86.36513557768563,23.531087796424018],[86.37929411082992,23.47377045387144],[86.34886478640647,23.440404464774264],[86.30565534153996,23.43510821796308],[86.31014148405143,23.4118423813567],[86.26412493058447,23.430844540844223],[86.24747508618802,23.41167061692739],[86.23039239845338,23.431043275049376],[86.24600956385375,23.459670834197137],[86.22883417447336,23.443355066518034],[86.14846858677393,23.465365211921792],[86.15862270526608,23.559499548932862],[86.05183045069067,23.5862971798811],[86.01677805265874,23.5475376681735],[86.05413046300818,23.486938676060632],[85.88670192495805,23.48479014682906],[85.86305060315235,23.4624869321196],[85.86361357644259,23.43164149442597],[85.90263848006946,23.398522826464312],[85.8697508916165,23.388911534453705],[85.88355290498407,23.350367747923386],[85.819663238859,23.268486225659128],[85.89416296070375,23.15526662645409],[86.04368492025809,23.144936281898566],[86.04917276605799,23.106068404717988],[86.13269313732222,23.08408591258158],[86.15747398729148,23.030500264498322],[86.22301970662602,22.99484563309043],[86.30457219698782,23.0167924622942],[86.39393407808441,22.98103709888449],[86.41912545544353,23.000584682520916],[86.50135399273535,22.994713072012775],[86.51888487511803,22.97058532830523],[86.54699778488524,22.989415670893923],[86.52546007497553,22.947304131449982],[86.47656933840086,22.951870015455867],[86.43579743073533,22.92590443747673],[86.46729674837513,22.900891749568775],[86.41938051410214,22.79099668579424],[86.51057438974476,22.70480675052565],[86.54802054109074,22.72087982318638],[86.63504234500816,22.665607515004368],[86.63313256354502,22.61103950468466],[86.65853663770892,22.575701225291443],[86.76581202331212,22.575703297332883],[86.80089687118708,22.48835641376159],[86.75065700159959,22.482486816360765],[86.75109508211591,22.455807348558935],[86.76474865067938,22.42664181902959],[86.84553727031745,22.39987172480918],[86.83254743637464,22.326194641757464],[86.88812216327932,22.297332960440947],[86.88713405419603,22.257617881293235],[86.81341765429583,22.267532899682255],[86.80300583160658,22.244393065237915],[86.79221149189628,22.266314700177197],[86.80222736325945,22.217930783006942],[86.77767915898251,22.236762650382886],[86.75108655261226,22.2110759722428],[86.65604756236348,22.23579119885483],[86.64662949107581,22.26768052096454],[86.53435877450194,22.30113846386513],[86.4968712530422,22.347209692336264],[86.44639111645553,22.32737623539485],[86.43972281969359,22.30323120325406],[86.3595238991238,22.34876696529971],[86.28337679460873,22.447826514918233],[86.11845421214656,22.486686478551857],[86.04542162511201,22.56751235951127],[86.0285048831598,22.524047355968605],[85.98448154757791,22.51511824933454],[85.95708126863066,22.46481039428924],[86.01806694285197,22.42573151211239],[86.02703101008665,22.395107230775547],[85.99799471305576,22.34160496804155],[86.04874309197615,22.307983710692653],[85.97383534544785,22.247066035462502],[86.03125535118492,22.189993176891246],[85.99671424007674,22.13244023602479],[86.00920589082082,22.115811466695508],[85.90827690237562,21.97084512283595],[85.76599721723575,21.994906527953567],[85.7955999056465,22.08073310943463],[85.83830882810135,22.079510595586594],[85.80976784145689,22.11575193704454],[85.68523388247797,22.05451656887416],[85.65382205625525,22.094658209601448],[85.54513621504468,22.089692068493235],[85.39781212936003,22.16317410569879],[85.36608682703576,22.158903348108677],[85.36602365570836,22.122690693364124],[85.30961280388671,22.117920454245056],[85.23674887015687,22.009374108604234],[85.18101174132359,22.072814645949585],[85.17404711550223,22.051574660862553],[85.15477500165484,22.078482254133256],[85.12187309854787,22.070817634807266],[85.09848362217275,22.105899513858052],[85.0404566140184,22.115743033102333],[84.9843520975901,22.08586500157216],[85.02840858549756,22.1221975928511],[85.07096394814108,22.274631701395972],[85.11695447022772,22.294448911762544],[85.0765394955639,22.356134097793024],[85.0671553671192,22.48425962300972],[84.8861708723427,22.42014446430549],[84.88007195116398,22.44890457088816],[84.83685714515188,22.431456752136437],[84.81020759098254,22.453307029244222],[84.75903844657296,22.44665163292526],[84.74991217683566,22.41894310914081],[84.53525364911765,22.427038544859293],[84.48018727793401,22.413308653303126],[84.48524827126036,22.38930724891956],[84.43095998843644,22.372985750188214],[84.42940672675005,22.35248877541007],[84.29146180541981,22.342853962984957],[84.1562836700118,22.40768782229489],[84.1408355639547,22.473870138914783],[84.0086756062046,22.525394698064048],[84.0094739551673,22.573104553773465],[84.08398421964023,22.63817298754026],[84.15243506185752,22.63685784540541],[84.2334303110789,22.680813830778334],[84.23183011691047,22.741890303632342],[84.28933310811522,22.766285621991564],[84.33358327549287,22.860626862326],[84.37246861236564,22.865322016686058],[84.39594231837505,22.938906205434836],[84.37410902949924,22.979134681318406],[84.28412534983434,22.963448268860155],[84.27739070170887,22.992975765127504],[84.21918319326785,22.97881777742111],[84.18576980470945,23.027148406956908],[84.17828193359128,22.979852419393787],[84.14946053423759,22.965434004204027],[84.13342901552258,23.083145795919922],[84.03743837611297,23.1399337131614],[84.07472554451823,23.33332629388237],[84.05096010343377,23.37456175640953],[84.00568119437588,23.35392514127998],[83.96231531239421,23.385400324564767],[83.98166800152931,23.422327063764264],[83.9709766276152,23.466976452031734],[84.02802633521576,23.545656300460713],[84.01656153699483,23.63442871038149],[83.93187719975235,23.62046688118928],[83.93766469478497,23.56904559312921],[83.775292268616,23.609006171930996],[83.72283233497467,23.685916081925004],[83.74604055737659,23.71954646115311],[83.7053201159903,23.820808402102383],[83.5711641376115,23.862185231071756],[83.58573195577566,23.88645259002758],[83.55341841414547,23.898117768508254],[83.51569460522329,24.027215443705277],[83.45146746180886,24.042779431169237],[83.43163897100038,24.085986109525347],[83.32964600625455,24.101788879284605],[83.40911686564277,24.266346296061826],[83.38004832178812,24.313149895400375],[83.45728193504608,24.364568165370873],[83.38658489588504,24.448180714544762],[83.40152207164962,24.503452162086017],[83.50576988411537,24.525667235410094],[83.71863425971696,24.503351043564614],[83.87268959879364,24.532201235142594],[83.93678832624157,24.549671826890194],[84.00835443513434,24.64280078336329],[84.05210627917616,24.610397899871536],[84.1083415723435,24.477495142997405],[84.14071635931313,24.500510355270002],[84.14564080332643,24.537534084606058],[84.17822595058277,24.505159948161996],[84.18831388120478,24.553309318877748],[84.2568739172381,24.526925529763307],[84.27049457961444,24.560130997737858],[84.29722319720688,24.560478395612307],[84.32752928624808,24.50033035078008],[84.29741128196949,24.449046058058354],[84.3355838299188,24.431353252980887],[84.32049518202768,24.42111201603772],[84.34197003681696,24.39325947374771],[84.43077935519912,24.356605216337815],[84.4243963867276,24.32982489871428],[84.46002913506062,24.337367270005757],[84.48368231368403,24.312932888607886],[84.50502740503389,24.331365803496066],[84.49621829449077,24.28632737317969],[84.53168586779591,24.33867636812023],[84.52777947640926,24.37647980275324],[84.57234912602446,24.382822437801405],[84.56754894776105,24.409209774525863],[84.66529389541095,24.390981663141893],[84.68641500891268,24.45673510419424],[84.80218797470833,24.53063336658868],[84.83879028550732,24.512713364257063],[84.83984694862319,24.452359728717397],[84.88738085002981,24.463188265922643],[84.90391216711441,24.372219173714676],[84.9746591265541,24.374679922927506],[85.07952723919827,24.433482011592748],[85.08876040575944,24.372266079693137],[85.17394443986188,24.420586866104603],[85.15264619116255,24.455174187176564],[85.22611816037221,24.463257076213655],[85.28262818979448,24.491639555981664],[85.28820643575641,24.523069398855704],[85.39170966702247,24.529937158290718],[85.37081855816612,24.555259248032357],[85.4344895366218,24.528035148146845],[85.49777030218948,24.546604072665083],[85.52382276415578,24.52096598408854],[85.54089684782663,24.56234792413892],[85.57172002331502,24.561662365333593],[85.58063013234383,24.60075686246139],[85.66799870213062,24.578982457721303],[85.64901128595633,24.68458673266751],[85.70716676128117,24.724535301400362],[85.70745945036703,24.77961310829232],[85.73668833631336,24.820782013190378],[85.77811645071755,24.796537338323112],[85.86725381138359,24.804682408078726],[85.94534914974753,24.732960312659912],[86.05529381723369,24.779738560420395],[86.03690629600617,24.740668855215933],[86.09420637395786,24.744916074641868],[86.12854129745388,24.69874778782217],[86.12460550151307,24.61128275362537],[86.16687323797565,24.583750872264467],[86.21362973553873,24.594346010785713],[86.21496445059124,24.61385874033795],[86.25920687449117,24.578200473774235],[86.32280732082403,24.586905525669074],[86.27613316822978,24.46591216118944],[86.37737957817727,24.430755277343135],[86.44528040620058,24.36785016689473],[86.4720325129411,24.393543874845786],[86.46781752060997,24.425220900283875],[86.49124344522941,24.428028908633312],[86.49971210505961,24.509885044272103],[86.52768916350473,24.544241072337556],[86.5524267101857,24.536121866460796],[86.60341513961122,24.608160249266582],[86.66938257575084,24.56618560196154],[86.78701578541327,24.616453037710173],[86.81092919339807,24.59923385065102],[86.80209457159921,24.570284354216163],[86.8435533374192,24.574901805090576],[86.8567889126945,24.55466284663784],[86.88128787671748,24.574168716233807],[86.91644128311657,24.545150505623994],[86.90873630716057,24.59565234851132],[86.93980204574197,24.65255544660787],[87.05107242805985,24.60855888838768],[87.09571219028469,24.80275191729208],[87.07447451498493,24.817743820952447],[87.15671513282068,24.881013618677645],[87.15033213829801,25.02609010112349],[87.21265145588171,25.091164522322],[87.23711211663925,25.08921033002505],[87.24130620607207,25.116925919337696],[87.29550496908297,25.08856273448551],[87.32752132196605,25.22364245402737],[87.37188280767542,25.206274441391383],[87.40132313368343,25.227200308873684],[87.47810605318018,25.19440699825097],[87.47326013899071,25.238283068746302],[87.50056802171939,25.259876809103506],[87.48739943471315,25.297323570067842],[87.54297343577906,25.281060279407285],[87.55185839377654,25.33265732619293],[87.58437836466578,25.349120113199167]]]}},{"type":"Feature","properties":{"name":"Tamil Nadu"},"geometry":{"type":"MultiPolygon","coordinates":[[[[79.76913223480683,11.900707167818743],[79.79652019605487,11.89498956874575],[79.78060830059634,11.862795529092773],[79.76913223480683,11.900707167818743]]],[[[79.22893557677796,9.241938333883335],[79.24031884480202,9.242380927457017],[79.23782949636872,9.235566661028924],[79.22893557677796,9.241938333883335]]],[[[79.06878737835416,9.20947054720417],[79.09091501730083,9.194820122593667],[79.0566541904427,9.196907056773954],[79.06878737835416,9.20947054720417]]],[[[79.12272737625759,9.214026876941764],[79.12328054892807,9.213514576864696],[79.12259888573092,9.213828364119653],[79.12272737625759,9.214026876941764]]],[[[79.21141048852886,9.250734099059773],[79.20465124093764,9.226023975404148],[79.17492798244604,9.239788646555024],[79.19140631420022,9.25700486640225],[79.21141048852886,9.250734099059773]]],[[[79.1609564300349,9.238275300606674],[79.15778442396945,9.236774947585356],[79.15861942778895,9.238761542074627],[79.1609564300349,9.238275300606674]]],[[[79.15064038751784,9.23996557766888],[79.14377280669662,9.238403390645605],[79.14600290313555,9.242831839929986],[79.15064038751784,9.23996557766888]]],[[[79.14850819307185,9.233153557464748],[79.14423498631704,9.23150238846423],[79.14608781548947,9.234589601352145],[79.14850819307185,9.233153557464748]]],[[[79.14216966515572,9.236405130017227],[79.13757608144137,9.23585806420547],[79.13939934526114,9.238298439862033],[79.14216966515572,9.236405130017227]]],[[[79.14144614585622,9.213402717287575],[79.13944803484786,9.2117812136421],[79.1387863717422,9.2124928687626],[79.14144614585622,9.213402717287575]]],[[[79.12939908841425,9.212909164379221],[79.12902885136316,9.213705933990804],[79.13289262936766,9.215290564254115],[79.13399780510217,9.215142685722972],[79.12939908841425,9.212909164379221]]],[[[79.12371827640645,9.218292210166474],[79.16493733487773,9.214047622745378],[79.16455324131337,9.208993918386819],[79.12371827640645,9.218292210166474]]],[[[79.13979644553251,9.253728694999433],[79.13522694565088,9.253624687721214],[79.13734911310168,9.25585639058556],[79.13979644553251,9.253728694999433]]],[[[78.69883787888618,9.158541302630615],[78.69787351317417,9.158429546309653],[78.69874285329881,9.158713197978795],[78.69883787888618,9.158541302630615]]],[[[78.82897996987816,9.17057895257003],[78.82390365847958,9.166695618989374],[78.82849940713379,9.173744678550333],[78.82897996987816,9.17057895257003]]],[[[78.94334523789438,9.187300532315772],[78.90317667470624,9.178377002510802],[78.89718503033879,9.179555725875373],[78.94334523789438,9.187300532315772]]],[[[78.82573355815437,9.160046283383497],[78.82520404082024,9.15902996485268],[78.8244726136513,9.159636895485223],[78.82573355815437,9.160046283383497]]],[[[78.8189001690095,9.160262455328432],[78.82213584317071,9.160509724832094],[78.82229866551091,9.160016168293112],[78.8189001690095,9.160262455328432]]],[[[78.81624767843576,9.160348530304294],[78.8150784384485,9.159957300321292],[78.81481151484158,9.160681208612846],[78.81624767843576,9.160348530304294]]],[[[78.81944732656083,9.16569106929856],[78.81906040420166,9.16082241322014],[78.81666174788282,9.160117319937969],[78.81944732656083,9.16569106929856]]],[[[78.70350502474085,9.185082446347957],[78.70189525003993,9.185799545114675],[78.70184136639425,9.186084041304056],[78.70350502474085,9.185082446347957]]],[[[78.96990363462196,9.18329464941545],[78.96900965909897,9.182613655318614],[78.96922219510533,9.18395144321195],[78.96990363462196,9.18329464941545]]],[[[78.96648084138705,9.186725040583982],[78.97092654533766,9.184765844616843],[78.96835781727431,9.18589739053233],[78.96743090412312,9.18264014944814],[78.96648084138705,9.186725040583982]]],[[[78.91035081010976,9.186467800508325],[78.90999068719046,9.186192625720809],[78.91000092349312,9.18664490021851],[78.91035081010976,9.186467800508325]]],[[[77.3174423190954,8.121791477897563],[77.31712504401852,8.121641501886979],[77.31731554435093,8.121881179433027],[77.3174423190954,8.121791477897563]]],[[[77.32238190061955,8.122376264992605],[77.32291778970398,8.122391228419453],[77.32248806621476,8.122001397440869],[77.32238190061955,8.122376264992605]]],[[[77.32510390103329,8.123617619242374],[77.32453324804571,8.123173124057223],[77.32461356551696,8.123607506999058],[77.32510390103329,8.123617619242374]]],[[[77.30975046213577,8.126949898571313],[77.30791680211321,8.126157793175528],[77.3050825886457,8.129040226994366],[77.30975046213577,8.126949898571313]]],[[[77.30182288455065,8.140465206121885],[77.30136112713842,8.140332605311594],[77.3013555306342,8.140599698351673],[77.30182288455065,8.140465206121885]]],[[[77.31019058991261,8.125392601686052],[77.31111063544346,8.125458699584359],[77.31083085065663,8.124987680455364],[77.31019058991261,8.125392601686052]]],[[[77.32486069744151,8.125930457165467],[77.32326404533022,8.12598874428953],[77.32475359580174,8.126634795882717],[77.32486069744151,8.125930457165467]]],[[[77.25121862414794,8.168462715811554],[77.25032531966646,8.168224840110696],[77.25071363441434,8.168781975481645],[77.25121862414794,8.168462715811554]]],[[[77.30147028771678,8.141602625333654],[77.3009167099061,8.141447518579046],[77.30119721783673,8.1419636278868],[77.30147028771678,8.141602625333654]]],[[[77.24596875374486,8.172154835889636],[77.24509198095957,8.16971666046981],[77.24331075110857,8.170826588769764],[77.24596875374486,8.172154835889636]]],[[[77.3013215186209,8.141082564567863],[77.30062951132325,8.140665018305299],[77.30089592468708,8.141135647304694],[77.3013215186209,8.141082564567863]]],[[[77.30172212501681,8.140876391695581],[77.30146349555493,8.140839453493383],[77.30157164732525,8.141006973699856],[77.30172212501681,8.140876391695581]]],[[[77.3017651534206,8.141323477239474],[77.30153495114588,8.14123691559109],[77.30156069955687,8.141467268189157],[77.3017651534206,8.141323477239474]]],[[[77.23558603467417,8.175607726505692],[77.23982763061245,8.17652598473137],[77.24027373577917,8.174457967877665],[77.23558603467417,8.175607726505692]]],[[[77.2273853413949,8.188036955579316],[77.22683368058905,8.187461402398789],[77.22714850146855,8.188275734402172],[77.2273853413949,8.188036955579316]]],[[[78.16575034698035,8.797918627964746],[78.16497821445094,8.79800859653682],[78.16548700765145,8.798289289108594],[78.16575034698035,8.797918627964746]]],[[[78.22073993556344,8.872637028951218],[78.2277770536316,8.867850552864109],[78.22648104428974,8.866404168264268],[78.22073993556344,8.872637028951218]]],[[[78.22348016548925,8.884087441219252],[78.21851698162932,8.879910338702135],[78.21775275427443,8.88513134862858],[78.22348016548925,8.884087441219252]]],[[[78.2726102060691,8.941445543113494],[78.27222872300895,8.941115462599958],[78.27239248229199,8.94166227864123],[78.2726102060691,8.941445543113494]]],[[[78.49637111642268,9.090941809841446],[78.48655776215548,9.088594395164055],[78.49020962399118,9.094324157998473],[78.49637111642268,9.090941809841446]]],[[[78.25050704351898,8.951467595368312],[78.25030640749523,8.951002275537377],[78.25007982632944,8.951422270063649],[78.25050704351898,8.951467595368312]]],[[[78.25118384054225,8.949772619643454],[78.25534901230773,8.954939574295143],[78.25481695992788,8.948538368282112],[78.25118384054225,8.949772619643454]]],[[[78.2665589503977,8.939420550481385],[78.26913743326672,8.936757626184557],[78.26684564233072,8.937331715288781],[78.2665589503977,8.939420550481385]]],[[[78.20953218487118,8.836336892563043],[78.20466558517566,8.832064623429266],[78.20390095178223,8.83729003571588],[78.20953218487118,8.836336892563043]]],[[[78.21257675772705,8.837960458398738],[78.211059893081,8.834958886316391],[78.20809598803935,8.840129403826325],[78.21257675772705,8.837960458398738]]],[[[78.53922193406484,9.104304804963826],[78.53494393569632,9.102645308127743],[78.5388780185499,9.106181640409552],[78.53922193406484,9.104304804963826]]],[[[78.57928814949769,9.112890854529342],[78.58837486012484,9.10708036157651],[78.57062758796323,9.101457082235523],[78.57928814949769,9.112890854529342]]],[[[79.49652232360667,9.123272195548877],[79.49181472212317,9.124132583232251],[79.49645008468478,9.124931258620824],[79.49652232360667,9.123272195548877]]],[[[79.48818757743251,9.128199607894805],[79.48820072068341,9.126495329476661],[79.48700919259562,9.127304885890002],[79.48818757743251,9.128199607894805]]],[[[79.48056296655842,9.130663745307487],[79.48156774298349,9.12879190430043],[79.47967113800895,9.129804991149824],[79.48056296655842,9.130663745307487]]],[[[79.48280664642274,9.13440164879616],[79.48221913205725,9.131942641502345],[79.4814507122649,9.132991575195604],[79.48280664642274,9.13440164879616]]],[[[79.47281865517272,9.13929123752147],[79.47340476277648,9.136714320791839],[79.4697436285304,9.139508948452683],[79.47281865517272,9.13929123752147]]],[[[79.46735188295104,9.143483271717455],[79.46744667048486,9.140617079606384],[79.46505462486823,9.14342506352407],[79.46735188295104,9.143483271717455]]],[[[79.45464243386968,9.14542544532308],[79.4537186540422,9.144001621419328],[79.45406470215762,9.145732940013607],[79.45464243386968,9.14542544532308]]],[[[79.45568914455052,9.14773982837097],[79.456121128201,9.14666378766512],[79.4549930786644,9.147179373614982],[79.45568914455052,9.14773982837097]]],[[[79.4457231000412,9.152163012445898],[79.4444721088715,9.15244802160472],[79.44545504365875,9.153871833876952],[79.4457231000412,9.152163012445898]]],[[[78.69691360849586,9.15279782493274],[78.69368316342792,9.152676165701262],[78.69619526528903,9.155873120959987],[78.69691360849586,9.15279782493274]]],[[[78.7535300999574,9.154129197795445],[78.75417931870145,9.153350562108251],[78.7527559992192,9.153416162563671],[78.7535300999574,9.154129197795445]]],[[[79.45229147000762,9.149883292802155],[79.4526000889184,9.146528902757778],[79.45003024784242,9.14805738725685],[79.45229147000762,9.149883292802155]]],[[[77.24466356721405,8.174359557856732],[77.24439400884846,8.17372191058972],[77.24412984935768,8.174208767486977],[77.24466356721405,8.174359557856732]]],[[[79.44351306837248,9.156747345724781],[79.44760679442847,9.154038691375264],[79.44722435017098,9.15275943288555],[79.44351306837248,9.156747345724781]]],[[[78.73099887759798,9.155915275659712],[78.73090645532828,9.152226263777814],[78.72788226255125,9.15298623937159],[78.73099887759798,9.155915275659712]]],[[[78.75209298504733,9.15716095311613],[78.7515354025471,9.155683344044258],[78.75092810009254,9.156832353763487],[78.75209298504733,9.15716095311613]]],[[[80.26879994891176,13.56531121693289],[80.3260617361745,13.444929690689294],[80.34471519555706,13.276242829880138],[80.26059255330215,12.943937306730879],[80.25466958962974,12.780807964844268],[80.15020926990375,12.436472529939602],[79.87379284829845,12.042623534488682],[79.84976470029905,12.051816570374996],[79.8405729999714,11.955828715931101],[79.81254361825425,11.97793458573014],[79.80501182580689,11.953299304262227],[79.7846600897016,11.95990581922332],[79.75988251498991,11.943642895994994],[79.76213345683499,11.928588071528395],[79.75021249501111,11.919949872265745],[79.72344473333014,11.977093115025331],[79.76036347568798,11.989244215154885],[79.74755996041995,12.0078337348639],[79.69159727899185,11.951351023982138],[79.72084718910911,11.944898386226395],[79.74064997372743,11.905469612213121],[79.71113323702134,11.89075175248961],[79.71860190754863,11.918974926234034],[79.69624346625264,11.919177026230338],[79.67380679067857,11.891588432393526],[79.70995429792394,11.889188862421873],[79.71875343087919,11.853339189751598],[79.75182192206402,11.848389329996293],[79.76392291345738,11.877014722090589],[79.76928248881788,11.838011116905905],[79.78221687335144,11.855922296838122],[79.80813768541623,11.845299100918236],[79.7700646950549,11.822639922927676],[79.73666780944656,11.844252974808008],[79.71229475598875,11.791554512491723],[79.79576112682633,11.785499854197658],[79.75724974423329,11.557507073112781],[79.84309174667064,11.351165542234812],[79.85436081546587,10.983316684627638],[79.84019704604181,11.002115741134297],[79.79770790720104,10.982551333598064],[79.7471141840366,11.002980986595498],[79.76388244974372,10.95982109923778],[79.73033789637404,10.970488093110689],[79.71870431728765,10.955994200863165],[79.73651969162924,10.957196642676147],[79.72476320324908,10.929025896149748],[79.76293715257023,10.913668538067407],[79.75620825995075,10.89181501883275],[79.78924416654532,10.908502744131951],[79.78357626961636,10.888535101430374],[79.82849837413163,10.883846012287604],[79.80785451038753,10.855679066423402],[79.85272333941651,10.826937417467077],[79.88104612707511,10.304285085123633],[79.86027548409496,10.28248685590676],[79.76845831957898,10.271864587511248],[79.38908624916208,10.317356366192016],[79.29684731753538,10.262396167384876],[79.22822211501641,10.147380711379094],[79.22852714515761,10.090271897864758],[79.26601433963062,10.039305979968105],[79.15510314508582,9.931596888215166],[79.11887246731986,9.852361083483792],[78.98026362002777,9.689639449117838],[78.89839641119435,9.489583157285223],[78.93606029979215,9.409172109432106],[79.06650321501321,9.298000072856583],[79.20967550664359,9.282859872923463],[79.32940653312441,9.320220470158636],[79.31568967824917,9.274055369821552],[79.42341387294807,9.177128221137409],[79.43284080252278,9.160938065639547],[79.29987015475467,9.24580707230792],[79.21683667845926,9.255279170895179],[79.20862433492906,9.281686862971679],[79.08967027121896,9.26015576057193],[78.96461919525011,9.274044347056561],[78.7325723810227,9.211591054333065],[78.71655176695688,9.18908671281804],[78.66412753416161,9.19353003197226],[78.64278209067217,9.175857460853907],[78.65741197703254,9.157726936823646],[78.57846525137495,9.130437321947527],[78.41170197148828,9.112536176228678],[78.19026715962971,8.928428244749519],[78.17174397662458,8.882861339132429],[78.1605633200196,8.77473315897191],[78.1970108717564,8.762673804406488],[78.20045982123744,8.792860091743327],[78.20197365496772,8.756025789339905],[78.13852612794734,8.680180243669145],[78.14327432519684,8.501672382616697],[78.06366501655872,8.412436416973339],[78.06643374823187,8.373792416015096],[77.84108011859135,8.251660829583424],[77.79369050907727,8.162315164094085],[77.60450908765748,8.147188041581977],[77.555934216703,8.07664466982547],[77.33138495653418,8.127391928010914],[77.32367535245778,8.126563552719617],[77.32313774040466,8.125830096541147],[77.32295628970041,8.122942575084776],[77.32217403405606,8.122456617147638],[77.31534205975775,8.122205253597972],[77.2986519654467,8.146527842247911],[77.09773261034887,8.293584288455284],[77.14822419416721,8.331711641557535],[77.1802919477525,8.323434005256969],[77.15067447307214,8.384458134764637],[77.22699535039071,8.446731115514014],[77.20127547528531,8.500969788757327],[77.26161393400568,8.50627529103725],[77.28375606367617,8.54685140048988],[77.16999157904053,8.741850180160423],[77.22971675791639,8.78466360073648],[77.26399115562349,8.84206893499998],[77.25833876990457,8.874972032966614],[77.2213048859852,8.927519190106208],[77.1927129127618,8.926313512430124],[77.19620524368457,8.954698625123994],[77.14700999349995,9.021366285015706],[77.19717519062944,9.046550661534809],[77.21206627114182,9.099888866730586],[77.26779965130542,9.153421294028597],[77.25247399640129,9.189545986568072],[77.28221741937607,9.216893150524893],[77.28296704371773,9.301419846029333],[77.29997996289751,9.336804627972164],[77.32521031456356,9.337223226160404],[77.34928227250104,9.441200231004384],[77.3925367067936,9.459456056981326],[77.41232049024705,9.509082635352339],[77.36548900312067,9.53519478813165],[77.36105476167307,9.602365849241547],[77.33942423962488,9.573424915282233],[77.31774607812049,9.602609345833057],[77.26964118955304,9.572874617524327],[77.20888475551077,9.61355033919148],[77.16582739901511,9.61294070168897],[77.22387498667432,9.730446063265012],[77.22278883815588,9.788367107662763],[77.24679666985682,9.798458529415488],[77.22187122885606,9.823059737693281],[77.23728223269532,9.851990989022642],[77.21834772998623,9.904908890535514],[77.2727897980986,9.964293512469489],[77.26389717657342,10.029307110386844],[77.20118377975268,10.107203462288817],[77.26771637837689,10.122207643029055],[77.2952790897955,10.218546066864459],[77.25911824975468,10.23045950223318],[77.23525271029641,10.352869869019992],[77.17599452062097,10.358574913364139],[77.09142847623006,10.315060116029677],[76.98359357405383,10.219659293726579],[76.91187581337142,10.234259902237332],[76.87315101711805,10.297546227649867],[76.84856899127064,10.28452150124193],[76.82992965969254,10.30315321540764],[76.84861912624666,10.367415641613002],[76.81603791900115,10.423003113104613],[76.84308859699598,10.536679351345192],[76.83860189752906,10.596327759920065],[76.81012200440875,10.623840723749995],[76.88212093597846,10.638965535985793],[76.86750057086181,10.694280944315857],[76.90728614721,10.783407270025698],[76.90075956417569,10.808025012328178],[76.84824284263537,10.819528153062825],[76.82838585187616,10.872638198008037],[76.65905766535936,10.930588113269302],[76.6997058516541,11.026658177893516],[76.76656342212057,11.029179068227158],[76.80077286803933,11.053978536362855],[76.74648747779064,11.056751507188222],[76.74806348661669,11.135479816017911],[76.70019005527033,11.153631351836916],[76.73454195512859,11.21807401762112],[76.70580407484184,11.240444064160286],[76.62891880669147,11.194251381096308],[76.43859358826819,11.19904787721422],[76.45306208869451,11.2394545086324],[76.54572606807936,11.300396525879169],[76.54783047134538,11.35896837110648],[76.50815900619108,11.354208716200233],[76.51772581693027,11.371646331025694],[76.46035580872693,11.388889462120371],[76.41868184609073,11.441866009961204],[76.34220449482609,11.467675752100961],[76.32601222528592,11.454063100160791],[76.284414711077,11.483003598940762],[76.24722594592458,11.467987698647654],[76.23381472036684,11.570656020262719],[76.2789878321388,11.600891232321787],[76.30236480486347,11.571306998869511],[76.35455837903989,11.589391723591929],[76.38807684174046,11.629747244125733],[76.43246081856958,11.63136966897424],[76.43133512800897,11.666481186125402],[76.51106164253714,11.705098411564682],[76.57669432687602,11.61461426407002],[76.7568670850972,11.618552579277772],[76.84688351643902,11.594584724002969],[76.83495472400082,11.655530754088979],[76.90795728754192,11.795358759405845],[76.96987598345834,11.776971997642793],[76.98210288092527,11.81161574660393],[77.01289466658271,11.814726624607673],[77.03870316228752,11.793957799588268],[77.02881809910443,11.774785977329858],[77.06289640805974,11.790507397527783],[77.0801703273554,11.736092274084529],[77.11765843361839,11.721181703494356],[77.11070002054556,11.773582283515912],[77.24983086627284,11.81312017365265],[77.29380917829273,11.809105005259582],[77.33510264421898,11.771336725675313],[77.39440991334996,11.787738136447707],[77.42723914993698,11.7609537333848],[77.46657085338619,11.847184835893952],[77.46158563834392,11.900087487189793],[77.48615772073944,11.88751382212378],[77.49475968426961,11.943950490031613],[77.67564961788776,11.95207918942064],[77.69634133758198,12.015830764493368],[77.77553532092828,12.118502907153623],[77.72767209624021,12.1815912450574],[77.61073070073765,12.206205165071065],[77.49268868216247,12.197393522182413],[77.47201668228533,12.207954992265371],[77.471995049955,12.249930407235299],[77.48757660434083,12.28055557973168],[77.55131467527016,12.291266724187727],[77.61678543648249,12.368258272627251],[77.63460487659904,12.487656429595134],[77.5836601681784,12.4788528392406],[77.61630650597695,12.509237248722883],[77.58718265824018,12.514811636866535],[77.58033110516024,12.551646082461735],[77.59885555389157,12.667212498298946],[77.73990879612354,12.673043956964857],[77.80851856738256,12.796777995195747],[77.79244499763078,12.842755689067113],[77.83599545286062,12.870381119338248],[77.92930560390406,12.890966442741178],[77.94130553662457,12.868790757893104],[77.91854748516431,12.830627195594255],[77.94065824207186,12.82339607018204],[77.95231623557105,12.857168031086449],[77.99518152686905,12.805909326448212],[78.02384494041199,12.85655189975727],[78.05353794993303,12.853841254091574],[78.13421424422798,12.782017298073104],[78.23092787652435,12.760710107975598],[78.24098415590562,12.729991246381209],[78.20572389400515,12.706451996544152],[78.21056483512118,12.686125680544832],[78.2710614404507,12.705106153129343],[78.37139757674097,12.627154656097296],[78.46488948301754,12.624058477801391],[78.46787173255565,12.675938732313181],[78.49975627294212,12.676186679425557],[78.50304169041387,12.716815289367016],[78.51998560999671,12.712059094498882],[78.48906110454426,12.742025974709659],[78.54425194359874,12.710983248717536],[78.53487677495072,12.691170439618489],[78.55584692836557,12.70020274935658],[78.55560062648436,12.75582982295686],[78.59249357821035,12.782719673383],[78.6334106814736,12.931787739324925],[78.65698861451386,12.932147878432806],[78.62087328132871,12.991281446343239],[78.65619150253134,13.031209601277451],[78.70524724345401,13.015278565951776],[78.71449313195625,13.068717472793415],[78.75175202588798,13.054980790599013],[78.81311572465557,13.089180237788842],[78.89155610412348,13.097124395051406],[78.89161664877699,13.033096243460347],[78.93707999813239,13.030464174969495],[78.90364918046087,13.047743190551314],[78.92391572753112,13.080846017643694],[78.99497450747731,13.086644830615988],[79.08087816758079,13.025763218892344],[79.11445250189878,13.039307728076864],[79.16309076696284,13.020305715221395],[79.19296622431807,13.046730200543564],[79.18062950151946,13.084276703144955],[79.23439708846533,13.105262416119377],[79.23284412951118,13.139403340555987],[79.21000170738114,13.148491322118382],[79.23490094452507,13.170876212654887],[79.2452440236372,13.138308825015642],[79.25742740850842,13.16076886624977],[79.28398771146101,13.122802703447155],[79.31243349016009,13.12617409167437],[79.30715928349767,13.105554691318089],[79.34113711948171,13.136868491282971],[79.36047389046996,13.123569580372251],[79.35608536159224,13.164610841946784],[79.38769654912934,13.177560047561686],[79.37400280880468,13.189288193957173],[79.43839703347203,13.188205542503466],[79.4531218825377,13.238381398983437],[79.43097569877031,13.229745714461421],[79.40838951838015,13.265299362647507],[79.44539387647274,13.301280652207364],[79.38186066544563,13.307517289059486],[79.43540184370227,13.351738084475187],[79.53727627394969,13.338674575127765],[79.53457231260515,13.275425221996828],[79.57923531244974,13.25782123868358],[79.59602604681872,13.284881397452445],[79.63160620687671,13.269725464320649],[79.6825735672156,13.295850692490786],[79.68424096704537,13.244456009287081],[79.70909151550087,13.25107034618036],[79.71637284866385,13.21644889477328],[79.73728332160451,13.236561520236451],[79.75004759307103,13.208021266085476],[79.75495636956744,13.20650510902747],[79.79475302034649,13.241922235974913],[79.73367983943673,13.288843220040192],[79.76079672955622,13.318505805900259],[79.79169950386365,13.293549606515672],[79.80886910539864,13.31727855695282],[79.86275876081523,13.316946289727014],[79.93797313558764,13.35554602167392],[79.96272103355562,13.391380128421364],[79.93453829684312,13.416475641844901],[79.97330580708993,13.429694336739564],[79.97238828223178,13.46911303512534],[80.04658574883122,13.493704095711086],[80.04801688365644,13.512550790855995],[80.00048784932204,13.525695786564695],[80.00422663214466,13.544882618061239],[80.08122760869348,13.549770453838173],[80.07816579537068,13.488830870127746],[80.13917917004208,13.504292982539063],[80.24177825326292,13.470665481610363],[80.26879994891176,13.56531121693289]],[[79.6927597151392,12.035293215053818],[79.66136068002781,12.012296084743092],[79.6569393329978,11.991563719272545],[79.71960396656995,11.992169296445017],[79.6927597151392,12.035293215053818]],[[79.78831721386827,12.019235012965627],[79.80531436761481,12.024543899860484],[79.78928976233419,12.027686726614663],[79.78831721386827,12.019235012965627]],[[79.64268776852607,11.942117436605766],[79.65136154248174,12.022298628969834],[79.62638953640993,12.031895199523003],[79.63209952479986,11.901271158528562],[79.67053784381753,11.929824890438839],[79.64268776852607,11.942117436605766]],[[79.6864862288429,11.97320707881271],[79.66216470454643,11.969087497871596],[79.65449099445385,11.953707328584041],[79.68460721916986,11.953355434689147],[79.6864862288429,11.97320707881271]],[[79.66336199981838,11.861293368392007],[79.599327116536,11.88294503783985],[79.60197174505434,11.857802793463547],[79.66336199981838,11.861293368392007]],[[79.69908703118224,11.861265302900318],[79.69714846500247,11.874040847061398],[79.69597923848993,11.86039426285556],[79.69908703118224,11.861265302900318]],[[79.66172425517273,11.839308530713282],[79.646286532742,11.816257312716079],[79.67122518885886,11.814853842946473],[79.66172425517273,11.839308530713282]],[[79.70034787597231,11.821662258286088],[79.69195776033897,11.814165203650468],[79.70259985986314,11.813470708321622],[79.70034787597231,11.821662258286088]],[[79.69053892345,11.808500117569116],[79.6745722595052,11.803559799588259],[79.68130823803561,11.79631914646354],[79.69053892345,11.808500117569116]],[[79.7226200430684,10.93712328445342],[79.72017983248118,10.936117667124279],[79.72162485256574,10.935038759760003],[79.7226200430684,10.93712328445342]],[[79.739261485522,10.920678570602085],[79.73970673639089,10.920151232067385],[79.73944800002948,10.921378333950276],[79.739261485522,10.920678570602085]],[[79.80596658403694,10.879701536943784],[79.8099463264598,10.878428397259336],[79.80967754603522,10.880482865630812],[79.80596658403694,10.879701536943784]]]]}},{"type":"Feature","properties":{"name":"Uttar Pradesh"},"geometry":{"type":"MultiPolygon","coordinates":[[[[79.37255518989396,25.180018400295662],[79.35446513768791,25.175894063907098],[79.35951991646918,25.188555376772474],[79.37255518989396,25.180018400295662]]],[[[79.36505956092499,25.144534118741458],[79.38718989571582,25.08569854578783],[79.42591071422916,25.05859109295065],[79.41304827846166,25.035274964810814],[79.35610641450924,25.04047070320837],[79.35113246703561,25.068884299853327],[79.37980538205933,25.064794018395393],[79.37969052346708,25.10122428230135],[79.35036900863855,25.118101240289317],[79.36505956092499,25.144534118741458]]],[[[77.57602127409129,30.397443669214223],[77.65663291304197,30.400998695010045],[77.72183494772857,30.330265884532118],[77.96168597659813,30.242430277164495],[77.86040357385214,30.113250142212166],[77.82804152948485,30.085974142426682],[77.801182498971,30.09553387647985],[77.77112601491636,30.048077249424523],[77.78197197092456,30.018682617450285],[77.73328462730326,29.95598729839907],[77.74776378174886,29.91121893291557],[77.71428516202609,29.869506419898322],[77.7746619464697,29.791073286750613],[77.76971917951956,29.71765275987638],[77.81047197013756,29.702421874112495],[77.7990420858385,29.686241773272197],[77.83003758335119,29.66834997154569],[77.9470120835686,29.712536871087835],[77.98377718526676,29.64368931606862],[77.97767993225956,29.613497181165997],[77.93329216723487,29.600565780085066],[78.0215898285874,29.58090413480565],[78.05746256903512,29.630739928697245],[78.08667932952173,29.625086005588145],[78.19602225243003,29.692732034171243],[78.20391367731655,29.737321800538858],[78.25974395246163,29.73839408282455],[78.335651480782,29.79666482084687],[78.50095874879831,29.73296520971331],[78.53266884803467,29.638809270562025],[78.61772794354911,29.558086059381893],[78.7996701969287,29.464635178112633],[78.94233080008843,29.438632602777982],[78.84986589904864,29.34487633724331],[78.8247304211547,29.367190007793873],[78.7959081450453,29.31182327121917],[78.76654861261561,29.337459181485894],[78.71858479188707,29.30669765794415],[78.80762536806441,29.236566694935686],[78.87446359420954,29.230259967596748],[78.90874858844373,29.17861941846857],[78.90635714290167,29.1250578393186],[78.95646567879464,29.119970323898862],[78.98234245993577,29.14310402506608],[79.02669822427508,29.112475212043407],[79.0406317887295,29.127725426709457],[79.01692001659335,29.13083039198164],[79.01782042225716,29.15389890247949],[79.03740025400512,29.144881880190372],[79.03583915002628,29.169451128798226],[79.12686688225706,29.13274453281875],[79.1535012072874,29.115244398857772],[79.14250347192879,29.06700620107794],[79.17510821413643,29.046305688082988],[79.17105656427006,29.011927886415805],[79.21173414613583,29.0276241518282],[79.30726764816872,28.9665271744972],[79.3647037508174,28.968135182843316],[79.37236130470956,28.987532182446785],[79.42794784895177,28.919845093449982],[79.42557262069555,28.866478832953828],[79.52178441095509,28.86480567146447],[79.55648257003284,28.899321567231542],[79.58427337268523,28.8792419062994],[79.58436542844228,28.84633396893951],[79.65605343602418,28.8698320969596],[79.7066740017476,28.841071802926702],[79.81802976713661,28.887870715526038],[79.84960639199316,28.859361759046593],[79.80876304760125,28.800078128052025],[79.84934672228218,28.799701267612356],[79.86319503571781,28.840281165071502],[79.88822781461522,28.836622515539506],[79.91552810029154,28.80433844669689],[79.87849499431321,28.81489853021627],[79.87306360942553,28.797347016794202],[79.93982606537138,28.78778140802566],[79.92408478962969,28.773227348797924],[79.95417132322893,28.72289700588437],[80.03013885721366,28.74869924671377],[80.0617432427074,28.783260938655673],[80.06508911589948,28.836732767314864],[80.11847807642783,28.8280054214559],[80.21533293556497,28.75501248520569],[80.2559517155089,28.753966292360225],[80.25671599406776,28.72899501192291],[80.31684926769577,28.700289914358688],[80.3733837169207,28.631043830286625],[80.45908977011959,28.624299296483944],[80.46929963895657,28.582658554106814],[80.5163851795268,28.55226345436901],[80.53054871449055,28.572127459998946],[80.50599431722804,28.67036143043211],[80.58663105600606,28.681629085530524],[80.5895670656632,28.647126022216934],[80.66737520364764,28.642426057342067],[80.69023551931983,28.587973547791197],[80.76866016030398,28.56591625362823],[80.78861987161928,28.524272005881816],[80.86588693634177,28.489382269160604],[80.86145909359395,28.50453232303557],[80.89634630402156,28.50705919682068],[80.9152364919394,28.457556454409286],[80.980160012057,28.455047229251054],[80.96428378061356,28.444586705370824],[80.97857129835789,28.434004193234667],[81.01723990319364,28.450665296395986],[81.034741221122,28.399220538197557],[81.0579504685017,28.41386271903061],[81.08909718391776,28.38576914279827],[81.2114576079813,28.360186297060945],[81.23274618002839,28.28892539257685],[81.32066796380819,28.197157787894366],[81.3211640970514,28.16860033989593],[81.30156484372698,28.166544020757115],[81.32793274730867,28.148009948104146],[81.31787574298696,28.13341088687279],[81.38402835334765,28.147149180453685],[81.3752262325958,28.17849629964088],[81.42561597530866,28.17116130297039],[81.4838703524513,28.118611349533644],[81.47811645620695,28.082613714723088],[81.64366580671755,27.993179782736597],[81.69880227973105,27.98770212398171],[81.88463384842207,27.856901591378644],[81.92538525114296,27.859893424235505],[81.967896574778,27.92879335257683],[82.06994852649864,27.92332961296103],[82.12154453775479,27.865461206145273],[82.20736484947128,27.843487154729182],[82.44923592171686,27.67966938766095],[82.70843097457228,27.72300704983232],[82.75380580124461,27.586483158641464],[82.73505325409297,27.50266695449016],[82.9292290461844,27.50105947438643],[82.95425830099096,27.468191261208162],[83.0348820519266,27.448821875820823],[83.18834369892357,27.45391816228921],[83.31788153993634,27.33052712645607],[83.36004736791982,27.343669060954166],[83.40970532323931,27.41262285517043],[83.38495272887903,27.436090636060907],[83.40251160007105,27.45679964755513],[83.38815945662682,27.479408077396794],[83.61485865476516,27.469260102074095],[83.830783081195,27.36992378742976],[83.86406143679652,27.347214210414677],[83.83675890533196,27.32227755225004],[83.85920102739162,27.308337427860234],[83.92576367735703,27.32154567703999],[83.9052570204928,27.257409400256567],[83.9702277659432,27.22402591664774],[83.99422724870189,27.175205839767653],[83.9465137893414,27.090854995057725],[84.0303797730381,27.0976637358807],[84.00010474684115,27.06862019494861],[84.04954478794069,27.043304248208052],[84.05486191161583,26.960137709532383],[84.03216069836027,26.941257358392154],[84.06029560697044,26.888168819743253],[84.14644804111883,26.885456754946972],[84.14064580832566,26.852713838128675],[84.1661360731461,26.833827922570116],[84.21953317600422,26.871663538014698],[84.25409777087062,26.85658865273496],[84.24070685172985,26.738755416819824],[84.30611865920501,26.749566236713168],[84.33033099417702,26.68397897718966],[84.41061880753574,26.670190825545365],[84.4199291259051,26.62689725927527],[84.28148429571252,26.59956165107381],[84.0865361734623,26.639172878473087],[84.08912370955275,26.603053725943372],[84.04779252785929,26.536265428766537],[83.97662824078299,26.533484363129592],[83.97122816936947,26.507543705003783],[83.90812154311797,26.519106896366825],[83.90805515402522,26.44711833944555],[83.99152125536817,26.43229982985747],[84.01733994784978,26.447636273907243],[84.07926429057609,26.382661103562526],[84.17694334859652,26.370691120964928],[84.16628757491709,26.24109102238951],[84.12069947831482,26.258629285584277],[84.08651204291714,26.21869555018201],[84.01903244391364,26.238868495303198],[84.02897074036218,26.199230669612007],[84.00945124396027,26.175468549011033],[84.05595483253322,26.100082524353763],[84.10390056748012,26.092732298105954],[84.17252861137037,26.02462750359797],[84.17005906989078,25.987719670776475],[84.20711032812608,25.99987559429827],[84.29694673618661,25.945218021545],[84.35398610866986,25.958826982734962],[84.411899087377,25.93078799589019],[84.4275885330217,25.89127892924674],[84.53402124229454,25.876276895360036],[84.53052344242835,25.83166152818525],[84.5507844172489,25.840651280450636],[84.62483848847451,25.791938740335656],[84.6029990892581,25.761983162897227],[84.6346905107231,25.727958166550085],[84.56031941684726,25.736943670940835],[84.55745037389956,25.679568310138293],[84.5354488359609,25.690543185638802],[84.53974363372359,25.72681299673293],[84.52913595045457,25.682714344745015],[84.49921910142604,25.67487711905561],[84.45347984261596,25.71397334214428],[84.40662565775727,25.69790170152352],[84.39103787085999,25.744957425305042],[84.33664057298476,25.743578470198106],[84.32396371657853,25.67036409859583],[84.27645487816837,25.659351044390377],[84.20581917327999,25.669791168381167],[84.19891392250564,25.70222577893612],[84.15465199707921,25.729316410437065],[84.10445937438406,25.72101342421086],[84.07499047386518,25.695342838554204],[84.08130833424157,25.636469487518706],[83.9246160122079,25.554339736792357],[83.87623839512017,25.518086746856138],[83.85677210683087,25.468594165531286],[83.81658138310301,25.462783562859677],[83.84637850736547,25.434375438353783],[83.8015863764954,25.42985514869379],[83.80786041974716,25.40912304943395],[83.76899835013859,25.38637881360347],[83.74061923182347,25.410655335448055],[83.70170788692661,25.39618311035173],[83.64882590949344,25.33929391800807],[83.57374820889996,25.306147724446387],[83.57208121331202,25.314686849259214],[83.53993252870616,25.31580909444883],[83.55411885662363,25.308513643268252],[83.49040113343378,25.28950215773313],[83.46794720301972,25.252366215524077],[83.40993625225109,25.246648110884564],[83.4020664704747,25.20910520805361],[83.35727623774486,25.199699871840995],[83.36740077291806,25.125265546403487],[83.32023795297891,25.01728210271007],[83.35056591420066,25.008795399699203],[83.35761230378085,24.87057488954272],[83.3968857092631,24.832444141114344],[83.39355280954034,24.782295797113886],[83.45826859604514,24.731550209438225],[83.48937186174757,24.73647251959361],[83.48505064812564,24.701603911684455],[83.52038437155512,24.677519684083258],[83.5004965937345,24.65126924991081],[83.54796365329744,24.622894829773383],[83.5032947551147,24.52543975680424],[83.39695983554539,24.496919995686227],[83.38552889572584,24.4512855428851],[83.40508647261095,24.404803091656404],[83.45728193504608,24.364568165370873],[83.38038419648298,24.313798275078167],[83.40911686564277,24.266346296061826],[83.37874674828142,24.230378604390566],[83.3540760730885,24.124924152856394],[83.29946901769611,24.078945906285753],[83.27912303619851,24.018291441548662],[83.22362219213274,23.986664108392652],[83.20792950177321,23.92141101202277],[83.0913875529415,23.87156276387982],[82.9478909605104,23.87143842218992],[82.81259098031224,23.959911763966883],[82.80384090794794,24.00357036731295],[82.75125632138287,24.01193236903677],[82.77409171689074,24.07594056884909],[82.71388922357852,24.07458417465951],[82.6655408295853,24.124281819178112],[82.67801288986966,24.152908258025597],[82.72811553281436,24.135596189158797],[82.74434310434857,24.165614943256358],[82.73465774024642,24.21731595712996],[82.75883327842776,24.23675225977982],[82.77331223434565,24.343816673332892],[82.76439819339086,24.376112639655364],[82.71344800794189,24.38034686320575],[82.74367923947216,24.496318974006805],[82.719251306137,24.552476443235147],[82.80093174893463,24.58023244602314],[82.8026242225406,24.59824250412651],[82.76535131039887,24.59591208780747],[82.77380318520798,24.6417831159017],[82.7067781876372,24.63607711251467],[82.70159626670053,24.675086751612692],[82.6710388074833,24.696983247416235],[82.53910998715415,24.647770396111767],[82.52351867796263,24.67625618593227],[82.44982201854081,24.674673993112815],[82.42951525389529,24.70266350276361],[82.40635073093866,24.681283407921406],[82.41610952782375,24.5911532816866],[82.33879727424919,24.620323056909857],[82.298471339698,24.604983768133337],[82.30299704311624,24.666943929330348],[82.26867486042593,24.68340040449488],[82.23898175927674,24.661079903527682],[82.22975031478596,24.68166445213074],[82.25012032801402,24.697138130714368],[82.25082679908606,24.76985087929428],[82.2455594025518,24.74410148140888],[82.23415001780751,24.76060071485795],[82.20698803495569,24.747348085164948],[82.2211988509478,24.721980923111857],[82.17746849191265,24.732339997865253],[82.19652458249378,24.778106778951862],[82.2092677130084,24.77171226663581],[82.21786001964927,24.776710385580593],[82.18427974567061,24.795648329352534],[82.20361408222445,24.819220203185083],[82.16704353675225,24.78545714571917],[82.11563158311128,24.78445127718449],[82.09767681988195,24.816163686478838],[82.01693835408454,24.846026573553985],[81.96528923802202,24.827054200737464],[81.90286006546226,24.891689944867164],[81.91966904371634,24.928139822509706],[81.90707741856598,25.00621314566481],[81.89133811013478,24.988883323661852],[81.83519345967453,25.017288545801563],[81.79270958945288,25.004456226526734],[81.73153325320243,25.04865629905927],[81.68977788523519,25.038961919896522],[81.6665684545992,25.075125276906167],[81.61165808035618,25.056334812675818],[81.60014702877962,25.074228282882533],[81.6408550644318,25.098962592017184],[81.62436326782984,25.11997472309963],[81.60825372863575,25.095973431704305],[81.59770775962676,25.13125623044525],[81.62623301587229,25.160751475315404],[81.58849019680207,25.16578402821318],[81.57865082103602,25.190843424408023],[81.51453086100804,25.183684167883122],[81.5365516130123,25.160557443762517],[81.52727042970258,25.138104972894944],[81.48000675860142,25.132206428574207],[81.5181787927144,25.101045571596373],[81.49119522785442,25.072278441849264],[81.40729231711127,25.105137344081918],[81.44763040496996,25.10711695083639],[81.43828665220403,25.130572507098147],[81.39954519759203,25.119394332259237],[81.33457383410068,25.16925194753799],[81.3213749406317,25.112805716874583],[81.31345724810797,25.163748792946084],[81.27755320586418,25.166008646403903],[81.25207464699017,25.102111558411426],[81.2639859204837,25.053092832462294],[81.2089545997658,24.992616041717273],[81.21966757007766,24.928617443117453],[81.19294007268437,24.925350268351092],[81.20722416155927,24.93043024424199],[81.16804234740509,24.955227283633654],[81.13963412547142,24.887529583602095],[81.08477002883856,24.949682864383266],[81.01589955929755,24.951300129125354],[81.02309453292071,24.927631722340337],[80.95723770544372,24.91786110181401],[80.94665553702373,24.966300207843343],[80.89915735353114,24.94860292167712],[80.90682475565379,24.9351775619354],[80.8121656000566,24.922525926080503],[80.79228550732324,24.964920641980356],[80.85223412954964,24.988740901183952],[80.83180807761754,25.0328839917179],[80.87806722651683,25.065479930600382],[80.86846576236726,25.115690583101554],[80.91293932817966,25.159094498508516],[80.88468317844716,25.18795026010085],[80.83817537138566,25.180561302314473],[80.82990616809123,25.10004801164414],[80.80831840495223,25.13693030956018],[80.74203235434764,25.12350759368936],[80.73041819683772,25.146618661912203],[80.70441664599181,25.128385069774133],[80.72740016830014,25.11853975757449],[80.72547816705422,25.091441203798293],[80.78342517843589,25.075895425066218],[80.7762202622592,25.054836897386487],[80.71713636820678,25.06911069592152],[80.67958674890637,25.048552389527078],[80.68462861889698,25.077057196152957],[80.6617391205545,25.067611538875795],[80.60752301466869,25.09817383786365],[80.6382556597394,25.116744354675156],[80.60657000186524,25.15036863115794],[80.59236326781776,25.09019823769954],[80.61320797419816,25.065682873577146],[80.56838478138219,25.086913867625622],[80.54537169821282,25.06445325708995],[80.48274991697467,25.100220249281108],[80.50674407811363,25.08401084499657],[80.50059629307503,25.04157205772884],[80.54609556516034,25.03242706077419],[80.54950247977429,25.002475439651533],[80.49932907743296,25.006223666394472],[80.47893000729874,24.973992884415857],[80.45617110693054,24.981644135950503],[80.46243565229481,25.002498904611773],[80.43705212260149,24.994531114169714],[80.4548993476098,25.00573768964169],[80.43311878714619,25.023744057281807],[80.5019036499356,25.03725800363324],[80.4751742840465,25.037949389571985],[80.44967349097091,25.078502191450713],[80.37360713601673,25.055915512006504],[80.38734256715377,25.004322715559272],[80.36298123042218,25.023618959558096],[80.33101962177086,24.992207534574014],[80.2736503349147,25.025980991504085],[80.29056524071048,25.05954699042515],[80.35545128131781,25.05567937094357],[80.34845789413599,25.086660582467793],[80.376110303234,25.116368015292647],[80.35458559643806,25.138366275661717],[80.43169421810738,25.177626569005557],[80.40337271414134,25.244043983324854],[80.31082887184932,25.286416684756738],[80.31544085665395,25.3888815117971],[80.26387319622816,25.424061295244666],[80.25354350291208,25.400848965359657],[80.20240207242732,25.414046185483503],[80.19489177396979,25.37804532307226],[80.13112652720646,25.334238993121065],[80.08897202518206,25.35580866240135],[80.03347951299055,25.34206063483671],[80.00481639050173,25.267235037155736],[79.94833028591042,25.2686605782976],[79.91753500490823,25.22678881333385],[79.90748819646498,25.250898638748577],[79.8513684401179,25.235616599426965],[79.88152998573828,25.142054696387273],[79.85161675512367,25.128556734777472],[79.86153151032184,25.09621722017744],[79.74850031416442,25.13967515734274],[79.6001318794698,25.127807038419032],[79.60648453788532,25.15240775365967],[79.56919323722974,25.171824951379204],[79.49150789265644,25.079616926744006],[79.46511883285147,25.088030921456156],[79.47724026990066,25.12748784816405],[79.40533943256338,25.106230769334037],[79.39027695888466,25.170120733324936],[79.41221257575283,25.200255275080565],[79.44042166723918,25.198865852677475],[79.46247889264059,25.264658163838135],[79.4945115454545,25.266865769486657],[79.46721351095627,25.2833011063605],[79.40874002034276,25.256090306673677],[79.36860993109993,25.292441908265694],[79.36289841018416,25.26169925698507],[79.33614653161574,25.288099075152836],[79.35218446879345,25.329839804950417],[79.2998298500428,25.337657564337036],[79.26446992994299,25.26894696040823],[79.29379147621259,25.283585922807326],[79.3165169314044,25.255959953030075],[79.35086134919464,25.263922836086753],[79.33845972671,25.197980763176282],[79.27936515528212,25.244710334645372],[79.31364479555721,25.136091449909525],[79.27809641070742,25.11750893851157],[79.26046188160556,25.153157559173373],[79.24811921824795,25.115960213212663],[79.21714489851807,25.110705895756578],[79.19224789638258,25.14624756117527],[79.18599455570485,25.11493293746833],[79.13095015192317,25.109420144120893],[79.12594660136762,25.16129342889848],[79.09058448309035,25.191073181778755],[79.05080438377043,25.13425340963581],[79.02937931720747,25.140555657520288],[79.03094709207559,25.184926209537867],[79.05228321105238,25.207709907928933],[79.04854120417622,25.19372011807401],[79.05962021730511,25.19067429462608],[79.06363762608783,25.222023396105943],[79.02223408330157,25.241313972714302],[79.01322040301208,25.27404900378575],[78.97484300055044,25.240491688442066],[79.0011849715665,25.233696612144126],[79.00587222890378,25.19504564799271],[78.95384692714636,25.21895601787509],[78.88039457354924,25.1576128896397],[78.88092018321184,25.254008285215736],[78.89975335775353,25.243127037288563],[78.91702446622071,25.273582802278998],[78.94514247841867,25.259417691113608],[78.95551161136903,25.282756981510346],[78.97992329957057,25.279045152772582],[78.95742622756501,25.30223662171263],[78.96061431706731,25.345082399987593],[78.92793267907135,25.32412728952379],[78.92254190971259,25.342896629831277],[78.88200256509434,25.343634918404547],[78.849652134147,25.228782096600355],[78.80945583367782,25.270530136462348],[78.82856459158575,25.30273410851848],[78.78778032220356,25.296003516821308],[78.84615568444868,25.326976787581728],[78.88024132724998,25.38589102650679],[78.95309733873732,25.400089490479232],[78.93829355740257,25.37482431046926],[78.89641692855004,25.374109284428304],[78.93871111410957,25.346975458388716],[78.98933064407547,25.37404025811137],[78.96723073252836,25.43435864631833],[78.93826377735255,25.4222481765057],[78.90887138005822,25.44241948307606],[78.94390478231516,25.482925321962174],[78.91995402327917,25.515260993325814],[78.95284601257868,25.537530511026585],[78.93936476603952,25.557220046177875],[78.92336446557724,25.53593611578878],[78.88264721770179,25.553961266039863],[78.88438057992457,25.51557870826832],[78.83495789876788,25.505819439474045],[78.86616964143074,25.46566733783858],[78.84414884451071,25.42775061901631],[78.82072377059582,25.438688959641865],[78.85488636577927,25.447648215117496],[78.84089373978988,25.461542648695485],[78.80916878421532,25.45345683780563],[78.81830255937683,25.471650186960474],[78.76788729822168,25.469364862940957],[78.73804983780636,25.494831923716877],[78.73213359892215,25.457590937802646],[78.76235810566419,25.426897490106647],[78.8214168432954,25.42252625150395],[78.74826219407838,25.409784718864802],[78.77463096722924,25.353046797166805],[78.72673782235401,25.343415653067623],[78.7147150733236,25.37298719849538],[78.66012420467433,25.38395073612581],[78.66568649296354,25.41535426636611],[78.67450458126962,25.399802795313985],[78.71148549872318,25.428081441204778],[78.65818230933812,25.44102031791889],[78.6351814091206,25.400673189372732],[78.61058924758186,25.416017954380987],[78.59137418304323,25.38586868304],[78.56649906296978,25.390753387868948],[78.58498252337132,25.346820201120615],[78.52962361132381,25.35337887054569],[78.55308183756426,25.319677208437508],[78.53299267183002,25.300942857499578],[78.51038171770091,25.29534798429808],[78.49828747984188,25.320068585669823],[78.47294343380021,25.285499597345222],[78.45379070335913,25.301263434202045],[78.43502884876283,25.284160950332097],[78.45048937313044,25.26210496536079],[78.53173953368675,25.28398440202497],[78.57800495911495,25.25328711434187],[78.56807444836498,25.240837845395287],[78.5557533310995,25.209207523825196],[78.57020100139101,25.223871882129675],[78.60216510107061,25.09492886181844],[78.65261511265422,25.050585471604293],[78.63172952484355,24.957687213432116],[78.67655844980932,24.898624416771394],[78.77003550064606,24.859013107636887],[78.78983785137807,24.810971036084073],[78.77039645181205,24.788393486207237],[78.78098512583132,24.70606794281458],[78.74392685085536,24.654051234941793],[78.75202907350814,24.600171165082962],[78.78377814166153,24.588552346376712],[78.8832206635516,24.641290879139277],[78.95320271471341,24.54689660771623],[78.94725018029844,24.50240437748088],[78.97152068298175,24.49423482392745],[78.93774629115507,24.47881801628407],[78.92057500348226,24.499711353681437],[78.91420855592713,24.459609790336426],[78.99364689091216,24.422742871832604],[78.97145320513087,24.347597896997335],[78.90963697554734,24.297985903620912],[78.91674452333041,24.26902104706337],[78.88457805657346,24.250463526651984],[78.88233586072599,24.217450901488174],[78.81514718921211,24.206997197363968],[78.79280650760931,24.17682230946703],[78.76193024707752,24.25945824663573],[78.74864693532803,24.233042632980546],[78.73428352431523,24.252456875995478],[78.70305720648686,24.226916080223603],[78.66863295541735,24.240029803873725],[78.58610191853845,24.353707249174604],[78.51862086067098,24.387810333204833],[78.41163404627638,24.271617666863744],[78.3895523157323,24.262651459665395],[78.34790263276159,24.29948427829174],[78.32919978669968,24.329432271444787],[78.3657854328518,24.385961269932917],[78.2696883538608,24.446923459223218],[78.27497782469656,24.473907941406814],[78.22541712637961,24.521356297777086],[78.26446816379473,24.552187312130435],[78.27669510168583,24.662978931418987],[78.21667687709294,24.8085805728599],[78.16896864592736,24.862605870248334],[78.33397455611528,24.994906474682196],[78.33863296854874,25.086570972844953],[78.40681994322773,25.12892494272069],[78.44681815349865,25.121766085847597],[78.4272978701726,25.15397934216175],[78.45825964043796,25.163715113482223],[78.39527729341107,25.18790279158614],[78.41094995762793,25.212657404726354],[78.35979790905655,25.24218426187385],[78.35458367122756,25.292250326764254],[78.31173194988021,25.30329609583989],[78.34379095746793,25.328451979277744],[78.30530965316557,25.37674716175745],[78.34052802123448,25.399517351586056],[78.35454217085808,25.451976326160715],[78.37765839140184,25.436807974290694],[78.43130432579703,25.473628038485817],[78.41935813209345,25.532840828322488],[78.44360198894877,25.563202792217588],[78.46469649345347,25.545507901076416],[78.49334131725995,25.578697714636146],[78.58774466410527,25.55659648264715],[78.6181392120491,25.583659491137897],[78.65827982236054,25.55985079225363],[78.71733233197187,25.605327455163664],[78.81176103915597,25.620782074519923],[78.81670253499,25.67632148970938],[78.75292235643002,25.750938677750003],[78.82873459326167,25.795582327437998],[78.8055432528989,25.813561887308516],[78.81817254261249,25.82914691732402],[78.85057321453706,25.811217374467045],[78.85236471662333,25.8565355280874],[78.89009204604311,25.874472575027763],[78.88463755558797,25.913936741417253],[78.9389600031388,25.942695271920744],[78.9482976249029,26.027755324969675],[79.01206186285813,26.083190296715255],[78.9489057816553,26.128686616948396],[79.00489402554311,26.14805578697021],[78.99370153273595,26.19689925408481],[79.02653978032359,26.191325645640728],[79.02582009144045,26.220104802414546],[78.98939172681985,26.234983708224423],[79.01944089229985,26.247616149912236],[79.06344347949366,26.225911874763142],[79.04564689431453,26.260341424818794],[79.11860117520575,26.300371622488946],[79.13883375158524,26.337549243244567],[79.08424702147445,26.362355841305416],[79.09520534324999,26.41264175649943],[79.12598266243808,26.411259664117466],[79.13517684481087,26.440137533094095],[79.05261460674721,26.453743323931008],[79.06812575746928,26.496627393708017],[78.98985446609068,26.579002840496305],[79.01653987292133,26.60066203262563],[78.99362803168107,26.641036506920287],[79.00478765243705,26.673353358464006],[78.94549151073748,26.654831692555973],[78.95556571420364,26.691782055860596],[78.87174219926027,26.69811648514395],[78.81586386784072,26.762358462754015],[78.72996580334315,26.77508597326498],[78.7255724585972,26.795931833084843],[78.57624323528202,26.74879711865969],[78.4606670140083,26.78763923204377],[78.43354157641889,26.825743542698895],[78.39523211983035,26.817103716940082],[78.36291986997756,26.86882356381064],[78.2835090647627,26.854455397510268],[78.26026163808514,26.813814541846536],[78.21909295354175,26.833479478187517],[78.19681953329584,26.87952576935395],[78.23264079309125,26.874279583371163],[78.27077095133896,26.915102747684948],[78.22495978149206,26.946304354633824],[78.21013200705437,26.931229646802834],[78.1185523678793,26.94697568009278],[78.11119321815481,26.89587953624163],[78.04880208385747,26.91013452200696],[78.05596943159067,26.868393110729016],[78.02646955266921,26.84953512538121],[78.01458171801808,26.902912543082312],[77.94840042085707,26.893578103223764],[77.90635508030937,26.91777900206955],[77.89648408294698,26.88399731242614],[77.75984705926311,26.932457374929168],[77.72491256331556,26.91037960338733],[77.72260435656607,26.874315705065282],[77.61033278569435,26.828572762876117],[77.525679946979,26.818866034622072],[77.50116596222615,26.844448576418735],[77.50255648870895,26.768727637646286],[77.46035503264297,26.74180842029861],[77.46690180980487,26.773727222348473],[77.43267914876994,26.76783067733924],[77.3978652345813,26.830360633031493],[77.49024986486222,26.900486191059475],[77.74346861388028,26.983164925360636],[77.76295161442715,27.006844718022776],[77.73768088259075,27.029750220095455],[77.73005334500547,26.993887014462032],[77.71193513241191,26.997103238529178],[77.67976047481622,27.047082079402394],[77.66557742754614,27.017250189638972],[77.6300219621753,27.0102050987444],[77.56320137804407,27.02936764721288],[77.57168335719497,27.07186578061729],[77.5193392505298,27.06661631843959],[77.5177343985966,27.102456677918866],[77.59783861248094,27.117998135835283],[77.61995037999317,27.17354950102507],[77.65839625563903,27.170105536389563],[77.68112422970692,27.19440391650266],[77.64670793321922,27.210218192728075],[77.65281478562356,27.23484283746096],[77.59866066798396,27.29720438653222],[77.62270291324512,27.33618645775736],[77.57877659391728,27.322664068931008],[77.50718117838665,27.377089867004212],[77.43952192351287,27.39071483844985],[77.42109442815354,27.42201717120503],[77.4378064099165,27.456318136605006],[77.38738306302548,27.51289248454784],[77.33998487549874,27.526618896803207],[77.35820991754252,27.588960946121407],[77.31705098421155,27.60675141466631],[77.35257474803602,27.65123820097058],[77.34114225143607,27.703368483145827],[77.30382796289236,27.7110880803341],[77.31042763914641,27.788084212297605],[77.28292993790659,27.79979062047408],[77.34832495317413,27.855569924177534],[77.42184823055956,27.854401121549852],[77.42012707733981,27.890466043056243],[77.45052685258031,27.871051480337055],[77.47216724711349,27.88361758259296],[77.48473114306766,27.934972418101935],[77.53662522162331,27.934178380466957],[77.54405696061264,27.962409733070437],[77.51690941189081,27.971159317654838],[77.54240535406386,27.9892591779279],[77.48363300563342,28.040478003632707],[77.50123377784357,28.058546639861255],[77.47425340559613,28.087462508119792],[77.51235145176734,28.12488375579316],[77.49134939558347,28.136565045276388],[77.50209658452115,28.161222111899153],[77.54963768502643,28.179790096399596],[77.50119553925688,28.18171261596603],[77.49729090766988,28.206043728801756],[77.53036989746545,28.198739916407458],[77.52128697323724,28.224476199294536],[77.5504251841371,28.2423838474094],[77.49268732840133,28.252002028067608],[77.50707516101346,28.305701031724766],[77.47122017936059,28.33484241604158],[77.50482622600472,28.370008525022644],[77.47762753978704,28.419069929391533],[77.38046640095209,28.470289671114017],[77.29996047215077,28.55978439327714],[77.34240405203359,28.60891377569186],[77.31625271519894,28.641243957564257],[77.33106534314261,28.71313178586936],[77.29150379135491,28.70618263927065],[77.19939122394258,28.798060813237427],[77.22437969433692,28.82535188189652],[77.189027959686,28.880215190733978],[77.22665341476267,28.88012481194195],[77.234345350774,28.91154639370111],[77.19665200551974,28.93767976124808],[77.18911555620596,29.027704065940867],[77.13406857875096,29.095183964591495],[77.14906645278096,29.117682478638585],[77.13139798532765,29.217524189054252],[77.16114708655331,29.332403955419892],[77.1295163651504,29.342621371975717],[77.12327752058638,29.370382164886916],[77.15739362436067,29.387355460115874],[77.13324339261919,29.400886518390053],[77.14841006727757,29.434124545047887],[77.12319840685764,29.4554155109076],[77.1332962090663,29.48310400318032],[77.09636351317718,29.519522791519556],[77.1268296173233,29.55947905338521],[77.08394739817207,29.589072670825722],[77.10951893177968,29.59746403192506],[77.10620406124468,29.632354884482993],[77.15654885495566,29.69261279253482],[77.11980291791582,29.760105476854218],[77.17939756439438,29.813104935500643],[77.20202881236403,29.868936115696254],[77.18796830428188,29.911393176380262],[77.27600008497157,29.99609125053441],[77.27776667318174,30.04186207072916],[77.42256760323572,30.103460668229566],[77.40253467293657,30.111711741783715],[77.42801648820345,30.162826621966257],[77.47723718047355,30.18243722108132],[77.53824339467383,30.27857914975263],[77.58354008678108,30.30742285480559],[77.60433801069813,30.368549713873545],[77.57602127409129,30.397443669214223]]]]}},{"type":"Feature","properties":{"name":"West Bengal"},"geometry":{"type":"MultiPolygon","coordinates":[[[[88.052762259781,21.513355021348794],[88.04488484322304,21.5083570409129],[88.04956766827269,21.516237518662965],[88.052762259781,21.513355021348794]]],[[[88.074896071052,21.517123818444002],[88.05938387019935,21.5111542610759],[88.0733070806718,21.531124114218617],[88.074896071052,21.517123818444002]]],[[[88.23655544598948,21.486902224845803],[88.20537837649997,21.503435845585823],[88.21560585680812,21.54058674340782],[88.24282764140669,21.505036985365813],[88.23655544598948,21.486902224845803]]],[[[88.10086948576489,21.970455047635994],[88.09675375098445,22.000306771779247],[88.1342196212492,22.016203001641397],[88.12792274372121,21.993286608288344],[88.10086948576489,21.970455047635994]]],[[[89.48743720989005,25.930714309539535],[89.49278537305318,25.932891677735817],[89.49009552154679,25.929302693622695],[89.4892548484595,25.92883296611663],[89.48743720989005,25.930714309539535]]],[[[89.5986099031157,25.951417321447714],[89.57655414376481,25.932548637595836],[89.56469896107764,25.94808315890162],[89.58606612044072,25.962408075228876],[89.5986099031157,25.951417321447714]]],[[[89.50216916373131,25.95973369248361],[89.50331228789666,25.948824347051907],[89.49464062588021,25.954669722671948],[89.50216916373131,25.95973369248361]]],[[[89.62338988800734,26.153690924035455],[89.62517793607135,26.148371015057226],[89.62065268091244,26.154173379557637],[89.62338988800734,26.153690924035455]]],[[[89.61868614838124,26.126670363928206],[89.61585609411352,26.122884800426643],[89.61516995730626,26.12751434307377],[89.61868614838124,26.126670363928206]]],[[[89.60955222499773,26.131092618387278],[89.60805861054784,26.12816040010611],[89.60558809619283,26.13060858350478],[89.60955222499773,26.131092618387278]]],[[[89.66102022812252,26.170237424144137],[89.66415165818489,26.165871094469505],[89.66039667963604,26.16808622102906],[89.66102022812252,26.170237424144137]]],[[[88.97578082434501,26.196538292437307],[88.97241260017034,26.195718200961732],[88.97288128359342,26.198373445467933],[88.97578082434501,26.196538292437307]]],[[[88.95095897077462,26.203126350075543],[88.94890181799418,26.20220746940547],[88.94880317489118,26.203199355048095],[88.95095897077462,26.203126350075543]]],[[[88.96215710320513,26.204935078975662],[88.9582525219238,26.20238042196427],[88.95766514679715,26.20484286035397],[88.96215710320513,26.204935078975662]]],[[[88.95624605299002,26.21470363379294],[88.95989021446711,26.212697042342253],[88.95416526014456,26.213380625448654],[88.95624605299002,26.21470363379294]]],[[[89.0553795113032,26.243835549266393],[89.05409928985246,26.242868300233358],[89.05422668173952,26.24386558237241],[89.0553795113032,26.243835549266393]]],[[[89.05755629183167,26.243759894004913],[89.05647563381625,26.24315437619472],[89.05640381440762,26.243651665916605],[89.05755629183167,26.243759894004913]]],[[[89.07427131798514,26.250383686559655],[89.08555775570639,26.2474825001973],[89.07423456790688,26.24829812024201],[89.07427131798514,26.250383686559655]]],[[[89.07353391073134,26.28137301359718],[89.07105297322407,26.27813458658571],[89.06967808012216,26.28285523878617],[89.07353391073134,26.28137301359718]]],[[[89.07666325041407,26.29616859682117],[89.07645382527357,26.292457145309825],[89.07558024779576,26.29603801180557],[89.07666325041407,26.29616859682117]]],[[[89.01380152826522,26.302677450853235],[89.01264598668769,26.30145384764122],[89.01307678096872,26.30283911166272],[89.01380152826522,26.302677450853235]]],[[[89.05018926118723,26.310125255520116],[89.05296987487664,26.30624510103774],[89.04803552873398,26.306240839474352],[89.05018926118723,26.310125255520116]]],[[[89.0675007300618,26.311530915083466],[89.064757294947,26.309132589889035],[89.06470128498904,26.31285478971611],[89.0675007300618,26.311530915083466]]],[[[89.05911771650909,26.29510943862381],[89.06790459644385,26.304452027957165],[89.06883527084112,26.298019928380665],[89.05911771650909,26.29510943862381]]],[[[89.07005937094283,26.3053406958493],[89.06853790512591,26.30808812474451],[89.07016255413131,26.308284070431373],[89.07005937094283,26.3053406958493]]],[[[89.01639267288816,26.316467819214072],[89.02195319059794,26.314344771860068],[89.01720898546158,26.310978330491402],[89.01639267288816,26.316467819214072]]],[[[89.03526406086371,26.320888340722927],[89.03334046241322,26.31685681536626],[89.02732110142598,26.318854726263417],[89.03526406086371,26.320888340722927]]],[[[89.05700737088742,26.32525989569203],[89.0697549642324,26.313164975891407],[89.05486747787947,26.322291845492337],[89.05700737088742,26.32525989569203]]],[[[89.00074908534039,26.320545493590682],[88.99736736757185,26.31843170346312],[88.99788088680909,26.32242505396694],[89.00074908534039,26.320545493590682]]],[[[89.00895885160404,26.32785063460932],[89.00567248910455,26.324708499780755],[89.00567180548663,26.329809788186385],[89.00895885160404,26.32785063460932]]],[[[88.27529056029223,26.33129228771488],[88.27447897465385,26.331990080858272],[88.27559636657786,26.332611375584662],[88.27529056029223,26.33129228771488]]],[[[89.00535626146333,26.338901424142332],[89.01798387941218,26.333159017533315],[89.01082906766878,26.330996091405893],[89.00535626146333,26.338901424142332]]],[[[88.99234880257467,26.345360408115713],[88.99755007861242,26.34154024222346],[88.99038722425226,26.34308636262143],[88.99234880257467,26.345360408115713]]],[[[88.98180382800071,26.35656109889491],[88.98611151209612,26.35484335584359],[88.98057949254043,26.35480212327659],[88.98180382800071,26.35656109889491]]],[[[88.92866125738847,26.377546456464803],[88.93197120246074,26.366372138563186],[88.92125563871267,26.37364743249182],[88.92866125738847,26.377546456464803]]],[[[89.05448782558587,26.376114475369523],[89.053392108213,26.373523726697293],[89.05323812799016,26.37809926082205],[89.05448782558587,26.376114475369523]]],[[[89.07978377672556,26.389581036997125],[89.07885593381805,26.388699519629235],[89.07828973198266,26.389723160543838],[89.07978377672556,26.389581036997125]]],[[[89.07716409981253,26.366227234448385],[89.07447283705285,26.366862862622785],[89.07598190162727,26.36771985604197],[89.07716409981253,26.366227234448385]]],[[[89.05265740668486,26.372262218135912],[89.05297648737545,26.368064175541267],[89.05180656466855,26.368228748765244],[89.05265740668486,26.372262218135912]]],[[[89.04960656628323,26.375673871765027],[89.04769387877019,26.372959917875914],[89.04790531074703,26.376279308345993],[89.04960656628323,26.375673871765027]]],[[[88.98566978891137,26.393990223168263],[88.98187981020237,26.391987163541966],[88.9831967341207,26.395768227209675],[88.98566978891137,26.393990223168263]]],[[[89.01476342540684,26.409114618839666],[89.01579383705517,26.40418003252317],[89.01188860449524,26.405243955815465],[89.01476342540684,26.409114618839666]]],[[[88.99204459259528,26.412441888432692],[88.9858050185993,26.410036142421067],[88.98633392328237,26.41366892376923],[88.99204459259528,26.412441888432692]]],[[[88.9685365134498,26.412585654064294],[88.96462738489649,26.410782555928275],[88.96546656947537,26.414397569838055],[88.9685365134498,26.412585654064294]]],[[[88.9499384235264,26.426816123838627],[88.9539780368663,26.40193804241803],[88.9494584653482,26.40111876051119],[88.9499384235264,26.426816123838627]]],[[[88.96949565635676,26.431118146167787],[88.96501729684896,26.43169302921932],[88.96843686962357,26.4335841136154],[88.96949565635676,26.431118146167787]]],[[[88.9760766898737,26.442231854082276],[88.9785021348526,26.44381120146327],[88.9778934948066,26.44092951663423],[88.9760766898737,26.442231854082276]]],[[[88.97128120081608,26.41217928148961],[88.98005773844697,26.408869008905164],[88.98250681810102,26.402996122377225],[88.97128120081608,26.41217928148961]]],[[[88.96612417309424,26.41797691370224],[88.9693414758096,26.419907232950095],[88.97345532322964,26.41802148896883],[88.96612417309424,26.41797691370224]]],[[[88.5193599259207,21.935904884817575],[88.51418335534989,21.918353996108287],[88.51528948958679,21.937269323222978],[88.5193599259207,21.935904884817575]]],[[[88.77464565439006,21.94480425493611],[88.80256715832304,21.930637655180508],[88.72940901286294,21.93927183103683],[88.7277268752726,21.979893385459604],[88.77464565439006,21.94480425493611]]],[[[89.12489427951546,21.591517293336985],[89.13698963487867,21.588364201268845],[89.12311033585395,21.585861074169582],[89.12489427951546,21.591517293336985]]],[[[88.6008643788727,21.58489280667678],[88.59546787826244,21.577842011451903],[88.59485243437646,21.582466161212505],[88.6008643788727,21.58489280667678]]],[[[88.59431049783355,21.561420347734227],[88.5855330529042,21.562550879236696],[88.59349562346289,21.566191375929282],[88.59431049783355,21.561420347734227]]],[[[88.34119356207316,21.55764944875064],[88.33025911841618,21.546300127457112],[88.33962377857202,21.572906072669525],[88.34119356207316,21.55764944875064]]],[[[88.08267181179453,21.582770519697664],[88.07764435347602,21.57391888437954],[88.07590142958539,21.58822065496678],[88.08267181179453,21.582770519697664]]],[[[88.01668604463323,21.595434512875997],[88.04800006138952,21.581146054137793],[88.0546052470112,21.550456214261022],[88.02552155306928,21.562096175710252],[87.99179717314941,21.512976352557853],[88.01668604463323,21.595434512875997]]],[[[88.49662945184139,21.597819829409406],[88.5348086643918,21.578119898786074],[88.54337654224682,21.53132595282788],[88.48571925910385,21.55792125912179],[88.49662945184139,21.597819829409406]]],[[[88.19796298415388,21.542060455239774],[88.17272821277663,21.55339582445169],[88.16356862632205,21.597525762729266],[88.18946120972733,21.578408790580564],[88.19796298415388,21.542060455239774]]],[[[88.35926142589167,21.567600714241028],[88.34393365006515,21.582231314501755],[88.34479282754897,21.59311142742335],[88.3533506200183,21.5877667737376],[88.35926142589167,21.567600714241028]]],[[[88.08998985550993,21.58874759741622],[88.08228975650756,21.587078427287093],[88.08337809152543,21.592515204736706],[88.08998985550993,21.58874759741622]]],[[[87.89683593029184,21.76150282829751],[87.88043618046375,21.75751917851426],[87.90167023285797,21.772321720410915],[87.89683593029184,21.76150282829751]]],[[[87.91002576155621,21.70303598785123],[87.90203727999146,21.68689751496354],[87.90799951621148,21.704008957760298],[87.91002576155621,21.70303598785123]]],[[[87.9280725284403,21.68922836589923],[87.92323880169428,21.709711380926983],[87.94078421163177,21.72344610829622],[87.94053105021501,21.71303772918325],[87.9280725284403,21.68922836589923]]],[[[88.27922890924509,21.78552602426431],[88.27047688753662,21.780095379154574],[88.26769380707344,21.787719625021406],[88.27922890924509,21.78552602426431]]],[[[88.18177094458238,21.792833294146295],[88.17579810015722,21.782649344874702],[88.17530746190859,21.798874520490376],[88.18177094458238,21.792833294146295]]],[[[88.49857624838579,21.815470918058768],[88.45743762865831,21.80797862661722],[88.48636350207954,21.83552071561671],[88.49857624838579,21.815470918058768]]],[[[88.35000262500556,21.826383456792065],[88.35692768812348,21.79731469397068],[88.33815631767332,21.801613780900887],[88.29128802297652,21.778417585317893],[88.26219766892511,21.805286778972576],[88.32901410463637,21.860126211786497],[88.35163850385032,21.853895973905534],[88.35000262500556,21.826383456792065]]],[[[87.95021170175522,21.592310005770674],[87.97408288712501,21.682344709163832],[87.98588255931756,21.68695194518745],[87.99010561851995,21.622976482932728],[87.95021170175522,21.592310005770674]]],[[[89.00846442965143,21.70872741610911],[88.99119812357777,21.658637367278374],[88.9915985018016,21.700489872811605],[88.97545099261707,21.723980339023385],[89.00846442965143,21.70872741610911]]],[[[88.83777118209349,21.605017320839607],[88.89246911106001,21.58143264939641],[88.90440331315287,21.54733870745807],[88.86989602900498,21.532260071003034],[88.83312598028458,21.55349423642603],[88.83777118209349,21.605017320839607]]],[[[88.77060319069577,21.652047994767575],[88.79310974801241,21.58266945453458],[88.75395836608514,21.564134397018353],[88.71214318109976,21.57850718056366],[88.71845331506634,21.635762892774586],[88.77060319069577,21.652047994767575]]],[[[88.58457673789374,21.601525902718354],[88.54902099224854,21.5648441276738],[88.51355295451441,21.59881136624616],[88.52137788340865,21.651575314956485],[88.58457673789374,21.601525902718354]]],[[[88.08206567175996,21.613782111442333],[88.07433858287487,21.61326497468117],[88.07741501448231,21.621652251679972],[88.08206567175996,21.613782111442333]]],[[[88.19359007069073,21.684194066488725],[88.22735021074543,21.652586419495517],[88.2120552234268,21.595772585141255],[88.17992341457185,21.671268781269063],[88.20709401765713,21.709073386338908],[88.19359007069073,21.684194066488725]]],[[[88.96076204741667,21.642281954489373],[88.98593502458384,21.641567717207742],[88.99007693716996,21.61972185129347],[88.94019639998433,21.64084471310577],[88.95147339102208,21.673910811826],[88.96076204741667,21.642281954489373]]],[[[88.35326142180219,21.615922988232573],[88.34415566419604,21.608301487337048],[88.35028249153905,21.621972140050268],[88.35326142180219,21.615922988232573]]],[[[88.6050977588194,21.614888695602506],[88.55948937646137,21.641342907047648],[88.57366018059243,21.68869810297069],[88.60332291149847,21.632535853390888],[88.6050977588194,21.614888695602506]]],[[[88.320555938027,21.60693567944627],[88.30495953359119,21.62107610492661],[88.31189061721815,21.706654553503153],[88.34933700212609,21.680188605161955],[88.320555938027,21.60693567944627]]],[[[88.64160346030116,21.67116986503051],[88.62714131815041,21.65820793579937],[88.64108164242734,21.67840700722832],[88.64160346030116,21.67116986503051]]],[[[88.40633621542455,21.73279487781373],[88.40947045272219,21.653652221911944],[88.43020875635214,21.625498909775924],[88.3989890519209,21.588883084254753],[88.38270612440225,21.681302758409874],[88.403756215301,21.719904982006945],[88.37057054248056,21.72624972513722],[88.40633621542455,21.73279487781373]]],[[[88.52161133668636,21.716738940746804],[88.56587349657309,21.67686695676484],[88.54644701622728,21.640841712128413],[88.52161133668636,21.716738940746804]]],[[[88.74011195078971,21.657672408273154],[88.72616306107655,21.64393202111553],[88.68607906528926,21.678378930265108],[88.69066472855776,21.717766713948084],[88.71028606876007,21.674648967185238],[88.74011195078971,21.657672408273154]]],[[[88.96635853097548,21.740738824813842],[88.98465919050491,21.659309356508288],[89.01401629568672,21.651964707803675],[89.02009208075523,21.59920564375609],[88.99373094957248,21.60095786100756],[88.9901583999932,21.639252416986565],[88.92509883272076,21.720645249176016],[88.9272334580079,21.763607448784086],[88.96635853097548,21.740738824813842]]],[[[88.92039511285759,21.631067638945993],[88.86708564694366,21.701020159931392],[88.88199207786764,21.741132313091633],[88.93690045515577,21.70077938713032],[88.92039511285759,21.631067638945993]]],[[[89.00116018675374,21.811593560622434],[89.09280279872857,21.652181480243147],[89.07131221982856,21.611781760360575],[89.03773657307195,21.610968552642078],[89.01236990116323,21.714102217459903],[88.956116054192,21.75966932301353],[89.00280568026702,21.77765121167696],[89.00116018675374,21.811593560622434]]],[[[88.78902599505274,21.746464171477882],[88.86196337593852,21.76140544411617],[88.83932333256391,21.719274192158263],[88.85652186344429,21.64173858992959],[88.83846012523772,21.619036968947736],[88.80442697459172,21.635440579950558],[88.81686914972323,21.708985933441316],[88.76799002207699,21.703376111793546],[88.78902599505274,21.746464171477882]]],[[[88.42411696510186,21.75282281967671],[88.46802031091462,21.789650709899178],[88.45143336655438,21.718811002961417],[88.47054597733656,21.67460724800567],[88.43205010415689,21.601080882360524],[88.42411696510186,21.75282281967671]]],[[[87.98700104718624,21.699186608386665],[87.97531100539098,21.690724588980128],[87.978980305323,21.70249887329387],[87.98700104718624,21.699186608386665]]],[[[88.20104392710067,21.710179233926432],[88.18293311662502,21.705958041891297],[88.20020409124324,21.72352565369554],[88.20104392710067,21.710179233926432]]],[[[88.12583893882464,21.673615961686526],[88.14676423756075,21.643921158878257],[88.12068407155108,21.623814780352443],[88.03350859014306,21.662925831971187],[88.0915316672697,21.78535905090881],[88.13025140870299,21.756695879065767],[88.12075983815708,21.73265063317403],[88.12583893882464,21.673615961686526]]],[[[87.95228417170954,21.711790962985702],[87.9528870607411,21.7039833329248],[87.94727370771957,21.704315525653744],[87.95228417170954,21.711790962985702]]],[[[88.3594789170051,21.73524014284902],[88.39269022774371,21.708066401197428],[88.36258968401933,21.686621861836883],[88.34189290860667,21.70569876295372],[88.34723952037933,21.759709791099343],[88.36670875514274,21.761965849020985],[88.3594789170051,21.73524014284902]]],[[[88.5552636151266,21.761466036630654],[88.60695291642502,21.685021212681765],[88.59668640970767,21.657600904153547],[88.58441878801567,21.688771840402328],[88.5077760730769,21.747188361874652],[88.54374203978647,21.811186447770396],[88.56770125915581,21.792076296327377],[88.5552636151266,21.761466036630654]]],[[[87.96221833770437,21.736969993901628],[87.94750635341185,21.729739702535976],[87.96000429685452,21.739894793066206],[87.96221833770437,21.736969993901628]]],[[[87.98843271561076,21.725659520908213],[87.97839003672286,21.724215880661173],[87.98645056047846,21.730196786533064],[87.98843271561076,21.725659520908213]]],[[[88.20400793724524,21.734147648985637],[88.19740964709166,21.742268144783882],[88.20526581669655,21.75997385999246],[88.20400793724524,21.734147648985637]]],[[[87.95727678078491,21.75651944426865],[87.93189092355664,21.744412184572525],[87.95704637189768,21.77146106523545],[87.95727678078491,21.75651944426865]]],[[[88.85002425287453,21.862260999727845],[88.89804847452614,21.753160439630538],[88.92323974947732,21.749397488990233],[88.91114875363817,21.734416564659675],[88.83595743682245,21.78846179648935],[88.85002425287453,21.862260999727845]]],[[[88.77733005222437,21.86877946185927],[88.82627965450128,21.861061458575527],[88.77986867504762,21.770861313660784],[88.7814353180385,21.738503902465958],[88.75684476089084,21.743607458841485],[88.75661331355114,21.77346278874048],[88.77227287494132,21.79652403414098],[88.77114253739573,21.808866973058223],[88.74507191508764,21.77596998565631],[88.76056446349682,21.689538469393007],[88.80383211919376,21.702848939037867],[88.79478877204198,21.652801491089154],[88.70948906098212,21.69477959139473],[88.69109420411195,21.7508256158622],[88.71590692540914,21.90450646582454],[88.77733005222437,21.86877946185927]]],[[[88.82078550791795,21.76397492070611],[88.78544877153901,21.771752795840353],[88.82296427282492,21.82249979852291],[88.82889837021695,21.80565381129331],[88.82078550791795,21.76397492070611]]],[[[88.61348654764107,21.785974481519418],[88.62921526852833,21.735372135182445],[88.60903869671692,21.70652608193081],[88.61915935745631,21.740522379225485],[88.58910356240948,21.772272425511304],[88.61348654764107,21.785974481519418]]],[[[88.61299058507774,21.740028462484194],[88.58157821447597,21.72677244104984],[88.57579532241084,21.77243896111639],[88.61299058507774,21.740028462484194]]],[[[88.3018755453556,21.719022544915145],[88.28542161184451,21.73472638970589],[88.29184597558265,21.772350619944632],[88.29885496919589,21.7549772237074],[88.3018755453556,21.719022544915145]]],[[[88.38573164758421,21.760295112441007],[88.36297332303616,21.737967079721454],[88.37188173784234,21.764713878777417],[88.38573164758421,21.760295112441007]]],[[[88.38184105756345,21.77950349758385],[88.43840344619034,21.793636417596314],[88.41877361601033,21.766197737687417],[88.42016207906289,21.72655888432982],[88.38184105756345,21.77950349758385]]],[[[88.35404346634242,21.79601763772005],[88.36760737136248,21.77033945227705],[88.34211968740182,21.76091109027064],[88.34297415052703,21.72812320937172],[88.31427305714949,21.710488532819568],[88.30184163934352,21.777377942340074],[88.35404346634242,21.79601763772005]]],[[[88.13293444469134,21.87344015879838],[88.16591356787846,21.822797513817775],[88.17077858833571,21.73790709644185],[88.13668720170651,21.678001510202176],[88.13627906832686,21.75991447742638],[88.08420882565241,21.79251797841229],[88.13293444469134,21.87344015879838]]],[[[88.98196713363451,21.896141421814622],[89.02492283946758,21.866601393101732],[89.02764893709734,21.83155660916455],[88.99485757707596,21.816106715185786],[88.96600650726677,21.780268705141488],[88.95167732476125,21.794937077873104],[88.97947746360435,21.81787924692673],[88.95155517993373,21.845616979105817],[88.97623287456226,21.869423548677076],[88.98196713363451,21.896141421814622]]],[[[88.16620967415568,21.866758603432306],[88.16362215064163,21.86251581545909],[88.16274997453561,21.86601553417857],[88.16620967415568,21.866758603432306]]],[[[88.1037350980465,21.889733540566947],[88.08787062824507,21.872879277361758],[88.09160963564649,21.89370606800822],[88.1037350980465,21.889733540566947]]],[[[88.18743308690364,21.843557228830676],[88.18020217977082,21.83941306087164],[88.174127188813,21.855664752298754],[88.18743308690364,21.843557228830676]]],[[[88.52408007327546,21.845236100499797],[88.49774869070164,21.832662639591337],[88.50272360566086,21.85303202038796],[88.52408007327546,21.845236100499797]]],[[[88.60787368060811,21.798152692873366],[88.57532666863219,21.817902222767184],[88.58860509534314,21.848742676936972],[88.61389455615488,21.830755321173555],[88.60787368060811,21.798152692873366]]],[[[88.63248141983219,21.869754016027535],[88.65343460586797,21.868499500375123],[88.6410255632991,21.789002250737695],[88.59692202523031,21.85850554449925],[88.61929172511172,21.89676962095937],[88.63248141983219,21.869754016027535]]],[[[88.91530718085248,21.932977551825523],[88.97081524198327,21.906499450598147],[88.94284258797803,21.83858164494456],[88.97044997531064,21.814205323398472],[88.94293895564843,21.797625124745746],[88.94861640975371,21.769138033478182],[88.91929632863638,21.768367514889693],[88.90843315731404,21.75725524610593],[88.89176750975513,21.835257307935695],[88.82124271895655,21.927758004311585],[88.88283749046636,21.913506149845226],[88.91530718085248,21.932977551825523]]],[[[88.81744312917235,21.900606652637496],[88.8315959077089,21.869897535768242],[88.80590888399345,21.87295707253773],[88.81744312917235,21.900606652637496]]],[[[88.6384086028915,21.92220052179888],[88.66741856041995,21.913356154214483],[88.65157236235137,21.877538114826343],[88.62627157827548,21.898711561392854],[88.6384086028915,21.92220052179888]]],[[[88.55522477377036,21.81826149187644],[88.53328787500628,21.843243481515827],[88.54710008155739,21.878607153611277],[88.55565599564945,21.882501758391232],[88.55522477377036,21.81826149187644]]],[[[88.48969149610248,21.847558234870085],[88.46231088756502,21.844891770171014],[88.44554476344159,21.813131129054522],[88.45690417400832,21.796917571305688],[88.39886856538341,21.806504596376925],[88.42044019028836,21.90052541107275],[88.47223998706166,21.891797881008998],[88.48969149610248,21.847558234870085]]],[[[88.55688371865668,21.87347375134202],[88.57304103385083,21.856452200580758],[88.5582952585306,21.83273211701284],[88.55688371865668,21.87347375134202]]],[[[88.57249775522489,21.896898838871103],[88.55914086516545,21.884082555573396],[88.5621424778895,21.894170662302052],[88.57249775522489,21.896898838871103]]],[[[88.491415714374,21.90364341880544],[88.47655065446213,21.89993318690517],[88.48838883563427,21.907929195257395],[88.491415714374,21.90364341880544]]],[[[88.71536624201605,21.92174391750898],[88.79169354408556,21.9211013470793],[88.81076940389113,21.899682476263116],[88.77587604898697,21.87714739039687],[88.71536624201605,21.92174391750898]]],[[[88.10364831001026,21.908264366510497],[88.09931734158268,21.899189638646764],[88.09512788206685,21.905706671850478],[88.10364831001026,21.908264366510497]]],[[[88.1300631056498,21.9001179506543],[88.1117543100788,21.917398095282742],[88.11478602534801,21.930984425132486],[88.14154327314688,21.92057416708468],[88.1300631056498,21.9001179506543]]],[[[88.01482089327008,27.211703916461566],[88.07984097509421,27.19946997144048],[88.09615538946187,27.13344551170311],[88.15361405060399,27.10977387532254],[88.1816942500167,27.132513346704613],[88.30200401791595,27.128943787360864],[88.43064887155253,27.079449114794897],[88.55503332212206,27.184073359038823],[88.65515716135789,27.159575719973677],[88.68579353218296,27.176099506063853],[88.72656352553864,27.134784412769616],[88.79942183132322,27.138938696431584],[88.86789060391358,27.106256271898275],[88.87047913084578,26.9445738742779],[88.91728326786505,26.998087149139916],[88.94829810610581,26.96696536183898],[88.94120315539797,26.930918391849623],[88.97538789584983,26.912816011941338],[89.01640732441045,26.93749519576268],[89.08937193413082,26.889338830601712],[89.09389007732761,26.839433115548363],[89.12671056612042,26.807263290678236],[89.25604137959616,26.807757187649873],[89.36969045317569,26.857274054908846],[89.3822391873645,26.83643394465563],[89.42872296359388,26.835253906252067],[89.45445338312406,26.797931064836433],[89.54769203725405,26.813077499290205],[89.63994830726405,26.77730318357015],[89.62005640797292,26.71573125942472],[89.74349367850013,26.73254773409203],[89.76379764669021,26.69878661734676],[89.85107321030233,26.698487213403503],[89.86642207497844,26.645637077741647],[89.8497834379635,26.62311577406967],[89.874198263082,26.584009788207325],[89.85070595925126,26.517427971993065],[89.86878011666663,26.452244767072873],[89.82811104813483,26.39684229667441],[89.85635842671687,26.384252381028283],[89.82488663705061,26.381602582931983],[89.82033015375751,26.35273218267273],[89.82040700013849,26.373001324246708],[89.78100575989971,26.35283112116804],[89.78260933712355,26.332710251580647],[89.7505436092392,26.321407839154183],[89.75715258934461,26.28878088157381],[89.71984420722389,26.307031475179787],[89.73834405379456,26.269814847136004],[89.70227302372258,26.259352420760173],[89.73210560448932,26.236698300569394],[89.70049167529397,26.217949893504453],[89.73401976434111,26.209950566783014],[89.6986022784013,26.19076146661001],[89.73669199898649,26.17204852848736],[89.70129710208276,26.151484790738518],[89.67273042721442,26.200676015597733],[89.69130426801505,26.211287826922852],[89.68564882263426,26.230729432866397],[89.63418185347035,26.22931611023949],[89.649870290307,26.190166073086164],[89.62747009711325,26.18384735885287],[89.65856493751662,26.176106181990114],[89.60737725277788,26.179291929278293],[89.59634713225498,26.134907517416543],[89.60425914293454,26.11675373724165],[89.63007648524828,26.117732912818855],[89.59358996998435,26.10152858419075],[89.60828657062761,26.088115075690084],[89.62948666131419,26.106722996307234],[89.64990764405313,26.06345348781612],[89.60518325334203,26.063889700171508],[89.57853320150602,26.0262589660224],[89.58615042643183,25.9752299716018],[89.5553386972768,25.964615927477713],[89.540865790614,26.005768121052718],[89.46266331647435,25.998106815871004],[89.42720927718729,26.013470817701133],[89.433970591802,26.030806036208443],[89.42381346485197,26.046874242354132],[89.39348855520727,26.008003508196737],[89.34914268042088,26.010414532519896],[89.25445588905231,26.06451983157948],[89.265602764511,26.092865784873656],[89.22956610577845,26.12397045817661],[89.1551947468996,26.138667563251182],[89.1408934220493,26.23600993041961],[89.10002222090047,26.279770944096438],[89.10469035310531,26.316025644491113],[89.12080332296547,26.287028477773813],[89.11688613652407,26.31446137281126],[89.13639448932486,26.32028435338308],[89.0834528960962,26.322433289262],[89.09633780142391,26.390682468182074],[89.03401967320966,26.395275354358656],[89.00593740138355,26.421507139084984],[88.99404482093276,26.413082452359244],[88.98332218295182,26.44689323014826],[88.96495156981456,26.45816755797846],[88.94492390993118,26.426029630214373],[88.92615237868257,26.4324154632003],[88.9264027337624,26.40692091674444],[88.90492053344904,26.408856215441247],[88.91086503153544,26.368319469336853],[88.95850681881103,26.361931057813035],[88.95594785902807,26.330351760875832],[88.96122573171517,26.352494652984355],[88.98638389476498,26.34909067827143],[88.99572442347737,26.29044835350855],[89.0184826411259,26.28992314696592],[89.0215151657772,26.309194999443584],[89.04505654726687,26.275375906415682],[89.0591175584056,26.29381909182646],[89.05101673981963,26.241494050968388],[88.95353966080431,26.26497536892733],[88.9787413445347,26.244522401841483],[88.95680269764908,26.240396074398554],[88.89818574159312,26.288781104671095],[88.86132157278715,26.272727030799754],[88.8783054090096,26.23343084244308],[88.84270264194916,26.230807632484932],[88.79344016095035,26.31031879407396],[88.746317930489,26.30853760213678],[88.74263751480366,26.287783104045033],[88.6639387618937,26.258262837490268],[88.66848034662786,26.293839970246687],[88.68341428396585,26.277979790276753],[88.70602973416291,26.28518906186206],[88.67276797942782,26.314529463589697],[88.74451667988525,26.320374270135254],[88.74368937013614,26.346633283032673],[88.69959435438444,26.329969904759764],[88.68097799272817,26.376946274573847],[88.7012116174416,26.386237827367058],[88.6219676518329,26.432062047924187],[88.62068014953678,26.469158634494246],[88.59041372470865,26.447196168585837],[88.55810512830408,26.45725115207086],[88.55628868988384,26.48324011433564],[88.48872789216185,26.508954583675006],[88.48303721126234,26.53917208396897],[88.4337927145355,26.542239601283075],[88.40975679161733,26.632284315916298],[88.33151228530554,26.48283360260547],[88.35063845525859,26.44857905750939],[88.37281481792793,26.489195391191625],[88.48449991019169,26.461073936493946],[88.5220785360926,26.36071059041672],[88.4837626619397,26.349523395350847],[88.45635766953217,26.377162889828274],[88.434858189226,26.33569281195377],[88.4028291422497,26.330020552379672],[88.41486953329394,26.316546399122004],[88.34847751292688,26.282171634169234],[88.35079983131118,26.221500333723387],[88.17874892303341,26.14955207218004],[88.15777095247896,26.07965728480774],[88.18203078946487,26.073478569031277],[88.18220170293084,26.026689028569315],[88.1395407397324,26.01392625791058],[88.1211642543081,25.948078654041197],[88.08688447299754,25.916641044275373],[88.11511260966618,25.798789850786946],[88.15125188385198,25.775972654145434],[88.26141895264296,25.81367973502007],[88.26741873754354,25.78210091998396],[88.37424810331994,25.716171115736188],[88.4022803488662,25.67183848881615],[88.45460746928771,25.664020345023122],[88.44535298839976,25.5964704302393],[88.49937276658191,25.583951665975096],[88.49397756942712,25.558031777457],[88.53286513232516,25.541708710745233],[88.53976207637805,25.508543481489408],[88.6085996280538,25.516354698192476],[88.64635406773054,25.477746106184814],[88.69856392297318,25.47077746136892],[88.70780897783882,25.49985228867193],[88.76501910209126,25.494507947689844],[88.75977389214789,25.525048568081278],[88.81125205521856,25.523372493839997],[88.8390999961129,25.45832727829171],[88.81227253239817,25.410225265600918],[88.8404691238273,25.397322339499905],[88.8400565851095,25.363474187263638],[88.92846357951693,25.30362590020089],[89.00873321546591,25.299855640803415],[89.00767799145112,25.263195696911826],[88.95609840319496,25.253844887399644],[88.9615631263595,25.20770837260925],[88.93478270202627,25.19912161753596],[88.9488132755482,25.17586113330153],[88.92062081547105,25.16537096404756],[88.84324766690003,25.213370056225184],[88.80624319831466,25.169658843977697],[88.71200125806465,25.207547081030803],[88.61313194576749,25.20389457790027],[88.56008254122999,25.175126424674737],[88.49728213718413,25.21110427686642],[88.44187683254204,25.1987017109859],[88.46081456469459,25.149946851452505],[88.43528645025792,25.055613396087274],[88.4526261352156,25.03670160275359],[88.39458204739272,24.969859943262637],[88.39786052717555,24.945612361807424],[88.34006760291625,24.940662859711217],[88.32785317765872,24.871300671120782],[88.27626569860112,24.898127213065944],[88.25807590375415,24.878311523586795],[88.26324277341824,24.911071492665823],[88.22588711925229,24.959824148366835],[88.13749045187735,24.936029718729877],[88.1743937854331,24.861046945922542],[88.14053778705275,24.850010394057705],[88.13541437608549,24.80543691735501],[88.12208655011874,24.82313000674651],[88.10469929757018,24.77984660011717],[88.06812692402636,24.770616349236104],[88.06165963159744,24.721869055911633],[88.02441569371685,24.688135386490416],[88.0895506323366,24.61401559049614],[88.12393321954323,24.516967246242263],[88.1897151113559,24.476233421924846],[88.33491564169262,24.443090506153737],[88.52530666081216,24.315372145200726],[88.58645895185742,24.3244597117087],[88.65179007265375,24.299501912114916],[88.68345419611391,24.32437009958799],[88.73542514350842,24.27605273264356],[88.7468053392942,24.14781638622698],[88.69443247126851,24.112015665811114],[88.72858966937376,24.099068604678894],[88.72866377229985,23.995999922634134],[88.76057479681752,24.005890259055278],[88.7689130158786,23.982615968628647],[88.7383212005933,23.98266233924875],[88.73301230279125,23.911063892203316],[88.70623864546707,23.916140987576163],[88.66731259694565,23.86974498927377],[88.57531931053168,23.86092393413881],[88.60225552159977,23.81668927105909],[88.55643201159586,23.78349328615741],[88.58052206609473,23.76020563495205],[88.55805474000319,23.64871827599771],[88.5936465098879,23.639967157868664],[88.57991164199457,23.602283276785762],[88.64625585042896,23.608085093053237],[88.65439060377311,23.556421782515894],[88.7406109388789,23.48013651241987],[88.7746486655429,23.479326545682113],[88.76871171869477,23.491085252831734],[88.78650777027464,23.506677781059604],[88.7997983817341,23.4964964612818],[88.79487006688025,23.442899430618432],[88.76411161770302,23.447783894889266],[88.74906683993713,23.3998604301924],[88.76549318618582,23.367843474118956],[88.7317625674663,23.35108315172572],[88.74505161675548,23.30773416326666],[88.69581635021821,23.302202942657445],[88.71855641560981,23.254811112893695],[88.78951604939643,23.218145703390622],[88.81106875757808,23.221033206236115],[88.81076929968657,23.255874657679268],[88.82321671379277,23.232937284856675],[88.90623168299672,23.23571593570035],[88.94210367065622,23.20565198896652],[88.97494429249117,23.22351080315109],[88.99440384611079,23.21415507656661],[88.86608022642655,23.10028270892439],[88.87941612734939,23.006015595375676],[88.84612966984231,23.009404901828407],[88.87166541726391,22.978190211527192],[88.85999373793139,22.943637087131833],[88.89430061422757,22.95310982178667],[88.89684158973856,22.897023368073302],[88.94593673526117,22.880207832827484],[88.96950296504991,22.843997793805286],[88.95915458497926,22.7967575406821],[88.9122301931879,22.75857152412944],[88.96263879872508,22.69330857051234],[88.92611995668737,22.64977713552529],[88.95937749832378,22.614067715940678],[88.94402585246353,22.560461022850326],[88.99674967520271,22.468861942705406],[89.00059445114401,22.429402746324158],[88.97272547709562,22.41124658344204],[88.9917844647435,22.391106950631144],[88.98465054511865,22.326448677788477],[89.02508057285169,22.298488231007784],[88.99506724206665,22.28736199901446],[89.06509070107147,22.207109976728887],[89.07123634811967,22.15645085541969],[89.0956206368067,22.16035895742422],[89.04244427426842,22.10121294291949],[89.0784813614974,22.019408016204192],[89.06885678189892,21.948810251669553],[89.03084537823686,21.928384658217464],[88.99515225952345,21.962197958953844],[89.0076499038271,21.902774702275213],[88.97324627987315,21.944291483479606],[88.95791175230895,21.929314089931157],[88.93046157374431,21.948935019709968],[88.93724901226577,22.054597685733683],[88.97531292155792,22.070973006739244],[88.98733535977121,22.11012208246023],[88.92993243100769,22.06338485099201],[88.9209369128566,21.983949700551477],[88.9251218763044,22.055227981662615],[88.90399302651146,22.06872928196873],[88.9278645478512,22.104925434920084],[88.89235932345754,22.068237611271186],[88.90120649292432,21.930987460040818],[88.85299515040239,21.92243958413287],[88.75675731618615,21.961124597959444],[88.75849829073262,21.983624083890437],[88.78788347096199,21.969486984885826],[88.80496101224836,21.965971828000104],[88.81680463990607,21.968220446380712],[88.74648095584844,21.989534163609573],[88.7731031338595,22.054509655105914],[88.75058616596704,22.058798525979594],[88.78335965939574,22.108911187688747],[88.74110742605832,22.053259393142323],[88.70335749592432,22.07345354499769],[88.76107991501023,22.148100746258077],[88.68706931685449,22.077446993379542],[88.73826314786636,22.013658358232707],[88.68229689922832,21.945318501850227],[88.63841037167428,21.952129939104395],[88.66135950377858,22.056558132231704],[88.63742013538041,22.112526568485702],[88.65610772535389,22.168558739335715],[88.70290244263904,22.208725147937663],[88.64039201027526,22.215768735654958],[88.64882708030038,22.24781078002631],[88.63188241421757,22.212686232660783],[88.67325980614758,22.204055143805583],[88.60764765370281,22.101058927629328],[88.63746580393281,22.04717837785342],[88.62170828934576,22.02286941888251],[88.60191804161555,22.030444499900415],[88.61397333660867,21.93978618544709],[88.59357082952016,21.895583106843816],[88.54338702648451,21.904153496251357],[88.53203511954534,21.85318436981034],[88.4963104897284,21.879033813563847],[88.52563606494202,21.91831064023064],[88.5019062968558,21.89688569862284],[88.52559764220068,21.925220651618062],[88.50172950211967,21.96739548999133],[88.5504569833662,21.99088709370624],[88.55406242835288,22.0514289141264],[88.54106917632042,21.988280925758428],[88.49821077150737,21.97633762127912],[88.50523259575782,21.925448127113324],[88.47070990999443,21.901022276463515],[88.45666282004765,21.903890715267615],[88.46575583415314,21.961652130886772],[88.44597648208902,21.987533439490747],[88.44493439503695,21.91740237389516],[88.39109248777264,21.896777511782954],[88.40152152128445,21.922373856323105],[88.38297429397244,21.96641928365849],[88.40193012717798,21.977558121349645],[88.40714541603585,21.99272467977228],[88.38815963120213,22.004171672502434],[88.40259725743043,21.98819991668607],[88.37473055252643,21.966306942509068],[88.3950815870475,21.924572625133184],[88.37963216046691,21.900275443276634],[88.38174913745198,21.795086995204823],[88.35586009340892,21.82706357390733],[88.372570143794,21.90612057972316],[88.35105000493127,21.97135007924978],[88.36357606025246,21.88208382153682],[88.31181407087449,21.859575473673864],[88.30492928192571,21.876945091610565],[88.26065524541261,21.86487686762105],[88.27488407801604,21.899314980286984],[88.27657956726644,21.945754674890434],[88.27258761763721,21.959980767871272],[88.26149274475199,21.96220122563801],[88.2539026642191,21.85986857046949],[88.30380384828322,21.842994761671317],[88.25593730791344,21.80102308665764],[88.30246146610976,21.669932054736442],[88.2861810880099,21.61053954066913],[88.30281884647249,21.58171976951552],[88.25998968900848,21.55652559966143],[88.22009667325396,21.603989127430438],[88.23600919932983,21.64504272962048],[88.20279778887824,21.682562390069222],[88.21997704999748,21.702157975235586],[88.21209805330291,21.783101851020422],[88.1457207599166,21.9552026787298],[88.22230194564834,22.07272965770927],[88.18315695972584,22.187303276487096],[88.06684453314419,22.209540328841015],[88.08176600635758,22.257085881467617],[88.03445802495673,22.219018285742383],[87.99535752270883,22.2458107663339],[88.01475647418272,22.20262339545869],[88.13617826567386,22.18538679377671],[88.18619780636992,22.117131623518002],[88.16743836285183,22.07821348259431],[88.06012176344171,22.017895569324796],[88.01963469358644,22.07186540221341],[87.99290255459807,22.075682989686356],[88.0485458876376,21.99740854601676],[87.9866327235467,21.87067527344867],[87.89967896611375,21.794102788622595],[87.87034161758001,21.811046170081568],[87.87908131530111,21.772651588696124],[87.80639282074961,21.708851789486644],[87.67381402080336,21.650458161707167],[87.6384807968372,21.662570331901552],[87.48621588276677,21.609766410246106],[87.44438053689146,21.768220846583294],[87.36925979891099,21.764599708580242],[87.35544292471371,21.791066551516728],[87.276530395224,21.805178446021213],[87.23585723396775,21.9570629294005],[87.1701418049097,21.979415026240474],[87.1614937461274,21.935582736987325],[87.0963589629162,21.91396528994116],[87.0986015953449,21.865816676923544],[87.03772648217551,21.868135077847846],[87.0016816622486,21.91391439788504],[87.02816239243333,22.03790301845277],[86.960088961213,22.087946626792416],[86.8378106072338,22.097698544082153],[86.79569746364511,22.15692329778445],[86.72179973521159,22.146751420454276],[86.72695651499838,22.216793096636046],[86.77603938953425,22.21808658977329],[86.78159911223497,22.23706608562513],[86.77817398427865,22.21809856837698],[86.80222736325945,22.217930783006942],[86.79221149189628,22.266314700177197],[86.80300583160658,22.244393065237915],[86.81341765429583,22.267532899682255],[86.88673630084946,22.25739174605194],[86.88812216327932,22.297332960440947],[86.83315147435147,22.32447882756817],[86.84553727031745,22.39987172480918],[86.76474865067938,22.42664181902959],[86.75109508211591,22.455807348558935],[86.75065700159959,22.482486816360765],[86.80089687118708,22.48835641376159],[86.76581202331212,22.575703297332883],[86.65853663770892,22.575701225291443],[86.63313256354502,22.61103950468466],[86.63504234500816,22.665607515004368],[86.54802054109074,22.72087982318638],[86.51057438974476,22.70480675052565],[86.41938051410214,22.79099668579424],[86.46729674837513,22.900891749568775],[86.43579743073533,22.92590443747673],[86.47656933840086,22.951870015455867],[86.52546007497553,22.947304131449982],[86.54699778488524,22.989415670893923],[86.51888487511803,22.97058532830523],[86.50135399273535,22.994713072012775],[86.41912545544353,23.000584682520916],[86.39393407808441,22.98103709888449],[86.30457219698782,23.0167924622942],[86.23709416823948,22.995025559174746],[86.18554644322649,23.00524708589143],[86.14609070848763,23.075296557159266],[86.04917276605799,23.106068404717988],[86.04368492025809,23.144936281898566],[85.89416296070375,23.15526662645409],[85.819663238859,23.268486225659128],[85.88355290498407,23.350367747923386],[85.8697508916165,23.388911534453705],[85.90263848006946,23.398522826464312],[85.86361357644259,23.43164149442597],[85.87083493178899,23.475539686672708],[86.05413046300818,23.486938676060632],[86.01677805265874,23.5475376681735],[86.04201188888977,23.586191742178322],[86.15862270526608,23.559499548932862],[86.14846858677393,23.465365211921792],[86.22883417447336,23.443355066518034],[86.24600956385375,23.459670834197137],[86.23039239845338,23.431043275049376],[86.24747508618802,23.41167061692739],[86.26412493058447,23.430844540844223],[86.31014148405143,23.4118423813567],[86.30565534153996,23.43510821796308],[86.34886478640647,23.440404464774264],[86.37929411082992,23.47377045387144],[86.36513557768563,23.531087796424018],[86.38779160837737,23.574064562734367],[86.44719344944652,23.598015434421082],[86.46184447765711,23.629788818547993],[86.52879288307014,23.629879936468956],[86.59826516635933,23.673928153343766],[86.71295390872618,23.698606878454875],[86.74794011080317,23.678953679314024],[86.799296843207,23.688978443540073],[86.82826568753981,23.753289056042327],[86.80543425539896,23.837535135829356],[86.8266943697162,23.81419347790784],[86.87466128334422,23.847605729323185],[86.88982099156762,23.819658177047437],[86.88127198552009,23.863139266757127],[86.91566744199152,23.883221300838493],[86.94686909028552,23.846051075473724],[86.97385086300648,23.86893462921417],[87.12251583696629,23.796197843525142],[87.16726300535973,23.825119299061964],[87.12941783943259,23.86893614896234],[87.19671934114275,23.857935419165052],[87.1893532690007,23.842372098208195],[87.23386924427767,23.85650133884357],[87.21740400277379,23.829879915471164],[87.24066791892673,23.825832057563588],[87.2461958224018,23.908752468042465],[87.26947663406858,23.874445632298045],[87.29533071747743,23.90211276584367],[87.29294813561229,23.959070472445035],[87.26242767889993,23.96725476921284],[87.26279693858397,24.003617929324236],[87.23369085143868,24.024457331514554],[87.24538545667556,24.045068590882742],[87.33696986141324,24.034019402332415],[87.32916942239027,23.998738681760337],[87.36060098280313,24.012848343287594],[87.46000803291757,23.984197860766987],[87.43793406561419,24.01295368800721],[87.51195634636018,24.03609891359322],[87.49328161397338,24.054142985465578],[87.5110513035929,24.08286381219558],[87.48960336232955,24.09030981261021],[87.49754164783286,24.117876696999474],[87.55883617362863,24.08144673344929],[87.61023396802408,24.13242437847674],[87.57583179574759,24.160968709722923],[87.69512443089505,24.149163788873572],[87.69841241844684,24.187291267073437],[87.6383678211138,24.214723567274184],[87.63881459283047,24.25476795505612],[87.65831055337192,24.23595319183375],[87.70596893432743,24.26044065355838],[87.80134192089378,24.383154883611766],[87.81228874782694,24.414163955971134],[87.78951502166332,24.42043475719429],[87.82826761179159,24.498590515889838],[87.79420572493797,24.501338485571964],[87.80881307166958,24.5474819119207],[87.77168511886859,24.58374679436591],[87.85199298891267,24.553935850040833],[87.90881903577042,24.585771627018524],[87.91145615257636,24.610283433434383],[87.87517845609017,24.61375004698963],[87.91424937322253,24.637069839567705],[87.91705794697513,24.665761519154064],[87.88858144140177,24.679208766391714],[87.9077963990409,24.72131161802004],[87.81770027815021,24.760942703184593],[87.83612183654387,24.789856675187956],[87.83656405649698,24.765868583763506],[87.86864823128568,24.774337254187586],[87.87002976024259,24.82619225759633],[87.90025641216153,24.823042122750696],[87.890750420062,24.85518477925332],[87.96228739209855,24.93783846183846],[87.93987633378143,24.9913690333563],[87.79572792827175,25.087319541451294],[87.7786681323055,25.250543539839658],[87.71136704292203,25.2576836124555],[87.76278592616711,25.26559880211728],[87.81849243951719,25.241959472988167],[87.84660861466043,25.264557619430235],[87.84713781578759,25.30437414449117],[87.78420365079924,25.340132977490125],[87.76662173961684,25.415081141272896],[87.78704738820538,25.449283577170064],[87.82138031025492,25.43591963768889],[87.83918495422046,25.467975205531364],[87.86426560254273,25.464398529094982],[87.8839857825791,25.52057094400913],[87.90274370524943,25.50479236290561],[87.91572868828968,25.533798997616973],[87.9591633749339,25.538731661375287],[88.00427438167866,25.496290219768216],[88.01351458474346,25.514095451954084],[88.0732085983672,25.483682677968787],[88.07701257103169,25.506816203480497],[88.031440303643,25.554148183706296],[88.04016780853074,25.573710789554138],[88.02085958690053,25.57052095441204],[88.05520237514685,25.644767114095075],[88.03600483314614,25.64884203114662],[88.0496952568908,25.70224962411259],[87.9678970126201,25.72605595971589],[87.94198831164195,25.774328019256224],[87.90438759976148,25.77252722802519],[87.91767400800376,25.816177243730326],[87.88915880660117,25.829780675285004],[87.91570254192501,25.853398133867888],[87.82962705027734,25.871586613907223],[87.81079751391256,25.927962965080283],[87.8209372081562,25.936220075862952],[87.83441909788911,25.93032004032771],[87.83962503887817,25.933920910917852],[87.85543328941415,26.035109826235725],[87.92664620139846,26.083946731648997],[87.94881355666047,26.060130582381444],[87.98231060891456,26.07272806091348],[87.96420246913027,26.095025296599612],[87.98876375467438,26.105203632737748],[87.97514832678124,26.1430977573785],[88.010455242686,26.14541568464955],[88.03480921413053,26.179159584451178],[88.07324906747074,26.175170820813452],[88.14596185246751,26.25021412393669],[88.22767951875556,26.284868681372956],[88.25324634249611,26.33441202504873],[88.27822055662688,26.32556133370812],[88.30050060823622,26.350423935335186],[88.28330434829684,26.377969192334294],[88.23830322168101,26.380867598319195],[88.27336500171776,26.41903845475217],[88.21518541022085,26.477219801253224],[88.22757862627105,26.49195299087446],[88.18258345638385,26.5042315074839],[88.23541172893606,26.544801647774456],[88.23278958974085,26.57104149850656],[88.16854943063626,26.55347985121716],[88.14596066130146,26.522234971347526],[88.10540160764585,26.551079975441777],[88.16021904308785,26.636768052469307],[88.1870866920385,26.77140087722113],[88.17146736978317,26.866721007479157],[88.12096239567724,26.950481480573984],[88.13307441119576,26.982324140064303],[88.07989615770379,27.034319172658677],[88.03984271631428,27.03544330351146],[87.99169625910534,27.108340618966288],[88.01482089327008,27.211703916461566]]]]}},{"type":"Feature","properties":{"name":"Andhra Pradesh"},"geometry":{"type":"MultiPolygon","coordinates":[[[[80.77529285054302,15.8634426952346],[80.77822199707143,15.863673819528703],[80.78389136993238,15.857831420239137],[80.77529285054302,15.8634426952346]]],[[[80.7924342395882,15.830335255777673],[80.79039465695644,15.828330043276543],[80.78963342458468,15.83231962718339],[80.7924342395882,15.830335255777673]]],[[[80.78913522431799,15.839462141611467],[80.78676845909008,15.84124364006729],[80.78742126480704,15.842839284449038],[80.78913522431799,15.839462141611467]]],[[[80.78353631800285,15.85469358011521],[80.78777108674498,15.852805597203139],[80.78738578494657,15.844842144063408],[80.78353631800285,15.85469358011521]]],[[[80.93050033826037,15.716154367075905],[80.92862775423654,15.716534010072726],[80.93104089139776,15.718089045580506],[80.93050033826037,15.716154367075905]]],[[[80.81294715950663,15.7318188323291],[80.81115373233067,15.731563537926753],[80.8114084145952,15.733146285078547],[80.81294715950663,15.7318188323291]]],[[[80.79574266920261,15.75508566115959],[80.7939661420321,15.754485849037609],[80.79578404650292,15.755334635438832],[80.79574266920261,15.75508566115959]]],[[[80.79250994061721,15.770394449803257],[80.79406475908401,15.770248821032201],[80.79280647269584,15.768960958775457],[80.79250994061721,15.770394449803257]]],[[[81.00845585025705,15.794978728244912],[81.00584489778208,15.791487762629469],[81.00798975038875,15.795735192246836],[81.00845585025705,15.794978728244912]]],[[[80.79365301896847,15.757268387011864],[80.7923496272716,15.756699849871017],[80.79351818903085,15.75786604076743],[80.79365301896847,15.757268387011864]]],[[[80.79373946923815,15.758679927533588],[80.79252967929892,15.758179458918864],[80.79380965011971,15.75900099742485],[80.79373946923815,15.758679927533588]]],[[[81.0121518571025,15.813775250671855],[81.01931552623462,15.79322858387899],[81.00520216307778,15.816314869140674],[81.0121518571025,15.813775250671855]]],[[[84.67564453115128,19.16768745387382],[84.7099086036225,19.159177213773813],[84.70069331982369,19.11875010678612],[84.76357017229687,19.074876247431114],[84.35468481200965,18.55499387529996],[84.14840261437864,18.37383391614223],[84.1284979428408,18.313395944599954],[83.60554743358892,18.037023471508153],[83.42025566973867,17.85709287242074],[83.41136976671349,17.8098746530031],[83.34680636143035,17.726274120991867],[83.21292661500142,17.59100498987014],[82.59390682512503,17.28144688145283],[82.31948871485241,17.05738700359683],[82.27786615471507,16.950771120778164],[82.24821237372419,16.93045892907657],[82.24825987214484,16.87606633159454],[82.35485034264957,16.85131241770299],[82.3585581407814,16.940680491246702],[82.32606597454684,16.991232405094806],[82.36019740357985,16.958949676793594],[82.36620429684923,16.87850502307234],[82.34418885748157,16.747778756402244],[82.36594347280315,16.706840473687848],[82.31715960340794,16.66198659258372],[82.31365478230947,16.558804624327113],[82.23304005315426,16.541740960680944],[81.95628552723555,16.396051852339387],[81.84974668201194,16.373229889898226],[81.7207766975313,16.3069322297365],[81.48717976482261,16.355438549614863],[81.30529853310193,16.303904893360734],[81.21371834236128,16.207592186625856],[81.14800588672688,15.974086334832535],[81.0008980839216,15.832426031153222],[81.00851532681371,15.754527186678457],[80.93933965106166,15.716773395012973],[80.92800923362071,15.721985158551899],[80.82149444348376,15.709726636419933],[80.80977960818663,15.721977191138023],[80.80920846471889,15.735352164150315],[80.79806368862299,15.742803483235402],[80.788409190634,15.757614826934018],[80.78769544949637,15.764648223010793],[80.79044068483495,15.770243800868878],[80.79962800946889,15.777159914561029],[80.79033580113563,15.769054473395538],[80.79119684621695,15.75402032383594],[80.81022206529502,15.735649002793897],[80.81140858258016,15.727447482351392],[80.81669306057954,15.717380752443182],[80.82225272309319,15.710805892244585],[80.81106477037146,15.764760280230993],[80.77960863025578,15.83568081663815],[80.80089133810071,15.80617605116234],[80.80699850761032,15.840830391858528],[80.7744155522433,15.867685953961397],[80.68059160528152,15.885782459768025],[80.42856219425859,15.805060488461972],[80.28416631097296,15.68815487157462],[80.20616829249369,15.473408504344558],[80.11127478171021,15.345643639162091],[80.04700170653702,15.080596743134075],[80.09720816149088,14.780590680082335],[80.19599454581258,14.58654774306306],[80.12719956709475,14.150182032434703],[80.1467468546766,14.041129991974271],[80.255286347751,13.782972718355492],[80.23387262870672,13.657050371117977],[80.26826078906137,13.564496252786313],[80.24177825326292,13.470665481610363],[80.13917917004208,13.504292982539063],[80.07816579537068,13.488830870127746],[80.08122760869348,13.549770453838173],[80.0034138795947,13.544461873389453],[80.04658574883122,13.493704095711086],[79.97238828223178,13.46911303512534],[79.97330580708993,13.429694336739564],[79.93453829684312,13.416475641844901],[79.96272103355562,13.391380128421364],[79.93797313558764,13.35554602167392],[79.86275876081523,13.316946289727014],[79.80886910539864,13.31727855695282],[79.79169950386365,13.293549606515672],[79.76079672955622,13.318505805900259],[79.73367983943673,13.288843220040192],[79.79475302034649,13.241922235974913],[79.75495636956744,13.20650510902747],[79.73728332160451,13.236561520236451],[79.71637284866385,13.21644889477328],[79.70909151550087,13.25107034618036],[79.68424096704537,13.244456009287081],[79.6825735672156,13.295850692490786],[79.63160620687671,13.269725464320649],[79.59602604681872,13.284881397452445],[79.57923531244974,13.25782123868358],[79.53457231260515,13.275425221996828],[79.53727627394969,13.338674575127765],[79.43540184370227,13.351738084475187],[79.38186066544563,13.307517289059486],[79.44539387647274,13.301280652207364],[79.40838951838015,13.265299362647507],[79.43097569877031,13.229745714461421],[79.4531218825377,13.238381398983437],[79.43839703347203,13.188205542503466],[79.37400280880468,13.189288193957173],[79.38769654912934,13.177560047561686],[79.35608536159224,13.164610841946784],[79.36047389046996,13.123569580372251],[79.34113711948171,13.136868491282971],[79.30715928349767,13.105554691318089],[79.31243349016009,13.12617409167437],[79.28398771146101,13.122802703447155],[79.25742740850842,13.16076886624977],[79.2452440236372,13.138308825015642],[79.23490094452507,13.170876212654887],[79.21000170738114,13.148491322118382],[79.23284412951118,13.139403340555987],[79.23439708846533,13.105262416119377],[79.18062950151946,13.084276703144955],[79.19296622431807,13.046730200543564],[79.16309076696284,13.020305715221395],[79.11445250189878,13.039307728076864],[79.08087816758079,13.025763218892344],[78.99497450747731,13.086644830615988],[78.92391572753112,13.080846017643694],[78.90364918046087,13.047743190551314],[78.92913649521392,13.045796126471814],[78.94078292919201,13.036447179611748],[78.93707999813239,13.030464174969495],[78.89161664877699,13.033096243460347],[78.89155610412348,13.097124395051406],[78.81311572465557,13.089180237788842],[78.75175202588798,13.054980790599013],[78.71449313195625,13.068717472793415],[78.70524724345401,13.015278565951776],[78.65619150253134,13.031209601277451],[78.62087328132871,12.991281446343239],[78.65698861451386,12.932147878432806],[78.6334106814736,12.931787739324925],[78.59249357821035,12.782719673383],[78.55560062648436,12.75582982295686],[78.55584692836557,12.70020274935658],[78.53487677495072,12.691170439618489],[78.54425194359874,12.710983248717536],[78.49313826297144,12.747194740112791],[78.51998560999671,12.712059094498882],[78.50304169041387,12.716815289367016],[78.49975627294212,12.676186679425557],[78.46787173255565,12.675938732313181],[78.4649401192535,12.624076566412478],[78.37939149670646,12.625062175072404],[78.27212963973143,12.704722409688234],[78.23768219236464,12.68580868386502],[78.1992987711906,12.695430381548011],[78.24098415590562,12.729991246381209],[78.25217415948113,12.860601143331289],[78.31242174462734,12.858568140977718],[78.3540716836179,12.939735965901345],[78.38867069473942,12.90690719850518],[78.44555396068752,12.911844829241048],[78.46474446169302,12.86681296669072],[78.46667056015497,12.905458451653448],[78.41113825798622,12.945316491987917],[78.4353055172939,12.981087722574319],[78.46743610444008,12.975070380748646],[78.46217176038118,13.04326113308546],[78.5142270155634,13.061902017722003],[78.5094463747591,13.091541359525817],[78.53848169891451,13.10577614602592],[78.51702142288401,13.131636065946884],[78.57974123008262,13.167406613708806],[78.5500372368606,13.200226090161088],[78.57867890219053,13.213036601090268],[78.58734178497168,13.280686091190056],[78.565527418209,13.31204657781157],[78.53215685413682,13.266981779519154],[78.47928930005388,13.301333997787067],[78.48338119893657,13.321214481345008],[78.4441855902529,13.308154754226091],[78.44036500863714,13.32847294547256],[78.40108482087449,13.315513307732639],[78.37712913008761,13.33201465250378],[78.40866431925333,13.342926454260638],[78.3650589023995,13.361842316465713],[78.40146037774869,13.587936587998394],[78.25947484954186,13.582535980257175],[78.23603316128579,13.599311414941605],[78.19295901887074,13.564887992574484],[78.20418442235665,13.628462172566532],[78.16821212521926,13.632892405343135],[78.16756687972371,13.655865469317408],[78.08709825256628,13.643107123059998],[78.06570685755513,13.676181114519283],[78.06906668966838,13.697848753004159],[78.11321000513794,13.692775442099512],[78.12078997603064,13.715657850380033],[78.09151427438327,13.742316517518606],[78.12661405405488,13.787152397188349],[78.11476853903677,13.862926418098818],[78.08189872644667,13.861279206423543],[78.04885893014695,13.896130252111975],[78.04618600020555,13.862171542341784],[78.00047776201887,13.872966750660165],[77.95297639040535,13.827392839074239],[77.94907363180573,13.886487394608611],[77.98465708598587,13.897840321536238],[77.9875211486736,13.955535634869172],[77.96742663616678,13.96019406610718],[77.9267624248257,13.90536506572061],[77.89569088492416,13.941080004213147],[77.8265856209207,13.94476277717894],[77.81348950011015,13.914661761405117],[77.83706854346808,13.869779997044969],[77.78226520349119,13.84412004807057],[77.78153071755868,13.818333011438742],[77.71930533231267,13.800315120156196],[77.71735858966723,13.741115207691573],[77.7032909893859,13.769829257156402],[77.67171492777302,13.760521657077161],[77.68007524359345,13.786818219419796],[77.65148525205362,13.784169519948572],[77.6176901477714,13.762717323455696],[77.64187498261764,13.747873502946884],[77.63057992286627,13.735956652394155],[77.59996983854303,13.750800792916205],[77.56092572624047,13.722380584915463],[77.52556270785124,13.75334497402061],[77.52833457374643,13.693053018745399],[77.48503841899712,13.71482457034979],[77.49211297615139,13.689851631620245],[77.45533255278778,13.682304121462154],[77.46459094494044,13.806117842624742],[77.422568302125,13.799133150809729],[77.43252100395742,13.843257185007403],[77.36243252399403,13.854286800919155],[77.3253837666685,13.833278919843577],[77.31149798809564,13.866623645027845],[77.25669795391896,13.84656357561685],[77.23562634567422,13.90417695378639],[77.20043513277804,13.863078364703377],[77.18139384283957,13.869884676219055],[77.18471507344677,13.925226410980235],[77.16193965665377,13.906665670642326],[77.1685846708802,13.864531858145973],[77.12820421487947,13.85649990607147],[77.1686892958647,13.829661245041395],[77.17305546298007,13.762052268128997],[77.09044745754929,13.767182754030024],[77.08563854586471,13.742478869937747],[77.06470490986446,13.743875318085939],[77.0244779885222,13.779266324834127],[77.01650701602064,13.738552514742112],[76.99687362132555,13.74779131468337],[76.9780280051172,13.826908926052406],[77.0230365922415,13.902636598790846],[77.0472997970114,13.906640868790415],[77.04166447658793,13.933474045173654],[76.99377430783122,13.962604779017672],[76.9995014217037,13.990379189185466],[76.93114482623443,14.03024094369827],[76.93239522361775,14.053964618748038],[76.97758030005095,14.07132821940321],[76.92499286582644,14.13714744163007],[76.885926316303,14.138277165000476],[76.89454694592644,14.16784994484616],[76.94238322744421,14.173368862255847],[76.94757851531227,14.19821349927798],[77.02334023807887,14.176725765340127],[77.02780331993868,14.06218091381123],[77.12740982030068,14.047053627220642],[77.14922966229504,14.001202687380577],[77.32223562614519,14.030033425901864],[77.36109510141924,13.990851254431565],[77.34949165901399,13.958179765177512],[77.37128992796679,13.95279099464073],[77.34784197755488,13.91600377437425],[77.39797509404896,13.90662412407271],[77.3987447714827,13.888166176156766],[77.43504346069881,13.915046397522355],[77.41208858207163,13.945598336353628],[77.43536633946641,13.947554264829401],[77.43788420042682,13.975560740145298],[77.38164674950616,13.976273005627258],[77.39016184055848,14.016734981870377],[77.3323076278406,14.030727018525221],[77.40092576510989,14.11875012094729],[77.34747239088405,14.103673476004849],[77.35172094696917,14.131141956692357],[77.37894947881384,14.135878913799132],[77.39372539979838,14.174282095880384],[77.50351051481202,14.157154636558023],[77.5170357590372,14.182847986217942],[77.49828785617555,14.278883664963605],[77.45028681644818,14.280742300483626],[77.44622937424482,14.317501661811933],[77.40645309366316,14.337782357884924],[77.37703939102524,14.307637232405046],[77.41769960576161,14.225878729082828],[77.39260184453317,14.198879776468091],[77.35949347264129,14.23404287668137],[77.36382868291365,14.275863106734917],[77.28354612739429,14.282772595462196],[77.28657666946373,14.340134386217954],[77.23821093529055,14.31739582555881],[77.13891590509205,14.340007301178758],[77.10081536340098,14.217175200991216],[77.05247477397093,14.245540217855696],[76.94006892832044,14.244644952998348],[76.92491106703326,14.273820940858334],[76.95673799846058,14.294383426449603],[76.88477208087589,14.347572231563136],[76.88483375291507,14.39574476586198],[76.91584566803792,14.420728211234525],[76.9428437011639,14.399754052407108],[76.94480669972275,14.450931527319321],[76.97483029465822,14.485365120706206],[76.86797879079992,14.4740735883859],[76.7650152484919,14.602157763892087],[76.80296546879829,14.74191666387698],[76.78270952095005,14.785970067848332],[76.853999412266,14.809475799719946],[76.84550278338943,14.889324767602002],[76.86964518361827,14.937740177534371],[76.86748299173001,14.969852122631869],[76.82852801565978,14.956487357282153],[76.76656426563859,14.97564686173467],[76.79015610998934,15.020744227249141],[76.77672063081727,15.078429550809274],[76.80026181377927,15.09586072373544],[76.8360420025999,15.079263180808544],[76.87718764625455,15.030236680813172],[76.98524555969165,15.01521768836609],[77.04958530153704,15.033104631040104],[77.04414001611863,15.009871525318648],[77.08247333645268,15.006109268727117],[77.15635039465154,15.122958808138518],[77.1354285616158,15.149774804185538],[77.1691569174791,15.171375305638623],[77.14768085265916,15.223935635451488],[77.12514504529852,15.22696557206009],[77.16695576206372,15.268609857119882],[77.11840090287883,15.294876130797292],[77.11312731515562,15.333703383711644],[77.06375418327337,15.328043670705217],[77.0320376610827,15.435580720804651],[76.97386698536498,15.499550463888408],[77.03006961039871,15.50267159913053],[77.0304640507585,15.634515061458835],[77.08322083088882,15.659167328849806],[77.1214536980145,15.631106996135646],[77.12891461877582,15.665886452811431],[77.04597782456119,15.74037722629657],[77.0652386070596,15.828214308386157],[77.0252201793049,15.837529638812036],[77.07479046354422,15.912038734726039],[77.24890027002901,15.964573791658447],[77.80355735352808,15.874152750496034],[77.8880184791854,15.906102823236845],[78.00890159501809,15.861774776236759],[78.03192760224947,15.907367034162018],[78.08359230318382,15.840945063468748],[78.13403647122651,15.83628294298982],[78.13557320391169,15.854727309273736],[78.17538044582793,15.858098701706663],[78.18446554757242,15.909840317645983],[78.25165256259287,15.93524855910911],[78.26089843582375,16.0258401963458],[78.3122960352848,16.011533656780447],[78.4079250506903,16.074834056267036],[78.55179246587402,16.04282894955822],[78.62726926998195,16.087664695058436],[78.73552554041696,16.008181935167837],[78.7831748151504,16.02032064386242],[78.83778520149589,16.071889364804374],[78.83387572978612,16.144506282854316],[78.8721771680124,16.143999518813377],[78.89562720071916,16.08561125318983],[78.922054240396,16.104345200574553],[78.90542854900258,16.18362053815784],[79.00953436297475,16.240246773700242],[79.1569714118064,16.209321114836186],[79.21656932276271,16.227439033494125],[79.23431861164214,16.333873290537536],[79.2102244599272,16.358263945224568],[79.2115870910255,16.447420529308264],[79.23337918585734,16.459234252933935],[79.2148523871332,16.48794140358634],[79.25685957353585,16.565851097165048],[79.41865977736043,16.580279827467706],[79.44719275013426,16.61974746408219],[79.72291011805682,16.690314387595535],[79.77400614499214,16.730813448913054],[79.81727714332021,16.691906108020017],[79.87754293102901,16.697338074625407],[79.91012022611146,16.633958400388067],[79.9630835172475,16.64357419213043],[80.05496740413122,16.74468814794516],[80.07061371267598,16.801733873062126],[80.04685568898081,16.853383182341364],[79.99877384938692,16.86525417250296],[80.01739568268155,16.9150147510181],[80.04041648956579,16.9181230986949],[80.05545623856274,16.971461635521834],[80.14024726781322,16.99063325428679],[80.19646240278558,17.04407494944679],[80.21143918077945,17.010315237787932],[80.29359949911024,16.996375328464904],[80.32170760378901,16.879674137135762],[80.37407384314618,16.852439639097167],[80.3804396133716,16.81749544794234],[80.40780373962022,16.84827444900645],[80.3783756091405,16.852035166917698],[80.38404523083479,16.86530168520683],[80.46424754074815,16.820024393803244],[80.4644623180511,16.795495498552807],[80.5702470832893,16.76805746919483],[80.6129722913019,16.7935897904827],[80.56285387663577,16.832888595626727],[80.60194711241137,16.918637321008365],[80.53470228451414,16.96146084722038],[80.49923557359169,16.956380590287363],[80.49345280549409,16.927474720976292],[80.36341256189576,16.976109595257967],[80.40704226021172,17.015840323226566],[80.38574071020372,17.06797049857315],[80.40903758734103,17.09154066365687],[80.46486602812632,17.03006870804559],[80.50540331919588,17.068508862538234],[80.51408582477609,17.122097767223668],[80.58002435043493,17.153117438131826],[80.67055901716923,17.10123456642894],[80.65381527906263,17.06865858184801],[80.73888487049281,17.07963699263481],[80.8453119176844,17.040016923406696],[80.87716294821584,17.07048428111484],[80.87943982981308,17.160879326866702],[80.92399588432478,17.157896082612453],[80.91887846332382,17.219786557153427],[81.0312711297908,17.190380824562045],[81.05460902220734,17.224925154611526],[81.17397560038079,17.23038939985671],[81.19040843516076,17.324865984265447],[81.27402587388303,17.31724568432279],[81.32263379475512,17.374597553268426],[81.3123786678958,17.408776550923868],[81.14825175831507,17.463703550716676],[81.15967867907203,17.48442034676948],[81.12727783287434,17.52647246080858],[81.09756173126061,17.504305220028183],[81.01989515069695,17.520082552115067],[80.96939492239069,17.598102459228816],[80.8554022872324,17.60191539242292],[80.86149566850074,17.63425998526619],[80.91105521877074,17.638063163805345],[80.8855466175387,17.735722858532565],[80.92785024529016,17.76182043316746],[80.97342106549287,17.780167850525853],[80.9913170959706,17.749963267092088],[81.05816345905558,17.733132868904267],[81.10426012248291,17.77205375684865],[81.09396249902244,17.80932243060053],[81.16613095256773,17.857650691707608],[81.26535370881005,17.811131884767406],[81.39311990679249,17.794663183258397],[81.39764006401218,17.8210816896852],[81.47621495002424,17.83846641292994],[81.49234777804205,17.812725617756946],[81.57440410559896,17.838759992608765],[81.6172208213963,17.823140620344567],[81.67156063787313,17.88806559646563],[81.70089081964751,17.902841327230014],[81.72586691125721,17.87907717666042],[81.80816898733315,17.95644373876537],[81.96220349178341,18.000978481455434],[82.03065173786955,18.07004227499658],[82.16715808901894,18.05268919860622],[82.18590387185654,18.01585594529825],[82.2645422418097,17.99562388457612],[82.25993648502491,18.042587525275167],[82.28971206589024,18.06964297427427],[82.3065047100775,18.045647571824468],[82.33906238864907,18.05553891647837],[82.33809893652372,18.150574045859052],[82.37065397404838,18.14890461313267],[82.3091767830261,18.20483256154162],[82.33537770596615,18.22504555579189],[82.34297139682813,18.28128594218252],[82.39063778356947,18.298686835370855],[82.38725789297425,18.32924170580266],[82.3365136121682,18.327441676227068],[82.38383817736748,18.368237917298472],[82.36250511086604,18.422271010876628],[82.48105439191252,18.549439932056053],[82.53213553825515,18.51102034903489],[82.51939428072791,18.465629028468385],[82.5613695625649,18.44852286590551],[82.53550225056516,18.406203489916038],[82.62120006261964,18.35974202224911],[82.5795822518752,18.315898254937878],[82.59693345233646,18.304919750818726],[82.58607040228674,18.27680308089274],[82.63597050657587,18.237452308413005],[82.64092846763074,18.302768957062817],[82.77253979728734,18.341164831838533],[82.79780635644926,18.407484706200666],[82.78043674142296,18.431519639272675],[82.80141166668864,18.449984251567216],[82.89496930269456,18.424137212550118],[82.89416304855737,18.381603083078765],[82.9379780477569,18.361563317200115],[83.02017247691569,18.392431542626237],[83.05272953654804,18.38071589462449],[83.07528774519692,18.40408646574016],[83.06543546692843,18.431049054777127],[83.04066097164153,18.425181260947326],[83.01908458566558,18.457197059706576],[83.0931547043954,18.54761711508343],[83.04313656417284,18.545431137449036],[83.02793979056254,18.574538058898447],[83.05098697917003,18.60021506323978],[82.99901562933026,18.608616912811367],[83.01126875131528,18.647001822368388],[83.05615005524864,18.666285122878023],[83.13715228258316,18.786304298858674],[83.21055831724765,18.73152381196543],[83.22272297673673,18.776025240536658],[83.2694531482721,18.76534844930679],[83.28266012837526,18.798766471891156],[83.40393298458218,18.843273500597466],[83.41282106422526,18.874488968695275],[83.35171615392134,18.93092502402002],[83.36600185976376,18.963013661969782],[83.33212637961985,18.926474642491886],[83.30881325285733,18.999777944784782],[83.33687994250654,18.997860441822862],[83.34100597467508,19.01897895861187],[83.39869707849019,19.010284920123887],[83.4598989843869,18.955696592565207],[83.44807517176775,19.010831364041497],[83.47775605313412,19.009394238763814],[83.48142738595364,19.03446840462814],[83.46606179374861,19.09403203523366],[83.51181680811045,19.07014992940828],[83.50103719987248,19.020494433612406],[83.53529086356451,19.01165681208011],[83.54711698844721,19.081436713945596],[83.5825269959123,19.058880399463007],[83.62410001306341,19.163592843438774],[83.70024572069822,19.02528487851423],[83.73012450810818,19.021789103675395],[83.70958377994184,19.002469455392564],[83.75337432430442,18.926302204660757],[83.78591294601556,18.916808117214668],[83.7455828756208,18.9966860257192],[83.7927209532621,19.018880704893114],[83.84611459760636,18.86892658642015],[83.89116658413862,18.81541834118213],[84.03648167123366,18.817339839618054],[84.08924055881165,18.758482556064166],[84.1355760645101,18.76245252305207],[84.1614839758691,18.79024088147986],[84.34245589962153,18.80304390126136],[84.32884188747325,18.81892476843264],[84.36290633362708,18.839975999038625],[84.33065589325571,18.88304619065548],[84.37231564005253,18.86272573313972],[84.35812168992989,18.89555134147566],[84.39011526333397,18.877531662506286],[84.37681653469758,18.90544321091519],[84.41603662965927,18.89847370252415],[84.43604308301376,18.921814217413676],[84.4222003526076,18.948423481024],[84.4499928952967,18.978590426342784],[84.42982366811107,18.995727673267666],[84.41904914074435,19.022907913238306],[84.47395560102768,18.99029928438464],[84.5142703425704,19.0493576440467],[84.57075204092524,19.074633038538536],[84.59881131408343,19.025706049819526],[84.61620547647318,19.06677340281496],[84.66874910974278,19.077207862171615],[84.6568618095892,19.09530797625995],[84.62338454542422,19.08580720870935],[84.59339876417232,19.133345877919794],[84.66520619019481,19.13074747677233],[84.67564453115128,19.16768745387382]],[[82.2259974463797,16.758619784444434],[82.18632728108761,16.737104755868476],[82.19341304203007,16.721649708892418],[82.26673003029367,16.69465599302771],[82.31038899841658,16.718768658724635],[82.30549554358562,16.748263350505297],[82.2698030635744,16.721796588501753],[82.21747587308433,16.732766348619148],[82.2259974463797,16.758619784444434]]]]}},{"type":"Feature","properties":{"name":"Puducherry"},"geometry":{"type":"MultiPolygon","coordinates":[[[[79.80967754603522,10.880482865630812],[79.80686714241435,10.877670292611738],[79.80596658403694,10.879701536943784],[79.80967754603522,10.880482865630812]]],[[[79.75698283320284,11.00278308110945],[79.79770790720104,10.982551333598064],[79.81516529930867,11.003769568529703],[79.85145195918481,10.993988235717227],[79.85070499295807,10.827897309012457],[79.80785451038753,10.855679066423402],[79.82849837413163,10.883846012287604],[79.78357626961636,10.888535101430374],[79.78924416654532,10.908502744131951],[79.75620825995075,10.89181501883275],[79.76234593804406,10.914440325370254],[79.72476320324908,10.929025896149748],[79.73727915072665,10.95246196996678],[79.71922800814882,10.96846608521418],[79.76388244974372,10.95982109923778],[79.75698283320284,11.00278308110945]]],[[[79.73944800002948,10.921378333950276],[79.73882803671931,10.92012886066482],[79.73910449684128,10.921312193792792],[79.73944800002948,10.921378333950276]]],[[[79.72162365870473,10.938308857106673],[79.72200547234488,10.935131949692105],[79.72017983248118,10.936117667124279],[79.72162365870473,10.938308857106673]]],[[[75.53443660836504,11.709281106684484],[75.53658682930386,11.693938824344887],[75.53009633069618,11.70200203908342],[75.53443660836504,11.709281106684484]]],[[[75.53821831987845,11.762709883729935],[75.5555057246832,11.721747549478474],[75.53116885177178,11.708435936222598],[75.52663646668445,11.726135068231097],[75.53821831987845,11.762709883729935]]],[[[79.69714846500247,11.874040847061398],[79.69908703118224,11.861265302900318],[79.69597923848993,11.86039426285556],[79.69714846500247,11.874040847061398]]],[[[79.599327116536,11.88294503783985],[79.66266529253514,11.867300430137107],[79.65782681819285,11.852701597457623],[79.60197174505434,11.857802793463547],[79.599327116536,11.88294503783985]]],[[[79.6745722595052,11.803559799588259],[79.69053892345,11.808500117569116],[79.68130823803561,11.79631914646354],[79.6745722595052,11.803559799588259]]],[[[79.73765377784453,11.843009567833324],[79.76775216381562,11.822747505505987],[79.80699829015762,11.833580813060266],[79.79576603072945,11.785499126952063],[79.71285882702027,11.79088089395494],[79.73765377784453,11.843009567833324]]],[[[79.64094715689896,11.82285239487423],[79.66172425517273,11.839308530713282],[79.67122518885886,11.814853842946473],[79.64094715689896,11.82285239487423]]],[[[79.6925612701064,11.822476034298996],[79.70259985986314,11.813470708321622],[79.69195776033897,11.814165203650468],[79.6925612701064,11.822476034298996]]],[[[79.78831721386827,12.019235012965627],[79.80315726917418,12.02583434852015],[79.80551830584557,12.022159443584522],[79.78831721386827,12.019235012965627]]],[[[82.32063386831197,16.56605369364912],[82.31958805774302,16.566162233050438],[82.31999860669251,16.566940546711116],[82.32063386831197,16.56605369364912]]],[[[82.32034722937954,16.568583896520778],[82.31980039252676,16.568290315533435],[82.31978448875297,16.568579413208305],[82.32034722937954,16.568583896520778]]],[[[82.31918189167386,16.567747815919255],[82.31902807853764,16.5663199809238],[82.31813102808144,16.56722339108384],[82.31918189167386,16.567747815919255]]],[[[82.31512271033212,16.572147393471994],[82.31881763201265,16.56801367723031],[82.31726265095078,16.56772799006841],[82.31512271033212,16.572147393471994]]],[[[82.23167860962874,16.756231752362865],[82.21747587308433,16.732766348619148],[82.2698030635744,16.721796588501753],[82.30549554358562,16.748263350505297],[82.31038899841658,16.718768658724635],[82.26673003029367,16.69465599302771],[82.18636352451604,16.72999750649864],[82.23167860962874,16.756231752362865]]],[[[82.34454601416378,16.60691303030017],[82.33589018944583,16.5895391555481],[82.3312770242549,16.59178685478351],[82.32947935253927,16.595126155944605],[82.34454601416378,16.60691303030017]]],[[[82.33091558260877,16.617993821424378],[82.33516125061024,16.602869327483578],[82.33063185421784,16.607101624096185],[82.33091558260877,16.617993821424378]]],[[[79.75542103033467,12.004402111374494],[79.72344473333014,11.977093115025331],[79.75021249501111,11.919949872265745],[79.81254361825425,11.97793458573014],[79.8405729999714,11.955828715931101],[79.80770216240354,11.836406568099394],[79.80060534230158,11.855314398723273],[79.7660917852181,11.84059092424407],[79.76846270425588,11.875970285000681],[79.7503312469018,11.847972320639514],[79.71735439824894,11.854522363540218],[79.70995429792394,11.889188862421873],[79.67397048079131,11.880662436627203],[79.69624346625264,11.919177026230338],[79.71860190754863,11.918974926234034],[79.71113323702134,11.89075175248961],[79.74064997372743,11.905469612213121],[79.72084718910911,11.944898386226395],[79.69159727899185,11.951351023982138],[79.75542103033467,12.004402111374494]],[[79.77532057698384,11.905032020691337],[79.77261774033,11.875850128700167],[79.78506296434361,11.862958221660683],[79.79638034992472,11.899901487001507],[79.77532057698384,11.905032020691337]]],[[[79.6864862288429,11.97320707881271],[79.68460721916986,11.953355434689147],[79.65449099445385,11.953707328584041],[79.66216470454643,11.969087497871596],[79.6864862288429,11.97320707881271]]],[[[79.62788162013055,12.031789055515834],[79.65136154248174,12.022298628969834],[79.64268776852607,11.942117436605766],[79.67065166575394,11.931574022811292],[79.63691239895317,11.901448913593033],[79.61842499315087,11.92608663835949],[79.62788162013055,12.031789055515834]]],[[[79.69503088075628,12.035557768082318],[79.71960396656995,11.992169296445017],[79.6569393329978,11.991563719272545],[79.66136068002781,12.012296084743092],[79.69503088075628,12.035557768082318]]],[[[79.85706822903609,12.006810447066881],[79.84046957244115,12.013271029925544],[79.84976470029905,12.051816570374996],[79.87379345286463,12.042623282346074],[79.85706822903609,12.006810447066881]]]]}},{"type":"Feature","properties":{"name":"Maharashtra"},"geometry":{"type":"MultiPolygon","coordinates":[[[[74.38930188405402,22.03233702605432],[74.44353799631952,22.023224861752098],[74.43942980738746,21.976728559177257],[74.5240274670865,21.91157135676866],[74.50541575421181,21.726149872798004],[74.54725578749625,21.719492133525435],[74.58211038279084,21.664856539832357],[74.78295954173572,21.610634039467737],[74.90177538077475,21.62918697379833],[75.05165974407088,21.5664957176398],[75.12587049136347,21.449208464457175],[75.21708450364149,21.408560087064423],[75.29536556689379,21.413522692256414],[75.29963807745425,21.38456389772893],[75.35720095574572,21.400815937137647],[75.3824258851807,21.379280988597685],[75.52009232338298,21.38696910044495],[75.54376229151902,21.368481115723203],[75.60697718722017,21.391797921671007],[75.67012739164443,21.37453401087607],[75.88993232989591,21.394560531364835],[75.96294676108022,21.389605111514122],[76.04779361882898,21.348961528869626],[76.09562065219089,21.371118382500566],[76.15917849861634,21.255329164899194],[76.1404170653299,21.240950640869904],[76.14089248971085,21.22757484127823],[76.17636622096725,21.18395072616421],[76.11226670839176,21.15530295597121],[76.16984243977832,21.10360509687812],[76.16645205506393,21.079004385659395],[76.26008316697184,21.090415860379263],[76.27901079667069,21.069906850278162],[76.37460031405146,21.072689151512105],[76.45564880462311,21.107623679915164],[76.49307364523558,21.193816542840324],[76.62318526088158,21.18491704210026],[76.66268375902118,21.275894225216565],[76.62149647306319,21.332228399623503],[76.7857965257284,21.46502279245195],[76.79555015460565,21.489410322854066],[76.76334362927523,21.520762017509966],[76.78925112381594,21.53637874898503],[76.79518548800762,21.593905201940988],[76.83285185326064,21.58896512455525],[76.85445142026248,21.613332175480615],[76.90193087028814,21.596857492824295],[77.07324859069897,21.71942737146451],[77.17605974639547,21.725728143919795],[77.21039535530602,21.68964038300406],[77.22693816094478,21.716764271216114],[77.286902302466,21.721841112595044],[77.28979480491734,21.760236371587865],[77.47911897672064,21.769965028182533],[77.54212797586369,21.706116059469664],[77.5769749893773,21.55490435234038],[77.61177491320367,21.538540759525908],[77.57511625288359,21.526410497388255],[77.45461279922593,21.553739536679046],[77.42224573417448,21.517682181054198],[77.47342952202148,21.454551303822555],[77.48773873407994,21.37430665429849],[77.51442416516512,21.375929985036667],[77.53205747345653,21.41906710716522],[77.58735892836016,21.362668332692696],[77.6077178797338,21.36464281339176],[77.60561648762058,21.390791891186414],[77.65365262542446,21.391193401700445],[77.66955857223917,21.368815706620325],[77.69182975568003,21.397530388881062],[77.70988958586497,21.357327707819298],[77.73705408040632,21.362179080210545],[77.80118102842889,21.4095169957238],[77.88314473159515,21.375942979526815],[77.94109557878308,21.38570323394911],[78.1763372917427,21.49913486495538],[78.18197846828352,21.55663138181001],[78.27401926120294,21.568715293794213],[78.26649712654323,21.591718882510317],[78.3064624917124,21.569358634626788],[78.34295930436443,21.58861632870646],[78.36329234922357,21.574863289158284],[78.38691833584333,21.614780837231148],[78.42745389136776,21.5989460568711],[78.42449369457157,21.544259190646013],[78.45138120437484,21.49652712165902],[78.51184098147262,21.528513709168855],[78.57015657251368,21.514251141778747],[78.58543024909885,21.486719279074872],[78.72816716953182,21.462183494622888],[78.75086344384997,21.492975469274004],[78.77619358576766,21.46444200570409],[78.80027380281588,21.490146911460617],[78.93671033779975,21.48571502628249],[78.94418621012065,21.51580552608135],[78.90657936005182,21.553228781778024],[78.93164963822248,21.561731810001945],[78.9141349866003,21.588962691337667],[78.99841820361056,21.619018857644775],[79.01227300467916,21.59940367079916],[79.09363880805695,21.597998600129603],[79.1683544543533,21.637164418419406],[79.15501507156043,21.66002256592267],[79.22390582416224,21.64862521354716],[79.2311990644943,21.72228070920034],[79.35233343282376,21.67784469892475],[79.4222125424439,21.691822262215453],[79.49617793378127,21.67399874933836],[79.54062279842037,21.542679401408243],[79.65196954921551,21.555745266365882],[79.73763943354608,21.603857435728003],[79.89121814899089,21.51802797099437],[79.93589277752682,21.55612708536854],[79.99849625648937,21.53343687217548],[80.06672138531346,21.554116335447326],[80.1197146990446,21.609886921088506],[80.19278397058038,21.635459904995727],[80.25399286806497,21.62454088269231],[80.3764967557743,21.523277132881415],[80.42222754257293,21.440469245184925],[80.39611358643386,21.408024518700138],[80.41230289512687,21.376633782997374],[80.44863671026721,21.372061087387102],[80.45756336177196,21.402692502499804],[80.52764884495558,21.394774314970448],[80.59920120423463,21.327131477933506],[80.6624224968389,21.334648795298694],[80.68158574116204,21.313483090478286],[80.61380251249088,21.226478218240814],[80.4642767898938,21.174935917800774],[80.43916211428689,21.096465400979465],[80.45265962931586,21.0387339336299],[80.42420041092183,21.00876569491137],[80.46364927714197,20.92914763878183],[80.54614851006657,20.93474656289091],[80.55168316258438,20.763973570866312],[80.58765447786317,20.684585356049354],[80.48102291931566,20.61838586512529],[80.52092603662555,20.58050224721059],[80.58076469158642,20.60838922703309],[80.63185840895315,20.598427857325618],[80.59148088685015,20.39295428709618],[80.62635710279702,20.33250614476202],[80.54959073475936,20.30883764325364],[80.51883516917421,20.26604266583604],[80.48079577041462,20.274955218640144],[80.395273555642,20.244873228846895],[80.42219529125761,20.205807056684215],[80.3885381313721,20.16507026976833],[80.4018173944146,20.147268810922395],[80.50559332006496,20.144465001120626],[80.55207092756326,20.117988065707618],[80.55682513184709,20.07174874261765],[80.52991848972489,19.939336004002286],[80.48876615092638,19.930481829211622],[80.45217109581995,19.957471770153422],[80.41126256158621,19.93835949957291],[80.41388975829648,19.907317763041387],[80.49142602116018,19.902040076772366],[80.50584808677112,19.870522083363724],[80.44072580451544,19.810195145006066],[80.40209788168399,19.81665312356283],[80.40173049319066,19.79614496383642],[80.46425822800508,19.79580203500805],[80.4890497095357,19.77027064787847],[80.48058100119648,19.827532760415092],[80.54620278268277,19.818349424041855],[80.5526368733788,19.765414470714383],[80.67640804230723,19.69941191607745],[80.66536986928608,19.611741004996794],[80.71931802479062,19.615366989822114],[80.7754940812515,19.562429417768623],[80.83516592265737,19.566758184228448],[80.85666643872104,19.523043930624933],[80.89543000177052,19.519730621702255],[80.88230469469637,19.45216609371245],[80.80958965941981,19.42024707869875],[80.85298729954174,19.363858610091484],[80.75733732194908,19.28973341904198],[80.71082259696158,19.281600298379463],[80.68001622985045,19.330179378911463],[80.61268646354817,19.309359769070593],[80.57606111275877,19.40220636802446],[80.48418467380709,19.339536268017877],[80.44850811463765,19.266467777857173],[80.38928775301883,19.237798256572134],[80.39397789664311,19.187633552810663],[80.33325462750281,19.145361668881268],[80.32969732502885,19.069940430560987],[80.27329543030888,18.99295323534256],[80.27085876627038,18.938438293351016],[80.34950200239747,18.848036590384222],[80.35153664339684,18.816423732965497],[80.24524562808875,18.765495609646763],[80.27289101775115,18.72299154160009],[80.2484819984443,18.706366404809945],[80.11812773436536,18.680545488881688],[80.0185508972723,18.770409833029245],[79.96416123956861,18.773851130155613],[79.91403806652639,18.82383186836146],[79.96161194475977,18.866652142803474],[79.94038542204432,19.032037391999395],[79.92892380835107,19.04921837956617],[79.87111009977102,19.04104028515431],[79.85843685099898,19.102439061927505],[79.94567481382828,19.168960193957414],[79.92474865630277,19.227322259286982],[79.97962032393681,19.390348342436052],[79.9448249779251,19.469836369147387],[79.86459008970965,19.510534366045746],[79.8144702637902,19.575718199376293],[79.74308701865162,19.60864488485602],[79.6279276722636,19.573188126054543],[79.59616261589471,19.507294542598792],[79.53993624748975,19.554677500674686],[79.47143471244263,19.50020733401787],[79.36574060518294,19.57634521653074],[79.31394163306308,19.566433987494122],[79.30685155122404,19.59656895313506],[79.24356864676771,19.616700934593812],[79.24003494662952,19.535252557345654],[79.20386345616268,19.494095547816414],[79.22360154501256,19.469087369831705],[79.19032447939178,19.458996807751564],[79.09804768467416,19.532037229429893],[78.94045815048759,19.55187652924345],[78.97284907299635,19.582396174454786],[78.95557251984023,19.655798922139414],[78.85193531113772,19.658367321188422],[78.84097822095245,19.761895941179823],[78.74007261745075,19.7831375308366],[78.71917651845295,19.766652415214693],[78.55202364551575,19.82408619564798],[78.49025594561881,19.792685352906368],[78.47247690723214,19.817338805237387],[78.42297024347785,19.817626549040824],[78.38068973476857,19.880435170206926],[78.33210704038628,19.88489865218545],[78.33179769473841,19.91337198043792],[78.3070468925171,19.9142953535282],[78.28609454371116,19.84793494536905],[78.33643347142335,19.837921793075125],[78.36469360518414,19.781230751493847],[78.34315353809514,19.7132492448683],[78.27620594386082,19.692413735000816],[78.26266933864225,19.66506257222558],[78.30558703226406,19.607065746735564],[78.30370918860423,19.569319928489527],[78.27433136288211,19.553973618589428],[78.3043616475715,19.456136985714377],[78.1762120441342,19.412260825484054],[78.17217052906086,19.349297488460174],[78.19376108775703,19.31488523084009],[78.17534369574963,19.237577799498688],[78.0416374912572,19.243425469752474],[78.04253007349318,19.270600964672862],[77.945146306978,19.342448412850008],[77.86348409548907,19.304190823942523],[77.90758862619626,19.26822367103455],[77.8714304918811,19.25501521276371],[77.84774694570952,19.18958980241927],[77.83408920536982,19.134303196706465],[77.85042133631153,19.088552322020508],[77.80996087814825,19.104728733670992],[77.80037636341144,19.051116483833326],[77.76483920570611,19.062649625926344],[77.76202366641672,19.03184711277518],[77.77152465579842,18.979153957978948],[77.82178480665007,18.97850338404316],[77.81927650645925,18.945855703640717],[77.8586184498044,18.949107285092044],[77.84328134946524,18.90868968951171],[77.88541118644686,18.904197100855757],[77.94856250478209,18.82983473774414],[77.83998238000912,18.80481836672694],[77.7873168426605,18.68263678177876],[77.75353260260336,18.700988194218812],[77.7300034534729,18.66693297957918],[77.73852919854446,18.55678555697549],[77.65589090282064,18.53089476144628],[77.6479436233847,18.55492690476891],[77.59640042138915,18.548936219372774],[77.60315730281792,18.476842895464664],[77.54859521798697,18.46857593885767],[77.58532889302322,18.446787600640008],[77.52754815620739,18.442105722887067],[77.55678802315974,18.41713840122563],[77.52237379100059,18.346462106981654],[77.57142843597862,18.308825091465824],[77.55131208363058,18.291687018201866],[77.51258706459501,18.309551882714747],[77.51160783086672,18.282043256533203],[77.4650882810278,18.262530130476797],[77.43771647867509,18.31030735338345],[77.36584244347259,18.307118267146933],[77.41414725839478,18.393100107710712],[77.37288648395833,18.401095150939334],[77.36569022304937,18.45155595492161],[77.34527272397708,18.433603125002094],[77.31994013594687,18.45801896627803],[77.24182368268221,18.412599321358357],[77.246446244251,18.370758281530737],[77.19876781469495,18.315445435294922],[77.2130680930079,18.280313971317227],[77.17486727777155,18.284855365674105],[77.1515769754038,18.21703921465899],[77.09765435540956,18.19671808052649],[77.11159808699632,18.1558284777961],[77.06401365625331,18.150647089776275],[77.03323418380349,18.181987394899473],[77.00117076009786,18.160894272561208],[76.99066627618704,18.189982263902003],[76.95199218893312,18.188093787156273],[76.92055703795405,18.11817804525277],[76.9664063089454,18.098196682449682],[76.9452705744641,18.083196433872235],[76.95236137495533,18.04021542787541],[76.91437200247559,18.03535733684645],[76.90570041501933,18.009706069758323],[76.9190366114879,17.91595136819251],[76.80672608607222,17.870573232467258],[76.74002992579433,17.89969872048157],[76.73853967373859,17.85667967296103],[76.79045015732795,17.826332607914768],[76.76209500067472,17.787015961114392],[76.71414854707557,17.780938966971505],[76.72832736238232,17.7375602252923],[76.69970280546698,17.727248666911365],[76.69089645095517,17.68100491411407],[76.66424582150239,17.687560216355237],[76.61538970330383,17.77039541446388],[76.58208139876906,17.705681686448163],[76.5727922500977,17.760525752866126],[76.52333558208055,17.75979622685629],[76.52396159015429,17.715151537238143],[76.48728762613499,17.71476304336041],[76.48980813353221,17.66049929057734],[76.42925153062322,17.644953575490902],[76.41974485310915,17.603710737091728],[76.33134774466141,17.5974191763816],[76.36727903101115,17.519454525771295],[76.34582454911423,17.492531750970485],[76.37557562034533,17.490221865790037],[76.33074728647098,17.470195741001763],[76.33332206828108,17.433903631758852],[76.37156943511377,17.436426266859886],[76.36348513564754,17.377671421879462],[76.40917836837573,17.371391261964355],[76.38321760014541,17.314529891706837],[76.35406980242486,17.31432058967336],[76.34535788779885,17.354451739737204],[76.27641995208504,17.334577932048074],[76.24214758457052,17.378840266234825],[76.17037607049811,17.352627568882554],[76.17637572604127,17.30079147303118],[76.16267921531224,17.345223538045],[76.11901562625553,17.37050734122461],[76.07919254973577,17.331605893590375],[76.0605982507029,17.355310881382724],[76.01439609092522,17.35353636491916],[75.93088413687519,17.32257606986049],[75.89064751103295,17.35652512177732],[75.88425477158607,17.4179616328097],[75.8609445167375,17.385597383463313],[75.821507978098,17.42122452888658],[75.81372712144993,17.372762476167324],[75.79300780640847,17.369699885051137],[75.73366340541523,17.42009475617148],[75.69079862525861,17.409475372545643],[75.67594575279021,17.455944340166596],[75.63305039308301,17.477215271676645],[75.6135865311433,17.39191699853085],[75.57421335247741,17.383301038239985],[75.58091571964314,17.351225307128008],[75.61009501499251,17.345042745726683],[75.60380390554698,17.305506266632346],[75.65778441567312,17.263211275751605],[75.66197949864262,17.21458173920192],[75.6254445956259,17.174004921454],[75.65041406575367,17.115697723908784],[75.67235543722956,17.11600126676585],[75.67678162617892,17.065421945219992],[75.64106500394442,17.037587810788764],[75.66976010376241,17.038166691912593],[75.67038636695767,16.962059357375825],[75.60792949125288,16.971004225053708],[75.6069543035366,17.004572532388416],[75.57316451278932,17.00961304510774],[75.56771912316636,16.96575300868303],[75.48914572476443,16.944429972367253],[75.46562105912554,16.988371647266792],[75.42794719114328,16.966501391259413],[75.3922049552451,16.980097257392547],[75.27967408027672,16.956563008271107],[75.28210063377668,16.880298112742548],[75.21427366074444,16.841707203123164],[75.18191942992345,16.84341021044797],[75.18905951019453,16.875287753438705],[75.13655613133113,16.874495285507077],[75.0894080284913,16.951588448467632],[75.02530995322027,16.928008781753192],[74.99298475235602,16.952076488082035],[74.9644312908072,16.947639283613157],[74.96462042570037,16.926782663565803],[74.9317838651488,16.944761217490996],[74.92185239320153,16.929867836223547],[74.9636544636821,16.909717861354604],[74.96043647734881,16.880954131580335],[74.90159212625342,16.862557212080663],[74.91951971634371,16.772499550153782],[74.84989692751516,16.772763640007238],[74.6910979645121,16.715549942523104],[74.68962851923496,16.67703455540956],[74.65355656479656,16.638838756198954],[74.68705943723538,16.606797823400026],[74.64009205836271,16.610463448750462],[74.62871153918344,16.57774198130988],[74.56861576482868,16.553878924684625],[74.54456908189,16.63547774531673],[74.48911473641995,16.630153831111777],[74.46882403724497,16.663811479508198],[74.46679252238278,16.606831608134115],[74.39670788900541,16.58327688815846],[74.37991433212981,16.528602314958977],[74.35632896014066,16.5597569002143],[74.31579639600615,16.554464211647026],[74.3062253721683,16.503703081196292],[74.3014543577106,16.529279363712078],[74.26452621448331,16.540453684169524],[74.27829940181175,16.50492459777456],[74.24745636187745,16.49692331245357],[74.26085338776552,16.48010696915349],[74.29097797759343,16.504912200214886],[74.28935781926613,16.46298118420872],[74.33267346296553,16.45476966866298],[74.33513577031212,16.401419008876736],[74.36377531561796,16.405102978722034],[74.353490757255,16.366430893871946],[74.3359507300227,16.393753303457245],[74.31727417495418,16.38101560022987],[74.31668773227882,16.32657413555307],[74.34262864684305,16.2980403835765],[74.32501428132603,16.271769614162658],[74.35054041318084,16.275380109370058],[74.3456772917621,16.293775623515106],[74.37308848344342,16.261649322115026],[74.41447403297451,16.282664537935652],[74.41768966662003,16.25801444210456],[74.48055739670154,16.250139719976943],[74.5080722746279,16.20227309475201],[74.47990944458203,16.147140539802113],[74.48438141077999,16.091484493530952],[74.4276968665458,16.11198086477634],[74.36140634951761,16.053852330916623],[74.37347892360523,16.03646019416998],[74.4297715274911,16.059168002496875],[74.46329937219649,16.039208649707888],[74.38693204119792,15.905007900983756],[74.40623653302309,15.855403537443078],[74.36868165318839,15.894386389418216],[74.33827564992806,15.854945948953327],[74.38315140406961,15.849132113321799],[74.3584941416222,15.774861756551578],[74.24237576192172,15.743228053887709],[74.23356827732925,15.787022572696888],[74.20903439668953,15.78129726657468],[74.12223302766472,15.720760050431986],[74.12583775220253,15.680996462072484],[74.08812969344223,15.672285016301851],[74.11308477435576,15.646045585892717],[74.0211460057981,15.60612508840725],[73.96763194767988,15.630211484293076],[73.93869751241573,15.742677183994847],[73.87524066986583,15.750693010123202],[73.85770394034894,15.800415865228347],[73.82312287217688,15.73986471323988],[73.67538205174372,15.727022158467594],[73.58867796128104,15.90975293799237],[73.51044575739708,15.937335121082569],[73.483295167878,16.036238728820955],[73.45720701404885,16.053806191889993],[73.41169281286184,16.272680104309757],[73.4343205870463,16.284232539088364],[73.44306068002611,16.293124609892075],[73.44827494839785,16.3039074109572],[73.44929643169057,16.308965515936382],[73.41018842491677,16.27422150331609],[73.38536852338551,16.337115323641086],[73.38900483268868,16.360992197376348],[73.39766413298852,16.35435153143395],[73.43871807931392,16.371898487923588],[73.36821584161888,16.36393732463772],[73.40813606375005,16.40671155736466],[73.48156513301505,16.40920783570577],[73.48953367647208,16.41180274745126],[73.49204427365508,16.417749511270323],[73.49919348080944,16.418159751778646],[73.46457437437499,16.416176742872935],[73.47360292807066,16.428327572527177],[73.47405858232887,16.439162181583427],[73.46335383070353,16.41629979198425],[73.41610936468486,16.419940111795402],[73.36615303035046,16.396675011575443],[73.35577285081708,16.442153227217577],[73.36716527357221,16.436367193053073],[73.38560361069872,16.449250703823527],[73.3518747796266,16.44362831218325],[73.31582870744819,16.51285009831966],[73.31060356047836,16.541337316385203],[73.33378287239951,16.558965997257747],[73.31673309085204,16.601787480535975],[73.35164907072496,16.622953175394137],[73.3228232983725,16.636303504850027],[73.34466156750825,16.690734129666716],[73.30547514230169,16.73023971964475],[73.31852307568381,16.805545896808283],[73.29575001966339,16.816463467449207],[73.28623157691406,16.880244868490827],[73.30324780099576,16.89138115189605],[73.27676606290129,16.892019156307125],[73.29604329534915,16.98437252831449],[73.27152928903674,16.98657954151869],[73.28300986077572,17.013073371435034],[73.25564769015949,17.02709796873559],[73.28755908747802,17.0531155186954],[73.28956618702911,17.115258093665865],[73.26749898942971,17.11240464430335],[73.27653815222887,17.156660800630803],[73.23137473597377,17.198177781597032],[73.24763319248576,17.19547278504426],[73.25512073302394,17.201799170956125],[73.18978663970233,17.298775687107703],[73.24939242978199,17.28093475525053],[73.24424806561075,17.321617551796567],[73.21906474254644,17.3291785790219],[73.20746507216708,17.386122639249045],[73.16771630428764,17.40437055993622],[73.21164120248072,17.43752526786285],[73.18702118957488,17.44227938657178],[73.18496481653213,17.509903264696057],[73.13756628584895,17.556463931595047],[73.17705617363659,17.58256444369698],[73.13764004831359,17.61086607616417],[73.12686328234517,17.637552636727047],[73.14485623026228,17.638524997159806],[73.11476368423885,17.68442066282845],[73.14473954539507,17.722113677000948],[73.08897814498113,17.808267759257667],[73.05560727188849,17.931998605605376],[73.03012384055239,17.944042669658238],[73.04045327964526,17.97806690690028],[73.00274415997463,18.020908784305856],[73.01946254223398,18.02957896769237],[72.98980339830086,18.05630763041787],[72.97137311636749,18.131621297887826],[72.98360296659675,18.194788100808495],[72.93193682386635,18.219723222311266],[72.93558497027006,18.280995526811772],[72.96400044969292,18.280372577876445],[72.96938166816356,18.243335545777285],[73.01650132225669,18.244595638384613],[73.06776328868624,18.21248940026462],[73.05062897656886,18.18240523687543],[73.10516169098156,18.140359490319003],[73.05040150427428,18.296964112060916],[73.10270726635159,18.265415649785396],[73.08275286048635,18.311827745221585],[73.11300012245285,18.329513587887252],[73.0448252992847,18.313054791700523],[73.05313866286018,18.270441985022984],[73.02867455167357,18.264258534278635],[73.01582307625085,18.28546381618535],[72.99285086013872,18.273698650440505],[72.91211784711503,18.36202368327651],[72.92616304700644,18.386816019137278],[72.89591135634561,18.472172210104933],[72.90580956008465,18.54044425337201],[72.93371729553927,18.540489636637425],[72.86551360590776,18.651928367700364],[72.868382638974,18.79963494309449],[72.80358829389928,18.902985507397098],[72.82341957667168,18.941430120021472],[72.79258271175665,18.93957026024274],[72.83815066902856,19.048505557744335],[72.81814754303392,19.041612692088762],[72.8226872260346,19.11277873878167],[72.80218734965413,19.141763582449155],[72.78663332863175,19.129554885229087],[72.78164018146552,19.15842940591479],[72.79999732256847,19.32992005478903],[72.75797731451179,19.37518932023341],[72.75854573518589,19.383658645439198],[72.76972309946534,19.39512677728146],[72.7696518675549,19.406335932163188],[72.77434347812803,19.409917184022024],[72.77489697598865,19.412944024065272],[72.771381082256,19.417776982180726],[72.7623525141873,19.396884577104824],[72.74423945073693,19.461605848486045],[72.77277043733568,19.487553911150066],[72.7187314711391,19.53968728987554],[72.71610895105819,19.592691532131436],[72.78906432789404,19.59722678422171],[72.77250501750858,19.63566265343391],[72.7294434218631,19.601625299139936],[72.72553295122675,19.628714624720686],[72.74506198683864,19.618343779177337],[72.75382604507362,19.626546136307002],[72.74231384814506,19.65048485793636],[72.71844398599364,19.634640195035697],[72.69130217121828,19.795545204943604],[72.65471198228573,19.83534313834102],[72.68401143538922,19.868026957691406],[72.6987532114098,19.856496955568748],[72.70335783721565,19.877004767137674],[72.69545940008003,19.865135021130317],[72.6880516991094,19.875130595689612],[72.68066972319352,19.86607928070922],[72.68589509653879,19.909667986177507],[72.66372599315527,19.934216227381594],[72.68996142397864,19.958630179778595],[72.70356066333207,19.95842726344923],[72.7054553818445,19.966588373315275],[72.72043506229501,19.96825916253043],[72.73420573613728,19.90999673107393],[72.75053862525711,19.91668531296806],[72.75856201625209,19.881901259760983],[72.77515440799624,19.90033904632661],[72.77053959978664,19.95398095100196],[72.74694873010799,19.951943240115586],[72.77659958259103,19.961224973640405],[72.76575985011112,19.982164742958805],[72.71647127664657,19.973070526574215],[72.7082100683582,20.07170424551248],[72.73501776015351,20.092309747540032],[72.7374841683094,20.134820880059856],[72.79407408670652,20.12271981512372],[72.78900859821044,20.149088663789268],[72.8244112781178,20.142094214157858],[72.81602880984245,20.18420408987881],[72.8587285290572,20.224503405019195],[72.96265793187386,20.209681051219334],[72.97756909691935,20.179392552142797],[72.96148405837634,20.131217141517087],[72.97710738891445,20.112686394571604],[73.01146013947728,20.134606660107472],[73.00130682318067,20.11167468657601],[73.03961630851526,20.06708978826351],[73.06429430048615,20.098514077299093],[73.11202786773602,20.074188979057837],[73.13715059943438,20.08597017004738],[73.17887755458752,20.047146503428984],[73.21791234507242,20.1364082506165],[73.25327229122337,20.1256496685749],[73.29766856329377,20.20846182270534],[73.41679461485494,20.19831337870153],[73.41853277408134,20.330427471669672],[73.40618120213104,20.38436933745393],[73.38480110523122,20.371188631017922],[73.3798411310518,20.393403899615986],[73.4196420515234,20.41296386247838],[73.49385174688878,20.538177262691182],[73.47327455161351,20.58463174785935],[73.43100436724177,20.59413804100042],[73.39203804904275,20.64597471524699],[73.43369662263986,20.6680222958172],[73.44958930762603,20.717550110004144],[73.47470811009333,20.720303256407487],[73.48929291000961,20.655653388254127],[73.52065576187968,20.6787291541854],[73.59957363544699,20.636822127381755],[73.6523895777236,20.564480711486148],[73.74465241172338,20.56477050858162],[73.8383569555159,20.620546915945358],[73.81206128816115,20.6921959878511],[73.8552149584283,20.692207947952525],[73.87428570322662,20.729568879750744],[73.94158254447711,20.741332310857942],[73.94130362656458,20.84017542346384],[73.88804307122292,20.933436810927294],[73.90113548199136,20.982149278752022],[73.7999488989435,21.03856101620583],[73.80758399854682,21.08462894068041],[73.78014597328968,21.064328050337675],[73.72973581995522,21.082238481812706],[73.74356566043535,21.114985151990798],[73.68874073034893,21.100603117217563],[73.61823889509913,21.11827375309128],[73.57718906575266,21.170580222664967],[73.60650309851316,21.17867344636454],[73.63442271778067,21.140698349146973],[73.71877833540957,21.13956707014782],[73.7401388436463,21.17103658066059],[73.81568687517314,21.173883008836935],[73.82268567290788,21.2706689064637],[73.87942578512894,21.26577131146178],[73.94198602727857,21.299084561769558],[73.93874618134116,21.404840248528117],[74.04467272768063,21.4191228221404],[74.06309344704782,21.4745703988482],[74.1007077172009,21.447636949462662],[74.12522193910895,21.46658273203604],[74.20914123961447,21.46206071002264],[74.21420003925492,21.481613833686296],[74.25342143048555,21.467576950244634],[74.32064057914208,21.49843300242228],[74.33170849987384,21.54394860161596],[74.29491585313413,21.56901679899728],[74.26337465334082,21.539831355001276],[74.22898414928156,21.554097745638234],[74.19533874924147,21.531941740142273],[74.15771974317025,21.568696465257762],[74.13665391648264,21.546343325807573],[74.00522172436843,21.553386358223506],[73.97400697953587,21.542633126259382],[73.9823274928027,21.52182386844111],[73.95699064675803,21.54080482494859],[73.95180119434603,21.512619261480154],[73.90523612687166,21.524556964408486],[73.85198430495119,21.497825539987065],[73.81394999874097,21.600706424918542],[73.78018821387096,21.62815462825627],[73.88796121044602,21.653151282631512],[73.89168055462419,21.691708422256287],[73.82407719292742,21.760976788075766],[73.82696585957248,21.81014570559507],[73.79565065973497,21.824559993053878],[74.12826016896062,21.9497083899808],[74.19289645995266,21.925817706517332],[74.28099466836265,21.93296055507582],[74.38930188405402,22.03233702605432]]],[[[72.72884586073947,19.46570100108285],[72.73685380071157,19.465849870993967],[72.73284903481819,19.459169408366815],[72.72884586073947,19.46570100108285]]],[[[72.95265751063523,20.314489838098623],[72.98290113532313,20.32301406451874],[72.97154080577988,20.297102878711],[72.95265751063523,20.314489838098623]]]]}},{"type":"Feature","properties":{"name":"Ladakh"},"geometry":{"type":"Polygon","coordinates":[[[75.20883604644933,34.6362869602454],[75.25728991000011,34.68727675400015],[75.24458169400009,34.789922366000155],[75.14592708200007,34.8336628780001],[75.14524576500008,34.86473090600009],[75.0955096690002,34.9012494640001],[75.07002843600014,34.90233957000004],[75.07098227900008,34.82834861100014],[75.01388796600003,34.83761451300012],[74.9140069840002,34.77575098600016],[74.9010619720001,34.80695527600011],[74.79613924900002,34.844291414000054],[74.74095262200012,34.83012003300013],[74.6649177130002,34.90193078000016],[74.57616138718748,34.89933463448614],[74.58728025821796,35.00956992126686],[74.53540800872378,35.03146096222798],[74.54159460727067,35.066676985008314],[74.4982884174413,35.10665193004428],[74.43975367609858,35.11807334325272],[74.38026715084766,35.05763503352745],[74.30840742850245,35.060014494203756],[74.26867043034991,35.03503015374844],[74.22227094034878,35.08618856542637],[74.15207684096578,35.09332694843391],[74.11333918532915,35.15138324230884],[74.03821876535221,35.146951382629936],[73.99893740438984,35.18387421107758],[73.95836018769751,35.17390143789862],[73.9164302007137,35.21169004969971],[73.86437019434192,35.21027230650117],[73.795584221235,35.24500785434225],[73.72563748913512,35.21844695622326],[73.69963230101058,35.35783451711586],[73.73808742660913,35.42738771447813],[73.79431142346169,35.45961367964867],[73.78408143775209,35.52511074228187],[73.63464969779858,35.571282464407886],[73.40604789214291,35.56344834509724],[73.36666132049447,35.60492161754041],[73.27197087927084,35.62918718908827],[73.13550771552718,35.718601670397106],[73.15343719207954,35.841083035364875],[73.09968310860887,35.87763875306507],[72.92868797950484,35.8449476984469],[72.9009113127417,35.8810723907024],[72.82951819242322,35.886761954404506],[72.77658910733652,35.8434280829793],[72.73685328597696,35.8581993603226],[72.6904512133193,35.83227941917471],[72.60091025037588,35.87047591309448],[72.52936520607835,35.92593724440246],[72.55543799063122,35.99606092692818],[72.5953460819128,36.026732518582435],[72.5303944499168,36.07403567774418],[72.57313044489928,36.15033814118192],[72.55086561524251,36.18053462097515],[72.55980347951856,36.21175712763261],[72.62611274618331,36.27472843131113],[72.69327680565505,36.249467384457546],[72.69169199064424,36.27501936636031],[72.86566096464878,36.37283063626961],[72.88937746910972,36.397194654096495],[72.87874630387927,36.44268953588613],[72.99131864867428,36.457465200246645],[72.99525990996534,36.51426291726068],[73.0607603551079,36.537097069565675],[73.11172082447035,36.609445528791355],[73.08467135021789,36.69906810191361],[73.12572669432177,36.685965914834355],[73.18863682129142,36.721183144439976],[73.21419123211138,36.69933344090248],[73.31395776374814,36.705767305443885],[73.44075591831586,36.74446540809902],[73.54311511991466,36.708705474345436],[73.59941235102264,36.71967921206806],[73.6323557850418,36.68942434611438],[73.69975314507764,36.684223834768204],[73.72424673088699,36.70935770912257],[73.80821918740287,36.716066845282285],[73.8967088178332,36.70221969914445],[73.90441753167909,36.735344519923046],[73.86891885241062,36.78155775976256],[73.72368109858348,36.8333386385944],[73.68060306107338,36.88490634994116],[73.69278008048235,36.91289189383002],[73.87791873996724,36.893743473631616],[74.05491528351581,36.80576646727178],[74.09180447489422,36.83793696293969],[74.14184247057943,36.83945277860062],[74.168209487524,36.901889586038465],[74.26047305724387,36.885916134331296],[74.42898651312049,36.989378909584445],[74.531272425667,36.98619268926967],[74.57774904322184,36.94794446668641],[74.5808969654546,37.04278410888929],[74.6929573271317,37.07719207636342],[74.74906824225963,37.01107895191461],[74.83908708827306,37.02164806322554],[74.92118512550678,36.90544706755952],[75.01774262881014,36.97572748435334],[75.09495242234016,36.94215044647791],[75.15006786130118,36.966456844516586],[75.20793837484825,37.03616258544895],[75.33184960101084,37.054633726041516],[75.3536180602693,36.977172273241706],[75.42486829725368,36.955118268463195],[75.41314024863715,36.89126272137145],[75.44298571753325,36.88660913236026],[75.47315473534019,36.81013151336168],[75.61540456676823,36.7609851934875],[75.76827272829803,36.57273425076846],[75.92225046461226,36.50185935252091],[76.07615817185996,36.47369102143796],[76.25360852901889,36.347223921787645],[76.35124351119993,36.35930296302456],[76.43082934416464,36.30759691466818],[76.44886007971428,36.268845575274156],[76.43207227654801,36.25060267073371],[76.5617831043383,36.17251294752435],[76.64324790026376,36.18347969333627],[76.71841869776182,36.08266725407714],[76.80063375313796,36.04732174618687],[76.8065432330979,36.01812770740645],[76.76848663070223,36.008902822147775],[76.72156176729538,35.95290000982175],[76.81057292544375,35.844282838768265],[76.93398979792585,35.78354358802392],[77.0194182070232,35.774131709402866],[77.11441028185789,35.79726917215572],[77.16296143728886,35.76623157953384],[77.166018578474,35.73407384486529],[77.22691523234556,35.71198153770206],[77.27626794462299,35.71990231530157],[77.31392167776653,35.69862625820855],[77.35714991269384,35.71721862573946],[77.42974778969091,35.65408769117357],[77.42584026193549,35.6100536029536],[77.48529310934651,35.53152461826511],[77.43399277048127,35.51690352110364],[77.37710499768536,35.54986146864951],[77.320946188878,35.53631550037517],[77.38063684190422,35.4760501322084],[77.44354831814337,35.46085460608941],[77.51115796894555,35.48813977162433],[77.72162858943659,35.47505256340679],[77.73225591167426,35.524069416455234],[77.77146559606001,35.49487477890051],[77.8171374776307,35.51246309615573],[77.89992597795822,35.46758368922383],[77.92068195504305,35.49397865535019],[77.98117736381647,35.455394500132],[77.92987119668175,35.515279440279016],[77.96538866511264,35.57111806571265],[77.95111683824138,35.60649644882568],[78.13592942275284,35.53839629949431],[78.15527583266407,35.55155450081571],[78.16080653888281,35.62890287304646],[78.18468679454207,35.62355271354414],[78.19826723035993,35.66867811740326],[78.25367090186478,35.645155329269755],[78.2719359674478,35.72147056212111],[78.38468117056158,35.73502495980199],[78.4217956746844,35.78483412847868],[78.51983154802713,35.763286139728564],[78.66349658535376,35.85689939899828],[78.82228122471975,35.85534867659459],[78.95901018827806,35.892108654249],[79.02013694471134,35.84826930501106],[79.1310174339414,35.83574111923929],[79.19252423972364,35.88644436463886],[79.18828420865054,35.946710702133714],[79.21393485329196,35.97829497041482],[79.37652229841069,35.994803571121906],[79.42051181152391,35.89605299389126],[79.51680708581597,35.88304172302577],[79.73594290404662,35.80154642533654],[79.8694810157831,35.7825690325634],[79.92836821921247,35.82698738085247],[79.99754845930454,35.837291046772805],[80.10646164614712,35.68047974269575],[80.28983988884795,35.606981920862324],[80.32697716795815,35.4721490633346],[80.2794162066001,35.44043594285415],[80.269264908818,35.34381345078498],[80.18189177469128,35.16632600868081],[80.17311279274458,35.00193775171289],[80.07152084582293,34.82805157669344],[80.06741194003524,34.71440564394709],[79.94295032238631,34.68069216402074],[79.85906556210347,34.688380694063085],[79.77432310925207,34.627223293237535],[79.79142428072191,34.58927234464295],[79.75687486019723,34.55435064795745],[79.80869781194542,34.530945914318124],[79.7924421572788,34.48469555090901],[79.66044309588091,34.47931300450131],[79.5916873717444,34.50046111655843],[79.50695763634235,34.473916224636184],[79.52658342949348,34.41762754459626],[79.55964913679924,34.40965332377982],[79.5580095784552,34.332081847827965],[79.59059971046304,34.28130576676165],[79.57763156544439,34.22881612543438],[79.50953922648398,34.210153065240945],[79.49319178645317,34.13554270224341],[79.41881062246301,34.07779609412074],[79.43220147602676,34.022650096971915],[79.19654427068866,34.05090669817548],[79.16972909952028,34.07252984021028],[79.11108511585218,34.01938091444032],[79.02088331715163,34.050565309293006],[78.95054137034424,34.02852963952802],[78.90478267468637,33.97722438549886],[79.01526866067462,33.77837760448824],[79.0587782982546,33.7800029353711],[79.06699950995335,33.756124674774185],[79.01903846951058,33.705426280037614],[79.05247325144745,33.67783184821343],[79.08967503049337,33.686689887989985],[79.10557909803254,33.61658114594724],[78.98843929702304,33.61088140088623],[78.91524188260854,33.63202756385641],[78.95219596828304,33.380832556859275],[78.98848995302188,33.33256884326522],[79.0958322442491,33.29431805426947],[79.23911618479121,33.29753053037501],[79.45189538303595,33.26012046744631],[79.44512304070281,33.205555680022144],[79.37586627941994,33.08448070207521],[79.39223680435697,33.03593243083674],[79.33045349263858,33.01181546734648],[79.4207803458101,32.96129252053555],[79.62565211388483,32.73912319665112],[79.44660030671292,32.53230471134634],[79.40529662334859,32.52947096718151],[79.39300776458492,32.572093051514855],[79.31923253311845,32.59250961086184],[79.23630388752184,32.505646104837524],[79.13593242228802,32.47673371928164],[79.14283871331139,32.42252599068968],[79.11360967195662,32.38401741778415],[79.0322655314518,32.38570103988047],[78.98394658872519,32.337822425423894],[78.85741445226262,32.44043077572934],[78.8257763754541,32.438489310827435],[78.77533241222733,32.558134650456566],[78.79566051275907,32.5981390600046],[78.76122695244828,32.654847928454615],[78.76768600732606,32.69681265420138],[78.72161374034522,32.66095732026213],[78.66088379582413,32.65379469465398],[78.619496875464,32.596482024749434],[78.5719710633864,32.617377225841665],[78.45844213318793,32.579780100465484],[78.42660844463302,32.531601610423934],[78.32643879760599,32.472019205626964],[78.2946013684662,32.504086889796156],[78.31284689659009,32.573714294305034],[78.40517148886732,32.61942185163838],[78.37958866613155,32.668253337800024],[78.38771674139986,32.75693213546185],[78.30419657315497,32.7342221181687],[78.31222449076068,32.70916789968231],[78.24593969600079,32.67183264389331],[78.14265494219842,32.68181672487856],[78.14731007578098,32.65405983969339],[78.11058492485853,32.662603320146445],[78.08723604784268,32.62436355415525],[78.04682272158743,32.64500826559322],[78.01667880540452,32.619503986136465],[77.91897608755613,32.690018287596615],[77.92588317448696,32.771944680192064],[77.88408599263806,32.78770731697347],[77.86926402131718,32.82702101338185],[77.78541531940976,32.860507548846726],[77.81088053830194,32.90676633079022],[77.7130520185845,32.98256852095426],[77.68236301906029,32.98868051464217],[77.67366567510805,32.96092681889769],[77.60233069555147,32.94282891421898],[77.46900668199152,32.858448116749685],[77.40531228984622,32.883165507857086],[77.34995910455876,32.815506198135836],[77.32143814585345,32.85190204564725],[77.2543511169174,32.86387496950903],[77.18826319783352,32.92882349160783],[77.17022227179547,32.91075598521837],[77.15714331509503,32.91169024383106],[77.14972556197625,32.978146032108725],[76.96554497999654,33.00407631551133],[76.88517123559438,33.121646101087606],[76.8552895565075,33.114294410934235],[76.817544542853,33.158377559570965],[76.8431598289065,33.246871653589835],[76.73697224831517,33.261204626562574],[76.71768889205191,33.32874390928538],[76.6706270086147,33.342021805217826],[76.62631325578627,33.436798888750445],[76.581567504036,33.42604534680498],[76.5693064669951,33.4663465855935],[76.45912596300082,33.53399215073222],[76.44991033604543,33.56309715096825],[76.42636340925566,33.53738168658401],[76.38023595158029,33.55262957453289],[76.3571858308718,33.60455288396844],[76.30646855611803,33.60965155003413],[76.30974540456037,33.5715663214915],[76.24570421690134,33.54563146039493],[76.20545304463963,33.56780754255345],[76.2402987466129,33.60493870635918],[76.22985723550187,33.63077425138408],[76.28447828844293,33.66133193881592],[76.26542427746165,33.74647749401953],[76.16190607700008,33.79996965700008],[76.13739961700014,33.87613385200018],[76.03342615800011,33.91957066100014],[76.04935701900013,33.93536431400014],[76.02455104600017,33.98061040800013],[75.96581050300011,33.95362150900007],[75.83255281800012,33.95689589799997],[75.8197529360001,33.97039034699998],[75.84356667000014,34.00372957400009],[75.7376947790001,34.056615908000026],[75.66853572700018,34.14482594600008],[75.68718981900014,34.19741460800009],[75.5992774520002,34.195430130000034],[75.49711334026188,34.23340097029404],[75.47435319752356,34.28094312281712],[75.39530355637544,34.29298436387256],[75.37186249600018,34.41301571900004],[75.32860708200008,34.43735658000003],[75.36333544300015,34.53813084300003],[75.25397831300012,34.60294264800018],[75.24519699900009,34.63487413700017],[75.20883604644933,34.6362869602454]]]}}],"properties":{"source":"datameet/maps States/Admin2.shp (ST_NM)","license_note":"See datameet/maps repository for original license; simplified for web display (tolerance 0.015 deg).","retrieved":"2026-10-06"}}